IR_PARAMETER_DESC,PARENT_CATEGORY,SUB_CATEGORY
Indicator Bacteria,Pathogens,Pathogens
Aluminum,Metals,Aluminum
"Oxygen, Dissolved",Uncategorized,Uncategorized
Mercury,Metals,Mercury
Sedimentation/Siltation,Solids,Suspended Solids
Dioxin Toxic Equivalents,Toxic Organics,Toxic Organics
PCBs (Polychlorinated biphenyls),Inorganics,Disinfectants
Sediment,Solids,Suspended Solids
pH,pH,pH
"Temperature, water",Temperature,Temperature
Turbidity,Color and Turbidity,Turbidity
Specific Conductivity,Solids,Dissolved Solids
Diazinon,Toxic Organics,Toxic Organics
Phosphorus,Nutrients,Phosphorus
Manganese,Metals,Manganese
Cyanobacteria hepatotoxic microcystins,Metals,Tin
Nutrients,Nutrients,Algae and other Nutrient-related
Organic Enrichment/Low Dissolved Oxygen,Nutrients,Dissolved Oxygen
Invasive Species,Other,Other
Total Dissolved Solids,Solids,Dissolved Solids
Arsenic,Metals,Arsenic
Biostimulatory Conditions,Other,Other
Nickel,Metals,Nickel
Copper,Metals,Copper
Boron,Inorganics,Toxic Inorganics
pH (high),pH,pH
Eutrophication,pH,pH
Chlordane,Toxic Organics,Toxic Organics
DDT (Dichlorodiphenyltrichloroethane),Toxic Organics,Toxic Organics
Dieldrin,Toxic Organics,Toxic Organics
"Dioxin compounds (including 2,3,7,8-TCDD)",Toxic Organics,Toxic Organics
Furan Compounds,Toxic Organics,Toxic Organics
PAHs (Polycyclic Aromatic Hydrocarbons),Toxic Organics,Toxic Organics
Selenium,Metals,Selenium
Toxicity,Aquatic Toxicity,Aquatic Toxicity
Ammonia,Nutrients,Nitrogen
Hydrogen Sulfide,Inorganics,Toxic Inorganics
Trash,Other,Other
Lead,Metals,Lead
Silver,Metals,Silver
Zinc,Metals,Zinc
"Total DDT (sum of 4,4'- and 2,4'- isomers of DDT, DDE, and DDD)",Toxic Organics,Toxic Organics
Heptachlor epoxide,Toxic Organics,Toxic Organics
Toxaphene,Toxic Organics,Toxic Organics
Salinity/TDS/Chlorides,Solids,Dissolved Solids
PCBs (Polychlorinated biphenyls) (sediment),Inorganics,Disinfectants
Chloride,Solids,Dissolved Solids
PCBs (Polychlorinated biphenyls) (dioxin-like),Inorganics,Disinfectants
Fipronil,Toxic Organics,Toxic Organics
Bifenthrin,Toxic Organics,Toxic Organics
Cypermethrin,Toxic Organics,Toxic Organics
Pyrethroids,Toxic Organics,Toxic Organics
Deltamethrin,Toxic Organics,Toxic Organics
Cyfluthrin,Toxic Organics,Toxic Organics
Imidacloprid,Toxic Organics,Toxic Organics
Mercury (sediment),Metals,Mercury
Dacthal,Toxic Organics,Toxic Organics
Escherichia coli (E. coli),Pathogens,Pathogens
Benthic Community Effects,Other,Other
Nitrate,Nutrients,Nitrogen
Fecal Coliform,Toxic Organics,Toxic Organics
Sodium,Solids,Dissolved Solids
Chlorophyll-a,Nutrients,Algae and other Nutrient-related
DDD (Dichlorodiphenyldichloroethane),Toxic Organics,Toxic Organics
DDE (Dichlorodiphenyldichloroethylene),Toxic Organics,Toxic Organics
Dimethoate,Toxic Organics,Toxic Organics
Malathion,Toxic Organics,Toxic Organics
Total Coliform,Toxic Organics,Toxic Organics
Carbaryl,Toxic Organics,Toxic Organics
Enterococcus,Pathogens,Pathogens
Chromium,Metals,Chromium
Chlorpyrifos,Toxic Organics,Toxic Organics
"Cyhalothrin, Lambda",Toxic Organics,Toxic Organics
Endrin,Toxic Organics,Toxic Organics
Microcystins,Metals,Tin
Scum/Foam-unnatural,Other,Other
Bensulide,Toxic Organics,Toxic Organics
Methomyl,Toxic Organics,Toxic Organics
Oxyfluorfen,Toxic Organics,Toxic Organics
Cadmium,Metals,Cadmium
Molybdenum,Metals,Molybdenum
Linuron,Toxic Organics,Toxic Organics
Organophosphate Pesticides,Toxic Organics,Toxic Organics
Priority Organics,Organics,Other Organics
Pesticides,Toxic Organics,Toxic Organics
Metals,Metals,Other Metals
Anatoxin-A,Toxic Organics,Toxic Organics
Clothianidin,Toxic Organics,Toxic Organics
Prometryn,Toxic Organics,Toxic Organics
Permethrin,Toxic Organics,Toxic Organics
Disulfoton,Toxic Organics,Toxic Organics
Thiamethoxam,Toxic Organics,Toxic Organics
Fenpropathrin,Toxic Organics,Toxic Organics
Cyanide,Inorganics,Toxic Inorganics
Iron,Metals,Iron
Sulfates,Solids,Dissolved Solids
PCBs (Polychlorinated biphenyls) (tissue),Other,Other
Dieldrin (sediment),Toxic Organics,Toxic Organics
Toxaphene (tissue),Other,Other
Coliform Bacteria,Toxic Organics,Toxic Organics
Chlordane (tissue),Other,Other
DDT (tissue & sediment),Other,Other
Endosulfan (tissue),Other,Other
Toxaphene (tissue & sediment),Other,Other
DDT (tissue),Other,Other
Endosulfan,Toxic Organics,Toxic Organics
Chlordane (tissue & sediment),Other,Other
Chlorpyrifos (tissue),Other,Other
Dieldrin (tissue),Other,Other
Endosulfan (tissue & sediment),Other,Other
Lindane/gamma Hexachlorocyclohexane (gamma-HCH),Other,Radiation
"Nitrogen, Nitrate",Nutrients,Nitrogen
"Copper, Dissolved",Metals,Copper
Benzo(a)anthracene,Toxic Organics,Toxic Organics
Benzo(a)pyrene,Toxic Organics,Toxic Organics
Chrysene (C1-C4),Toxic Organics,Toxic Organics
Phenanthrene,Toxic Organics,Toxic Organics
Pyrene,Toxic Organics,Toxic Organics
Odor,Other,Other
"Dibenz[a,h]anthracene",Toxic Organics,Toxic Organics
2-Methylnaphthalene,Toxic Organics,Toxic Organics
Cadmium (sediment),Metals,Cadmium
Copper (sediment),Metals,Copper
Lead (sediment),Metals,Lead
PCBs (Polychlorinated biphenyls) (tissue & sediment),Other,Other
Zinc (sediment),Metals,Zinc
DDT (sediment),Toxic Organics,Toxic Organics
Nitrogen,Nutrients,Nitrogen
Esfenvalerate/Fenvalerate,Toxic Organics,Toxic Organics
Fipronil Sulfone,Toxic Organics,Toxic Organics
Chlorine,Inorganics,Disinfectants
Oil and Grease,Other,Fuel
Eutrophic,Nutrients,Algae and other Nutrient-related
Algae,Nutrients,Algae and other Nutrient-related
alpha-Endosulfan (Endosulfan 1),Other,Other
Profenofos,Toxic Organics,Toxic Organics
Oil,Other,Fuel
Bis(2ethylhexyl)phthalate (DEHP),Toxic Organics,Toxic Organics
Fish Barriers (Fish Passage),Other,Other
Specific Conductance,Solids,Dissolved Solids
Dioxin,Toxic Organics,Toxic Organics
Sodium Adsorption Ratio (SAR),Solids,Dissolved Solids
Viruses (enteric),Pathogens,Pathogens
Exotic Vegetation,Other,Other
Habitat alterations,Other,Other
Reduced Tidal Flushing,Other,Other
Nitrate and Nitrite,Nutrients,Nitrogen
ChemA (tissue),Other,Other
"Nitrogen, Nitrite",Nutrients,Nitrogen
ChemA,Toxic Organics,Toxic Organics
Nitrate as Nitrate (NO3),Nutrients,Nitrogen
Nitrate/Nitrite (Nitrite + Nitrate as N),Nutrients,Nitrogen
Lindane/gamma-Hexachlorocyclohexane (gamma-HCH) (tissue),Other,Other
"Selenium, Total",Metals,Selenium
Nutrients (Algae),Nutrients,Algae and other Nutrient-related
"Zinc, Dissolved",Metals,Zinc
Swimming Restrictions,Other,Other
Pathogens,Pathogens,Pathogens
Low Dissolved Oxygen,Nutrients,Dissolved Oxygen
Azinphos-methyl (Guthion),Toxic Organics,Toxic Organics
Salinity,Solids,Dissolved Solids
Electrical Conductivity,Solids,Dissolved Solids
Group A Pesticides,Toxic Organics,Toxic Organics
Trifluralin,Toxic Organics,Toxic Organics
Alkalinity as CaCO3,pH,alkalinity
Metolachlor,Toxic Organics,Toxic Organics
alpha.-BHC (Benzenehexachloride or alpha-HCH),Other,Other
Diuron,Toxic Organics,Toxic Organics
Simazine,Toxic Organics,Toxic Organics
cis-permethrin,Toxic Organics,Toxic Organics
Benzo[b]fluoranthene,Toxic Organics,Toxic Organics
pH (low),pH,pH
"Nitrogen, ammonia (Total Ammonia)",Nutrients,Nitrogen
Benzo[k]fluoranthene,Toxic Organics,Toxic Organics
"Indeno[1,2,3-cd]pyrene",Toxic Organics,Toxic Organics
"Ammonia as N, Total",Nutrients,Nitrogen
Hexachlorobenzene/ HCB,Toxic Organics,Toxic Organics
Paraquat,Toxic Organics,Toxic Organics
Acid Mine Drainage,Uncategorized,Uncategorized
"BOD, Biochemical oxygen demand",Organics,COD
Ammonia (Unionized),Nutrients,Nitrogen
Pentachlorophenol (PCP),Toxic Organics,Toxic Organics
Methyl Parathion,Toxic Organics,Toxic Organics
Fluoride,Solids,Dissolved Solids
Unknown Toxicity,Aquatic Toxicity,Aquatic Toxicity
Total Kjeldahl Nitrogen (TKN),Nutrients,Nitrogen
Phosphate,Nutrients,Phosphorus
Trace Elements,Other,Other
Total Nitrogen as N,Nutrients,Nitrogen
Total Petroleum Hydrocarbons,Other,Fuel
Naphthalene,Toxic Organics,Toxic Organics
Chemical oxygen demand (COD),Organics,COD
Total Suspended Solids (TSS),Solids,Suspended Solids
Noxious aquatic plants,Other,Other
Color,Color and Turbidity,Color
Ammonia as Nitrogen,Nutrients,Nitrogen
Sediment Toxicity,Solids,Suspended Solids
Perchlorate,Toxic Organics,Toxic Organics
Dichlorvos,Toxic Organics,Toxic Organics
"1,4-Dioxane",Toxic Organics,Toxic Organics
Tetrachloroethylene/PCE,Toxic Organics,Toxic Organics
Trichloroethylene/TCE,Toxic Organics,Toxic Organics
Fenpyroximate,Toxic Organics,Toxic Organics
Solids,Solids,Suspended Solids
Surfactants (MBAS),Toxic Organics,Toxic Organics
Synthetic Organics,Organics,Other Organics
Thallium,Metals,Thallium
PAHs (Polycyclic Aromatic Hydrocarbons) (sediment),Toxic Organics,Toxic Organics
Pesticides (sediment),Toxic Organics,Toxic Organics
"Permethrin, total",Toxic Organics,Toxic Organics
Mercury (tissue),Metals,Mercury
Chlordane (sediment),Toxic Organics,Toxic Organics
Propanil (DCPA mono- and di-acid degrad),Toxic Organics,Toxic Organics
Aldicarb,Toxic Organics,Toxic Organics
"Produced water, gross alpha radiation",Other,Other
"Produced water, gross beta radiation",Other,Other
"Produced water, toxicity",Aquatic Toxicity,Aquatic Toxicity
"Produced water, Radium 226, total",Other,Radiation
"Produced water, Radium 228, total",Other,Radiation
Produced water toxicity 7 day noec,Aquatic Toxicity,Aquatic Toxicity
Bioaccumulation testing performed,Metals,Tin
"Butyl, 5-benzotriazole, total",Toxic Organics,Toxic Organics
"Chromium, trivalent total recoverable",Metals,Chromium
"Chronic toxicity, daphnia magnia 21 dy",Aquatic Toxicity,Aquatic Toxicity
"Seafood production, effluent # day/mo",Other,Other
"RCRA/CERCLA substances, 40 CFR 261 subp c",Uncategorized,Uncategorized
"Bisazer, total, water, ug/L",Uncategorized,Uncategorized
Dicrotophos,Uncategorized,Uncategorized
"Drilling fluid, end of well, 96-hr LC50",Other,Other
"Drilling fluid, toxicity",Other,Other
"Sum BOD and ammonia, water",Organics,COD
"Well fluids, oil & grease",Other,Fuel
"1,2-Dichloro-1,2-difluoroethane",Toxic Organics,Toxic Organics
Thermal efficiency,Temperature,Temperature
Diquat,Uncategorized,Uncategorized
"Organics, gasoline range",Other,Fuel
"Gamma, total",Other,Radiation
"Gamma, total counting error",Other,Radiation
"Tritium, total",Other,Radiation
"Tritium, total counting error [pc/L]",Other,Radiation
"Tritium, total net increase H-3 units",Other,Radiation
"Radium 226, total",Other,Radiation
"Radium 226, dissolved",Other,Radiation
"Manganese, total recoverable",Metals,Manganese
"Radium 226 & 228, dissolved",Other,Radiation
"Radium 228, total",Other,Radiation
"Radium 226 + radium 228, total",Other,Radiation
"Strontium 90, total",Other,Radiation
"Lead 210, total",Metals,Lead
Iodine 129,Uncategorized,Uncategorized
Total polonium,Uncategorized,Uncategorized
Polonium 210,Uncategorized,Uncategorized
"Radium 223, total",Other,Radiation
"Technetium 99, total [14]",Uncategorized,Uncategorized
"Aluminum chloride, dissolved, water",Metals,Aluminum
Octachlorostyrene,Toxic Organics,Toxic Organics
"Tris[2,3-dibromo- propyl] phosphate",Toxic Organics,Toxic Organics
Whole effluent toxicity,Aquatic Toxicity,Aquatic Toxicity
Whole effluent toxicity - retest #1,Aquatic Toxicity,Aquatic Toxicity
Whole effluent toxicity - retest #2,Aquatic Toxicity,Aquatic Toxicity
Methyl tert-butyl ether [MTBE],Toxic Organics,Toxic Organics
"WET, sublethal retest #1",Uncategorized,Uncategorized
"WET, sublethal retest #2",Uncategorized,Uncategorized
Methoxypropylamine,Toxic Organics,Toxic Organics
Polynuclear Aromatic Hydrocarbons [PAHs],Toxic Organics,Toxic Organics
Thorium [Thorium-232],Metals,Thorium
"Uranium 238, total",Metals,Uranium
"Uranium 235, total",Metals,Uranium
"Arsenic, trivalent dissolved",Metals,Arsenic
"Uranium, dissolved",Metals,Uranium
"Uranium, total as U3O8",Metals,Uranium
"Uranium, total",Metals,Uranium
"Radium 224, total",Other,Radiation
Actinium 227,Metals,Tin
Thorium 230,Metals,Thorium
Thorium 232 pci/g of dry solids,Metals,Thorium
"Uranium, total [in pci/L]",Metals,Uranium
"Cerium, total",Uncategorized,Uncategorized
"Chromium, trivalent in bottom deposits",Metals,Chromium
"Chromium, hexavalent in bot dep [dry wt]",Metals,Chromium
"Phosphorous 32, total",Uncategorized,Uncategorized
Fensulfothion,Uncategorized,Uncategorized
Fenthion,Uncategorized,Uncategorized
Merphos,Uncategorized,Uncategorized
Benzyl chloride,Toxic Organics,Toxic Organics
Dichloroprop,Uncategorized,Uncategorized
Dinoseb,Uncategorized,Uncategorized
MCPA,Uncategorized,Uncategorized
MCPP,Uncategorized,Uncategorized
Terbacil,Toxic Organics,Toxic Organics
Hexazinone,Toxic Organics,Toxic Organics
Bromacil,Toxic Organics,Toxic Organics
"1,2,3,7,8-Pentachlorodibenzo-p-dioxin",Toxic Organics,Toxic Organics
"1,2,3,4,7,8-Hexachlorodibenzo-p-dioxin",Toxic Organics,Toxic Organics
"1,2,3,6,7,8-Hexachlorodibenzo-p-dioxin",Toxic Organics,Toxic Organics
4-Bromophenyl phenyl ether,Toxic Organics,Toxic Organics
Dewatering effluent chlorides tidal,Other,Other
Dewatering effluent COD,Organics,COD
Dewatering effluent free oil,Other,Fuel
Dewatering effluent oil & grease,Other,Fuel
Dewatering effluent pH,pH,pH
Dewatering effluent TDS,Solids,Dissolved Solids
Dewatering effluent TSS,Solids,Suspended Solids
"Flow, as a portion of stream flow",Flow,Flow
Acetonitrile,Toxic Organics,Toxic Organics
Total Organic Carbon % Removal,Organics,Other Organics
"Oil & grease, non-polar material",Other,Fuel
"Flow, return factor",Flow,Flow
Endothall,Nutrients,Dissolved Oxygen
Sulfide-hydrogen sulfide [undissociated],Inorganics,Toxic Inorganics
2-Chlorobenzene,Toxic Organics,Toxic Organics
Di[2-ethylhexyl] phthalate [DEHP],Toxic Organics,Toxic Organics
Octylphenol,Toxic Organics,Toxic Organics
p-Phenolsulfonic acid,Toxic Organics,Toxic Organics
m-Benzenedisulfonic acid,Toxic Organics,Toxic Organics
Area of disposal-used,Uncategorized,Uncategorized
Bicarbonate as [CaCO3],Organics,COD
Thionazin,Uncategorized,Uncategorized
Leptophos,Uncategorized,Uncategorized
Fenitrothion,Uncategorized,Uncategorized
Aspon,Uncategorized,Uncategorized
Monocrotophos,Uncategorized,Uncategorized
Dichlofenthion,Uncategorized,Uncategorized
DMR submitted,Uncategorized,Uncategorized
"Zinc, percent removal",Metals,Zinc
"Copper, percent removal",Metals,Copper
"Cadmium, percent removal",Metals,Cadmium
"Solids, total suspd. non-volatile",Toxic Organics,Toxic Organics
Excess thermal load,Temperature,Temperature
Carbonate ion [as CaCO3],Organics,COD
Rainfall events,Other,Other
"Flow, total",Flow,Flow
Azide,Uncategorized,Uncategorized
Ethoxyquin,Uncategorized,Uncategorized
Freeboard,Uncategorized,Uncategorized
Furans,Toxic Organics,Toxic Organics
"Halogens, total combined",Uncategorized,Uncategorized
Infiltration capacity,Uncategorized,Uncategorized
Mix ratio,Uncategorized,Uncategorized
Moisture content,Uncategorized,Uncategorized
Number of operating tubes,Metals,Tin
Octachlorodibenzo-p-dioxin,Toxic Organics,Toxic Organics
Octachlorodibenzofuran,Toxic Organics,Toxic Organics
Oil & grease [polar],Other,Fuel
"Organics, total halogens [TOX]",Organics,Other Organics
"Pentachlorophenol, removal efficiency",Toxic Organics,Toxic Organics
"Pressure, casing",Uncategorized,Uncategorized
Rovral,Uncategorized,Uncategorized
"Solids, total suspended, loading rate",Solids,Suspended Solids
"Solids, total dissolved [inorganic]",Solids,Suspended Solids
SOPP,Solids,Dissolved Solids
"SOPP, loading rate",Solids,Dissolved Solids
Tebuconazole,Toxic Organics,Toxic Organics
Technetium-99,Uncategorized,Uncategorized
"Temperature, background",Temperature,Temperature
Tetramethyl ammonium hydroxide,Toxic Organics,Toxic Organics
Thiabendazole,Toxic Organics,Toxic Organics
Thiobendazole,Toxic Organics,Toxic Organics
Topsin,Uncategorized,Uncategorized
Total Petroleum Hydrocarbons - Diesel,Other,Other
Total Petroleum Hydrocarbons - Gasoline,Other,Fuel
Total water accumulations,Uncategorized,Uncategorized
Total water irrigated,Uncategorized,Uncategorized
"Turbidity, background",Color and Turbidity,Turbidity
"Turbidity, change",Color and Turbidity,Turbidity
"Turbidity, increase over background",Color and Turbidity,Turbidity
Volume of injected wastewater,Uncategorized,Uncategorized
Volume,Uncategorized,Uncategorized
"Volume, daily",Uncategorized,Uncategorized
Water usage,Uncategorized,Uncategorized
"Algae, total [cells/mL]",Nutrients,Algae and other Nutrient-related
"3,4,6-Trichloroguaiacol, total",Uncategorized,Uncategorized
"2,4,5-Trichlorophenol",Toxic Organics,Toxic Organics
"3,4,5-Trichloroguaiacol",Uncategorized,Uncategorized
"3,4,6-Trichlorocatechol",Uncategorized,Uncategorized
"2,3,4,5-Tetrachlorophenol",Toxic Organics,Toxic Organics
"1,1-Dichloroethene",Toxic Organics,Toxic Organics
"Propylene glycol, total",Toxic Organics,Toxic Organics
"Protein, crop crude %",Uncategorized,Uncategorized
Crop yield,Uncategorized,Uncategorized
"Debris, floating [severity]",Metals,Tin
Terramycin [1 hour application],pH,pH
Morpholine,Uncategorized,Uncategorized
"Bromacil, lithium",Toxic Organics,Toxic Organics
Bromoxynil octanoate,Toxic Organics,Toxic Organics
Dazomet,Uncategorized,Uncategorized
Nabonate,Uncategorized,Uncategorized
TCMTB,Uncategorized,Uncategorized
Industrial contribution % of influent,Uncategorized,Uncategorized
"Potassium, total [K2O], [water]",Nutrients,Potassium
Chlorinated paraffin in sludge,Inorganics,Disinfectants
"Surface area, square feet",Uncategorized,Uncategorized
"Stock base fluid, PAH",Uncategorized,Uncategorized
"Stock base fluid, sediment toxicity",Solids,Suspended Solids
"Stock base fluid, biodegredation rate",Uncategorized,Uncategorized
"Discharge drill cuttings, sediment toxicity",Metals,Tin
"Discharge drill cuttings, formation oil",Other,Fuel
"Discharge drill cuttings, formation oil cert",Other,Fuel
"Discharge drill cuttings, base fluids retained",Metals,Tin
"Seabed survey, industry wide",Uncategorized,Uncategorized
"Seabed survey, 1st suvey w/i 2 wks",Uncategorized,Uncategorized
"Seabed survey, 2ndsuvey w/i 1 yr",Uncategorized,Uncategorized
"Application rate, daily spray irrigation.",pH,pH
"Application rate, weekly spray irrigation.",pH,pH
"Application rate, rate/area sprayed",pH,pH
Priority pollutant chemical specific,Uncategorized,Uncategorized
"Application rate, gallons spray irrigation",pH,pH
Biosolids weight indluding admixtures,Solids,Suspended Solids
"Viable helminth ova, sludge, dry weight",Uncategorized,Uncategorized
"Fecal coliform in sludge, CFU/gram",Toxic Organics,Toxic Organics
Cyanuric acid,pH,pH
Blend ratio,Uncategorized,Uncategorized
Ametryn,Uncategorized,Uncategorized
Benomyl and carbendazim,Uncategorized,Uncategorized
Bromoxynil,Uncategorized,Uncategorized
Busan 40,Toxic Organics,Toxic Organics
Busan 85,Toxic Organics,Toxic Organics
Chloroneb,Uncategorized,Uncategorized
Chlorothalonil,Uncategorized,Uncategorized
DCPA,Uncategorized,Uncategorized
DEF,Uncategorized,Uncategorized
Dioxathion,Uncategorized,Uncategorized
Endothall salts & esters,Nutrients,Dissolved Oxygen
Fenarimol,Uncategorized,Uncategorized
Fenvalerate,Toxic Organics,Toxic Organics
KN methyl,Toxic Organics,Toxic Organics
"Methamidophos, organic pesticide",Toxic Organics,Toxic Organics
"Nabam, organic pesticide",Uncategorized,Uncategorized
Norflurazon,Uncategorized,Uncategorized
Pentachloronitrobenzene [PCNB],Toxic Organics,Toxic Organics
Pendimethalin,Toxic Organics,Toxic Organics
Phosmet,Uncategorized,Uncategorized
Prometon,Uncategorized,Uncategorized
Pronamide,Uncategorized,Uncategorized
Propachlor,Uncategorized,Uncategorized
Propazine,Toxic Organics,Toxic Organics
Tebuthiuron,Uncategorized,Uncategorized
Terbuthylazine,Toxic Organics,Toxic Organics
"Terbutryn, organic pesticide",Uncategorized,Uncategorized
"Triadimefon, organic pesticide",Uncategorized,Uncategorized
"Ziram, organic pesticide",Uncategorized,Uncategorized
"SAS - 305, total",Uncategorized,Uncategorized
"SAS - 305, total in sludge",Uncategorized,Uncategorized
Operation of turbines,Uncategorized,Uncategorized
Priority pollutants scan [yes/no],Uncategorized,Uncategorized
Hematite Production,Uncategorized,Uncategorized
Filter backwash discharges per day,Uncategorized,Uncategorized
Water softener backwash,Toxic Organics,Toxic Organics
Water backwash,Uncategorized,Uncategorized
"Cyanide, free available",Inorganics,Toxic Inorganics
Di[2-ethylhexyl] adipate,Toxic Organics,Toxic Organics
2-Ethylhexanol,Toxic Organics,Toxic Organics
Surfynol 104E,Uncategorized,Uncategorized
Betzdearborn DG5671,Uncategorized,Uncategorized
Nonyl phenoxypoly ethanol,Uncategorized,Uncategorized
Polyethylene glycol,Toxic Organics,Toxic Organics
"O,O-Diethyl S-methyl dithiophosphate",Toxic Organics,Toxic Organics
Glycol mix applied,Uncategorized,Uncategorized
Production divided by days operated mo.,Uncategorized,Uncategorized
Ethyl mercaptan,Toxic Organics,Toxic Organics
Acetophene,Toxic Organics,Toxic Organics
"Produced water, TDS",Solids,Dissolved Solids
"Oxygen demand, nitrogenous, ultimate",Nutrients,Nitrogen
"Free oil, dewatering effluent",Other,Fuel
"1,2,3,7,8,9-Hexachlorodibenzo-p-dioxin",Toxic Organics,Toxic Organics
"1,2,3,7,8-Pentachlorodibenzofuran",Toxic Organics,Toxic Organics
"2,3,4,7,8-Pentachlorodibenzofuran",Toxic Organics,Toxic Organics
"1,2,3,4,7,8-Hexachlorodibenzofuran",Toxic Organics,Toxic Organics
"1,2,3,6,7,8-Hexachlorodibenzofuran",Toxic Organics,Toxic Organics
"1,2,3,7,8,9-Hexachlorodibenzofuran",Toxic Organics,Toxic Organics
"2,3,4,6,7,8-Hexachlorodibenzofuran",Toxic Organics,Toxic Organics
"1,2,3,4,6,7,8-Heptachlorodibenzofuran",Toxic Organics,Toxic Organics
"1,2,3,4,7,8,9-Heptachlorodibenzofuran",Toxic Organics,Toxic Organics
"1,2,3,4,6,7,8-Heptachlorodibenzo-p-dioxin",Toxic Organics,Toxic Organics
"2,3,7,8-TCDF, sed.",Uncategorized,Uncategorized
"Benzene, ethylbenzene, toluene, xylene combination",Toxic Organics,Toxic Organics
"Chlorosyringaldehyde, effluent",Toxic Organics,Toxic Organics
"Coliform, fecal - % samples exceeding limit",Toxic Organics,Toxic Organics
"Coliform, total MF, immed, m-endo med 35 C",Toxic Organics,Toxic Organics
"Coliform, total 10/mL",Toxic Organics,Toxic Organics
"Coliform, total MF, delayed, m-endo med",Toxic Organics,Toxic Organics
"Coliform, total MF, immed, les endo agar",Toxic Organics,Toxic Organics
"Coliform, tot, MPN, completed, [100 mL]",Toxic Organics,Toxic Organics
"Coliform, fecal 10/mL",Toxic Organics,Toxic Organics
"Coliform, fecal MF, MFC agar, 44.5 C, 24hr",Toxic Organics,Toxic Organics
"Fecal coliform, MPN, EC med, 44.5 C",Toxic Organics,Toxic Organics
"Coliform, fecal MF, MFC broth, 44.5 C",Toxic Organics,Toxic Organics
"Coliform, fecal MF, MFC, 0.7um",Toxic Organics,Toxic Organics
"E. coli, thermotol, MF, MTEC",Pathogens,Pathogens
"Enterococci: group D, MF trans, M-E, EIA",Pathogens,Pathogens
Fecal coliform,Toxic Organics,Toxic Organics
"E. coli, MTEC-MF",Pathogens,Pathogens
"Phosphate, tot. bottom sed., dry wt.",Nutrients,Phosphorus
"Halogens, tot organics bottom sediment",Solids,Suspended Solids
"Hydrocarbon, total recoverable",Organics,COD
"Oil petroleum, total recoverable",Other,Fuel
"Streptococci, fecal plate count KF agar",Pathogens,Pathogens
"Streptococci, fecal MF, KF agar, 35C, 48hr",Pathogens,Pathogens
"Streptococci, fecal 10/mL",Pathogens,Pathogens
"Streptococci, fecal MPN, KF broth 35 C",Pathogens,Pathogens
"Fecal streptococci, MF m-enterococcus ag",Pathogens,Pathogens
"Plate count, total 35 deg. C, 24 hour",Uncategorized,Uncategorized
Klebsiella species,Uncategorized,Uncategorized
"Carbon, chloroform extractables",Toxic Organics,Toxic Organics
Base/neutral compounds,Uncategorized,Uncategorized
"Fluoride, complex",Solids,Dissolved Solids
Sodium chloride [salt],Solids,Dissolved Solids
"Fluoride, free",Solids,Dissolved Solids
Cyanide and thiocyanate - total,Inorganics,Toxic Inorganics
Acid compounds,Uncategorized,Uncategorized
"Carbon, chloroform extracts, ether insoluble",Toxic Organics,Toxic Organics
Dichlorobromomethane,Toxic Organics,Toxic Organics
Carbon tetrachloride,Toxic Organics,Toxic Organics
"1,2-Dichloroethane",Toxic Organics,Toxic Organics
Bromoform,Toxic Organics,Toxic Organics
Dibromochloromethane,Toxic Organics,Toxic Organics
Chloroform,Toxic Organics,Toxic Organics
"Chlorophyll A, corrected",Nutrients,Algae and other Nutrient-related
Pheophytin,Metals,Tin
Chlorophyll A,Nutrients,Algae and other Nutrient-related
Chlorophyll B,Nutrients,Algae and other Nutrient-related
Chlorophyll C,Nutrients,Algae and other Nutrient-related
Tannin and lignin,Uncategorized,Uncategorized
"Oil, petroleum ether extractables",Other,Fuel
Benzofuran,Toxic Organics,Toxic Organics
Acrylic polymer in drilling fluids,Other,Other
"Aluminum stearate, wat sol in drill fl",Metals,Aluminum
"Cellulose polymer, in drilling fluids",Other,Other
DOS-3 in drilling fluids,Other,Other
Imco Lube 106 in drilling fluids,Other,Other
Imco Lubrikleen in drilling fluids,Other,Other
Imco phos in drilling fluids,Other,Other
Kwik Seal in drilling fluids,Other,Other
Starch in drilling fluids,Other,Other
XC Polymer in drilling fluids,Other,Other
"Chloroform extractables, total",Toxic Organics,Toxic Organics
"Phenolics, total recoverable",Toxic Organics,Toxic Organics
Phenolics in bottom deposits [dry wgt],Toxic Organics,Toxic Organics
Toluene,Toxic Organics,Toxic Organics
Halogenated toluene,Toxic Organics,Toxic Organics
Benzene,Toxic Organics,Toxic Organics
Monochlorobenzenes,Toxic Organics,Toxic Organics
Acetochlor,Toxic Organics,Toxic Organics
"Chloramine, total",Inorganics,Disinfectants
Turbidity [severity],Color and Turbidity,Turbidity
Stream flow [severity],Flow,Flow
Discharge flow as % of stream flow,Flow,Flow
"Ice cover, floating or solid [severity]",Metals,Tin
"Alpha, total",Other,Other
"Alpha, total, counting error",Other,Other
"Alpha, dissolved",Other,Other
"Alpha, suspended",Other,Other
"Silver, ionic",Metals,Silver
"Beta, total",Other,Other
"Beta, total, counting error",Other,Other
"Beta, dissolved",Other,Other
"Beta, suspended",Other,Other
"Radiation, gross beta",Other,Other
"2,3,7,8-Tetrachlorodibenzo-p-dioxin",Toxic Organics,Toxic Organics
Oil and grease,Other,Fuel
"Toxics, percent removal",Uncategorized,Uncategorized
"Halogens, adsorbable organic",Uncategorized,Uncategorized
Bioassay [96 hr],Uncategorized,Uncategorized
Bioassay [48 hr],Uncategorized,Uncategorized
Bioassay [24 hr],Uncategorized,Uncategorized
"Toxicity, choice of species",Aquatic Toxicity,Aquatic Toxicity
"Toxicity, trout",Aquatic Toxicity,Aquatic Toxicity
"Toxicity, sand dollar",Solids,Suspended Solids
Biochemical oxygen demand,Organics,COD
Total suspendable solids,Solids,Suspended Solids
Total phenols,Toxic Organics,Toxic Organics
Flow meter calibration,Flow,Flow
"Stickwater, effluent percent recycled",Uncategorized,Uncategorized
"Stickwater, effluent volume recycled",Uncategorized,Uncategorized
"Production, seafood effluent",Other,Other
p-Dichlorobenzene,Toxic Organics,Toxic Organics
"Solids, total dissolved, total tons",Solids,Suspended Solids
"2,4,5-Trichlorophenoxypropionic acid",Toxic Organics,Toxic Organics
"2-Methyl-4,6-dinitrophenol",Toxic Organics,Toxic Organics
"Purgeable hydrocarbons, Meth. 601",Toxic Organics,Toxic Organics
Purgeable aromatics Method 602,Toxic Organics,Toxic Organics
Temp. diff. between up/down stream deg. F,Temperature,Temperature
Chlorine produced oxidants,Inorganics,Disinfectants
"1,2-Dichloropropylene",Toxic Organics,Toxic Organics
"Amyl acetate, total",Toxic Organics,Toxic Organics
"Toxicity, salmo acute",Aquatic Toxicity,Aquatic Toxicity
"Toxicity, salmo chronic",Aquatic Toxicity,Aquatic Toxicity
"1,2,3,4,6,7,8,9-Octachlorodibenzo-p-dioxin",Toxic Organics,Toxic Organics
Human enteric virus,Pathogens,Pathogens
Dichloromethane,Toxic Organics,Toxic Organics
"Hydrazines, total",Toxic Organics,Toxic Organics
Tributyltin,Metals,Tin
"1,2-cis-Dichloroethene",Toxic Organics,Toxic Organics
4-Isopropyltoluene,Toxic Organics,Toxic Organics
"Prometryn, total recoverable",Toxic Organics,Toxic Organics
"Propachlor, total recoverable",Uncategorized,Uncategorized
"Prometon, total recoverable",Uncategorized,Uncategorized
Cyanazine,Toxic Organics,Toxic Organics
Chlorfenvinphos,Uncategorized,Uncategorized
"Dicamba, 5-hydroxy-, total recoverable",Uncategorized,Uncategorized
"Fenarimol, total recoverable",Uncategorized,Uncategorized
Number of batches,Uncategorized,Uncategorized
"Chlorine, free residual, total effluent",Inorganics,Disinfectants
"Isopropyl acetate, total effluent",Toxic Organics,Toxic Organics
Methyl cellosolve,Toxic Organics,Toxic Organics
o-Dichlorobenzene,Toxic Organics,Toxic Organics
"Pentane, total effluent",Uncategorized,Uncategorized
Phosphorus [reactive as P],Nutrients,Phosphorus
"Halocarbons, purgeable scan, effluent",Organics,COD
"Halocarbons, purgeable scan, sludge",Organics,COD
"Aromatic, purgeable scan, effluent",Uncategorized,Uncategorized
"Aromatic, purgeable scan, sludge",Uncategorized,Uncategorized
"Phenolic, total scan effluent",Toxic Organics,Toxic Organics
"Phenolic, total scan sludge",Toxic Organics,Toxic Organics
"PCB, total, scan effluent",Toxic Organics,Toxic Organics
"PCB, total sludge, scan code",Toxic Organics,Toxic Organics
Free liquids in sludge,Uncategorized,Uncategorized
"Phosphate, ortho [as P]",Nutrients,Phosphorus
Triallate,Uncategorized,Uncategorized
"U-236, total wtr",Uncategorized,Uncategorized
Total residual ooxidant-discharge time,Uncategorized,Uncategorized
"Dicyclohexylamine, total",Uncategorized,Uncategorized
"Misc. free oil in Western GOM, OCS",Other,Fuel
"Nitrogen, total, as NO3, [water]",Nutrients,Nitrogen
"PCB-1016, bot. sed., dry weight",Toxic Organics,Toxic Organics
Polychlorinated biphenyls [PCBs],Inorganics,Disinfectants
PCBs in bottom deps. [dry solids],Toxic Organics,Toxic Organics
Polybrominated diphenyl oxides,Uncategorized,Uncategorized
Parathion,Uncategorized,Uncategorized
Demeton,Uncategorized,Uncategorized
Guthion,Uncategorized,Uncategorized
Methyl parathion,Toxic Organics,Toxic Organics
Mevinphos,Uncategorized,Uncategorized
TEPP,Uncategorized,Uncategorized
"Atrazine, dissolved",Toxic Organics,Toxic Organics
Captan,Uncategorized,Uncategorized
Hexachlorobenzene,Toxic Organics,Toxic Organics
"Hexachlorobenzene, dry weight",Toxic Organics,Toxic Organics
Hexachlorobutadiene,Toxic Organics,Toxic Organics
"Hexachlorobutadiene, dry weight",Toxic Organics,Toxic Organics
Picloram,Uncategorized,Uncategorized
"2,4-Dichlorophenoxyacetic acid",Toxic Organics,Toxic Organics
"2,4,5-T",Toxic Organics,Toxic Organics
Sevin,Uncategorized,Uncategorized
Mirex,Uncategorized,Uncategorized
Silvex,Uncategorized,Uncategorized
Dicofol,Uncategorized,Uncategorized
Lindane,Uncategorized,Uncategorized
Trithion,Uncategorized,Uncategorized
Chloroethylenebisthiocyanate,Toxic Organics,Toxic Organics
Sodium pentachloro- phenate,Toxic Organics,Toxic Organics
Imidan,Uncategorized,Uncategorized
".gamma.-Chlordane, whole water",Other,Radiation
Pyrethrins,Uncategorized,Uncategorized
Roundup,Uncategorized,Uncategorized
"Hydrocarbons, aromatic",Organics,COD
Isopropyl acetate,Toxic Organics,Toxic Organics
Isooctane,Toxic Organics,Toxic Organics
Propyl acetate,Toxic Organics,Toxic Organics
Chlorofluoromethane,Toxic Organics,Toxic Organics
Chlorodifluoromethane,Toxic Organics,Toxic Organics
N-Methylbenzenesulfonamide,Toxic Organics,Toxic Organics
Methyl phenol,Toxic Organics,Toxic Organics
Methylstyrene,Toxic Organics,Toxic Organics
Propanediol,Uncategorized,Uncategorized
Alkyl benzene sulfonated [ABS],Toxic Organics,Toxic Organics
"Alkyl bensene sulfonates, linear [LAS]",Toxic Organics,Toxic Organics
Chlorophenoxypropananol,Uncategorized,Uncategorized
1-Butanol,Toxic Organics,Toxic Organics
Methylenebisthiocyanate,Toxic Organics,Toxic Organics
"Butoxyethoxyethanol, total",Uncategorized,Uncategorized
Benzisothiazole,Toxic Organics,Toxic Organics
Methyl butenol,Toxic Organics,Toxic Organics
"Petrol hydrocarbons, total recoverable",Organics,COD
"Hexane, sediment, dry weight",Toxic Organics,Toxic Organics
Tetraethyl lead as alkyl lead,Metals,Lead
"Temperature rise, length of excursion",Temperature,Temperature
"Temperature, length of excursion",Temperature,Temperature
"Equipment outage, length of downtime",Other,Other
"Equipment outage, number of occurrences",Other,Other
Fish feed used,Other,Other
"Biomass, fish",Other,Other
"Floating solids, waste or visible foam-visual",Other,Other
Sanitary waste discharged-assessmnt,Uncategorized,Uncategorized
Intermittent discharge-assessment,Uncategorized,Uncategorized
Dinonyl phthalate,Toxic Organics,Toxic Organics
Phenols,Toxic Organics,Toxic Organics
"Hydrocarbons, total gas chromatograph",Other,Fuel
Organic Matter,Uncategorized,Uncategorized
"Phosphorus, brays",Nutrients,Phosphorus
Diethylhexyl phthalate [DEHP],Toxic Organics,Toxic Organics
Phorate,Uncategorized,Uncategorized
Ethyl parathion,Toxic Organics,Toxic Organics
"Alachlor, dissolved",Uncategorized,Uncategorized
"cis-1,2-Dichloroethylene, total",Toxic Organics,Toxic Organics
"2,2-Dichloropropane",Toxic Organics,Toxic Organics
Toxicity characteristic leaching procedure,Aquatic Toxicity,Aquatic Toxicity
"Zinc, total sludge",Metals,Zinc
"Nickel, total sludge",Metals,Nickel
"Lead, total sludge",Metals,Lead
"Copper, dry weight",Metals,Copper
"Solids, suspended percent removal, dry",Solids,Suspended Solids
"Solids, suspended percent removal, wet",Solids,Suspended Solids
"BOD, 5 day carbonaceous, % rmvl, dry",Organics,COD
Metam-sodium,Solids,Dissolved Solids
"Nabam, total",Uncategorized,Uncategorized
Naled,Uncategorized,Uncategorized
Oxamyl,Uncategorized,Uncategorized
Tetrachlorvinphos [Stirofos],Toxic Organics,Toxic Organics
"Terbutryn, total",Uncategorized,Uncategorized
"Triadimefon, total",Uncategorized,Uncategorized
Trichloronate,Uncategorized,Uncategorized
"Ziram, total",Uncategorized,Uncategorized
Dechlorane plus,Uncategorized,Uncategorized
Endothall salts and esters,Nutrients,Dissolved Oxygen
Methamidophos,Toxic Organics,Toxic Organics
Ethylene thiourea,Toxic Organics,Toxic Organics
Benefin,Toxic Organics,Toxic Organics
Delnav,Uncategorized,Uncategorized
Dyfonate,Uncategorized,Uncategorized
Kelthane,Uncategorized,Uncategorized
Pentachlorophenol,Toxic Organics,Toxic Organics
Atrazine,Toxic Organics,Toxic Organics
Propanil,Uncategorized,Uncategorized
"Chlor, phenoxy acid gp, none found",pH,pH
"2,4,5-TP[silvex] acids/salts, whole water sample",Toxic Organics,Toxic Organics
Phosphated pesticides,Toxic Organics,Toxic Organics
Total purgeable halocarbons,Organics,COD
"Di[2-ethylhexyl] phthalate [DEHP], dry wgt",Toxic Organics,Toxic Organics
Chloral hydrate,Uncategorized,Uncategorized
"2,2-Dichlorovinyldimethyl phosphate",Toxic Organics,Toxic Organics
Di-n-butyl phthalate,Toxic Organics,Toxic Organics
"Di-n-butyl phthalate, dry weight",Toxic Organics,Toxic Organics
Phthalate esters,Toxic Organics,Toxic Organics
Benzidine,Toxic Organics,Toxic Organics
"Benzidine, dry weight",Toxic Organics,Toxic Organics
Dimethoxybenzidine,Toxic Organics,Toxic Organics
Chlorendic acid,pH,pH
Didecyl dimethyl ammonium chloride,Toxic Organics,Toxic Organics
Dichlone,Uncategorized,Uncategorized
Alachlor,Uncategorized,Uncategorized
Vinyl chloride,Toxic Organics,Toxic Organics
Trichloroethylene,Toxic Organics,Toxic Organics
"4,4'-DDT",Toxic Organics,Toxic Organics
"o,p'-DDT",Toxic Organics,Toxic Organics
"4,4'-DDD",Toxic Organics,Toxic Organics
"4,4'-DDE",Toxic Organics,Toxic Organics
Aldrin,Toxic Organics,Toxic Organics
"Aldrin, dry weight",Toxic Organics,Toxic Organics
.alpha.-BHC,Other,Other
.beta.-BHC,Other,Other
Gamma-BHC,Other,Radiation
.gamma.-BHC,Other,Radiation
"Chlordane, .alpha.-, whole water",Other,Other
Chlordane [tech mix. and metabolites],Toxic Organics,Toxic Organics
"Chlordane [tech mix & metabs], dry wgt",Toxic Organics,Toxic Organics
Ronnel,Uncategorized,Uncategorized
DDD in whole water sample,Toxic Organics,Toxic Organics
DDE,Toxic Organics,Toxic Organics
DDT,Toxic Organics,Toxic Organics
"DDT, dry weight",Toxic Organics,Toxic Organics
"DDT/DDD/DDE, sum of p,p' & o,p' isomers",Toxic Organics,Toxic Organics
"Dieldrin, dry weight",Toxic Organics,Toxic Organics
"Endosulfan, total",Toxic Organics,Toxic Organics
"Endosulfan, bottom deposits, dry solids",Toxic Organics,Toxic Organics
Ethion,Uncategorized,Uncategorized
"Toxaphene, dry weight",Toxic Organics,Toxic Organics
Heptachlor,Toxic Organics,Toxic Organics
Chlorobenzilate,Toxic Organics,Toxic Organics
Methoxychlor,Toxic Organics,Toxic Organics
PCB-1221,Toxic Organics,Toxic Organics
PCB-1232,Toxic Organics,Toxic Organics
"PCB-1232 bot. dep., dry solid",Toxic Organics,Toxic Organics
PCB-1242,Toxic Organics,Toxic Organics
"PCB-1242 bot. dep., dry solid",Toxic Organics,Toxic Organics
PCB-1248,Toxic Organics,Toxic Organics
Propham,Uncategorized,Uncategorized
"PCB-1248, bot. dep.,dry solid",Toxic Organics,Toxic Organics
"Sodium, % total cations",Solids,Dissolved Solids
"Cadmium, dry weight",Metals,Cadmium
Process to significntly reduce pathogens,Pathogens,Pathogens
Process to further reduce pathogens,Pathogens,Pathogens
"Dioxathion, total",Uncategorized,Uncategorized
"Hydroxyquinoline, total",Uncategorized,Uncategorized
"4-Dodecene, total effluent",Toxic Organics,Toxic Organics
"Diethylene glycol dinitrate, total",Toxic Organics,Toxic Organics
"Metrioltrinitrate, total",Nutrients,Nitrogen
Equipment inspection - visual,Other,Other
"Chlordane, .alpha.-, dry weight",Other,Other
".gamma.-Chlordane, dry weight",Other,Radiation
Rainfall,Other,Other
Methylene blue active substances,Toxic Organics,Toxic Organics
"BOD, 5-day, 20 deg C per cfs of streamflw",Organics,COD
"Chloride, per cfs of streamflow",Solids,Dissolved Solids
"Coliform, fecal MPN + membrane ftl 44.5 C",Toxic Organics,Toxic Organics
Diffuser validation rpt % effl mix zone,Uncategorized,Uncategorized
Sodium salt of acifluorofen,Solids,Dissolved Solids
Annual whole sludge application rate,pH,pH
Ann. amt sludge disposed by other method,Toxic Organics,Toxic Organics
Annual amt of sludge incinerated,Uncategorized,Uncategorized
"Annual sludge production, total",Uncategorized,Uncategorized
Annual amount of sludge land applied,Uncategorized,Uncategorized
Annual amt. sludge disposed surface unit,Uncategorized,Uncategorized
Annual amt sludge disposed in landfill,Uncategorized,Uncategorized
Annual amt sludge transported interstate,Uncategorized,Uncategorized
Unit w/liner/leachate collection system,Uncategorized,Uncategorized
Unit boundary to property line distance,Uncategorized,Uncategorized
Compliance w/part 258 sludge requirement,Uncategorized,Uncategorized
"Selenium, sludge, total, dry weight [as Se]",Metals,Selenium
"Effluent back pressure, discharge pipe",Uncategorized,Uncategorized
"1,2-Dibromo-3-chloropropane",Toxic Organics,Toxic Organics
"WWT drill fluids/cuttings, TDS",Metals,Tin
"WWT drill fluids/cuttings, oil & grease",Other,Fuel
"WWT drill fluids/cuttings, zinc",Metals,Zinc
"Well fluids, priority pollutants disch",Uncategorized,Uncategorized
"Formation test fluids, free oil",Other,Fuel
"Excess cement slurry, free oil",Other,Fuel
WWT drill fluids/cuttings free oil,Other,Fuel
"Sanitary waste, BOD, 5-day",Organics,COD
"WWT drill fluids/cuttings, pH",Metals,Tin
"Well fluids, pH",pH,pH
"WWT drill fluids/cuttings, TSS",Metals,Tin
"Sanitary waste, TSS",Solids,Suspended Solids
"WWT drill fluids/cuttings, COD",Metals,Tin
"WWT drill fluid/cutting, haz metal disch",Metals,Tin
"WWT drill fluids/cuttings, chromium",Metals,Tin
"WWT drill fluids/cuttings, chlorides",Metals,Tin
"Formation test fluids, pH",Toxic Organics,Toxic Organics
"Sanitary waste, fecal coliform",Toxic Organics,Toxic Organics
Pentachloronitrobenzene,Toxic Organics,Toxic Organics
Macroinvertebrate assessment,Uncategorized,Uncategorized
"trans-1,4-Dichloro-2-butene",Toxic Organics,Toxic Organics
"Norflurazon, total recoverable",Uncategorized,Uncategorized
"Chlorothalonil, total recoverable",Uncategorized,Uncategorized
"Bromoxynil, total recoverble",Uncategorized,Uncategorized
"Glycol, total",Uncategorized,Uncategorized
BTEX,Uncategorized,Uncategorized
"Facility operated during month, # days",Other,Other
"Misc. discharges, free oil",Other,Fuel
"1,1-Difluoroethane, total, water ug/L",Toxic Organics,Toxic Organics
"Difluoromethane, total,water",Toxic Organics,Toxic Organics
"Tetrafluroethane-1,1,1,2, total,water",Uncategorized,Uncategorized
"1-Chloro-1,1,2,2,2-pentafluoroethane, water",Toxic Organics,Toxic Organics
2-Methoxyethanol,Toxic Organics,Toxic Organics
"N,N-Dimethylaniline",Toxic Organics,Toxic Organics
"Silver, total dry weight, sludge mt",Metals,Silver
Molinate,Toxic Organics,Toxic Organics
Pebulate,Uncategorized,Uncategorized
Devrinol [Napropamide],Uncategorized,Uncategorized
"Arsenic total, dry weight, sludge",Metals,Arsenic
"Nitrogen, total Kjeldahl",Nutrients,Nitrogen
Ultraviolet light intensity,Uncategorized,Uncategorized
"Betz slimicide C-31, total",Uncategorized,Uncategorized
"Betz slimicide C-74, total",Uncategorized,Uncategorized
Ammonium picrate,Nutrients,Nitrogen
"Flash point, deg C [40 CFR 403/261.21]",Uncategorized,Uncategorized
Propylene glycol monobutyl ether,Toxic Organics,Toxic Organics
Isophorone,Toxic Organics,Toxic Organics
"Isophorone, dry weight",Toxic Organics,Toxic Organics
Methyl bromide [Bromomethane],Toxic Organics,Toxic Organics
"Methyl bromide, dry weight",Toxic Organics,Toxic Organics
Methyl chloride [Chloromethane],Toxic Organics,Toxic Organics
"Methyl chloride, dry weight",Toxic Organics,Toxic Organics
Methylene chloride,Toxic Organics,Toxic Organics
"Methylene chloride, suspended",Toxic Organics,Toxic Organics
"Methylene chloride, dry weight",Toxic Organics,Toxic Organics
N-Nitrosodi-N-propylamine,Toxic Organics,Toxic Organics
"N-Nitrosodi-N-propylamine, dry weight",Toxic Organics,Toxic Organics
N-Nitrosodiphenylamine,Toxic Organics,Toxic Organics
"N-Nitrosodiphenylamine, dry weight",Toxic Organics,Toxic Organics
N-Nitrosodimethylamine [NDMA],Toxic Organics,Toxic Organics
"N-Nitrosodimethylamine, dry weight",Toxic Organics,Toxic Organics
Static 1Hr Chronic Colobocentr. Atratus,Aquatic Toxicity,Aquatic Toxicity
Static 1Hr Chronic Tripneustes Gratilla,Aquatic Toxicity,Aquatic Toxicity
Static 1Hr Chronic Coloboentr. Atratus,Aquatic Toxicity,Aquatic Toxicity
Static 72Hr Chronic Strongyl. Purpuratus,Aquatic Toxicity,Aquatic Toxicity
Static 72Hr Chronic Dendraster Excentri.,Aquatic Toxicity,Aquatic Toxicity
Static 48Hr Chronic Macrocystis Pyrifera,Aquatic Toxicity,Aquatic Toxicity
Static 48Hr Chronic Crassostrea Gigas,Other,Fuel
Static 48Hr Chronic Mytilis Edulis,Aquatic Toxicity,Aquatic Toxicity
Static 48Hr Chronic Haliotis Rufescens,Aquatic Toxicity,Aquatic Toxicity
Flow Thru 48Hr Chronic Dendraster Excentri.,Aquatic Toxicity,Aquatic Toxicity
Static Renewal 7-Day Chronic Ceriodaphnia dubia,Toxic Organics,Toxic Organics
Static Renewal 7-Day Chronic Mysidopsis bahia,Toxic Organics,Toxic Organics
Static Renewal 7-Day Chronic Holmesimysis costata,Toxic Organics,Toxic Organics
Static Renewal 7-Day Chronic Pimphales promelas,Toxic Organics,Toxic Organics
Static Renewal 7-Day Chronic Menidia beryllina,Toxic Organics,Toxic Organics
Static Renewal 7-Day Chronic Atherinops affinis,Toxic Organics,Toxic Organics
Static 96Hr Chronic Selen. Capricornutum,Aquatic Toxicity,Aquatic Toxicity
Static 96Hr Chronic Thalassiosira Pseudonana Mar.Diat,Aquatic Toxicity,Aquatic Toxicity
Static 20Min Chronic Strongyl. Purpuratus,Aquatic Toxicity,Aquatic Toxicity
%Fert Static 1Hr Chronic Colobocentr. Atratus,Aquatic Toxicity,Aquatic Toxicity
%Fert Static 1Hr Chronic Tripneustes Gratilla,Aquatic Toxicity,Aquatic Toxicity
%Fert Statre 7Da Chronic Ceriodaphnia,Aquatic Toxicity,Aquatic Toxicity
%Repro Reduc Statre7D Chronic Ceriodaphnia,Aquatic Toxicity,Aquatic Toxicity
%Repro Reduc Statre 7D Mysid. Bahia,Uncategorized,Uncategorized
%Repr 7D Chronic Statre D. Ambigua,Aquatic Toxicity,Aquatic Toxicity
Pass/Fail Sub-Lethal Static Renewal 7 Day Chronic Ceriodaphnia dubia,Toxic Organics,Toxic Organics
Pass/Fail Sub-Lethal Static Renewal 7 Day Chronic Americamysis bahia,Toxic Organics,Toxic Organics
Pass/Fail Sub-Lethal Static Renewal 7 Day Chronic Menidia menidia,Toxic Organics,Toxic Organics
Pass/Fail Sub-Lethal Static Renewal 7 Day Chronic Pinephales promelas,Toxic Organics,Toxic Organics
"Solids, total dissolved",Solids,Suspended Solids
"Solids, total dissolved [TDS]",Solids,Dissolved Solids
"Solids, total susp. per 1000 gallons",Solids,Suspended Solids
"Solids, total dissolved- 180 deg. C",Solids,Suspended Solids
"Solids, dissolved- tons",Solids,Suspended Solids
"pH, CaCO3 stability",pH,alkalinity
Daconil [C8Cl4N2],Uncategorized,Uncategorized
Sediment sample [dry weight],Solids,Suspended Solids
"Solids, total, percent",Solids,Suspended Solids
"Solids, fixed, % of total solids",Solids,Suspended Solids
"Sludge weight, wet",Uncategorized,Uncategorized
"Solids, volatile % of total solids",Solids,Suspended Solids
"Solids, volatile susp., in mixed liquor",Solids,Suspended Solids
"Chloride, organic, total",Solids,Dissolved Solids
"Organic halides, total",Uncategorized,Uncategorized
"Phosphate, total, color method [as P]",Toxic Organics,Toxic Organics
"Phosphate, dissolved color method [as P]",Toxic Organics,Toxic Organics
"Phosphorous, in total orthophosphate",Nutrients,Phosphorus
Salmonella,Uncategorized,Uncategorized
"Taxa, total number",Uncategorized,Uncategorized
Urea,Nutrients,Nitrogen
Density,Uncategorized,Uncategorized
"Nitrogen, ammonia total [as NH4]",Nutrients,Nitrogen
"Fuel, diesel, #1",Other,Other
2-Methylpentane,Toxic Organics,Toxic Organics
Half Low Flow Pass/Fail Static 48Hr Acute Lepomis Macrochirus,Aquatic Toxicity,Aquatic Toxicity
HLF Pass/Fail Static 96Hr Acute Lepomis Macrochiru,Aquatic Toxicity,Aquatic Toxicity
HLF Pass/Fail Static 4Day Chronic Lepomis Macrochiru,Aquatic Toxicity,Aquatic Toxicity
HLF Pass/Fail Static 7Day Chronic Lepomis Macrochiru,Aquatic Toxicity,Aquatic Toxicity
Half Low Flow Pass/Fail Static 1Hr Chronic Lepomis macrochirus,Aquatic Toxicity,Aquatic Toxicity
"BOD, 5 day carbonaceous, % rmvl, wet",Organics,COD
Permission to discharge,Uncategorized,Uncategorized
Kappa number,Uncategorized,Uncategorized
"Organic nitrogen sludge, tot dry wt.",Nutrients,Nitrogen
"3,4,6-Trichloroguaiacol",Uncategorized,Uncategorized
"1,2,3,4,6,7,8,9-Octachlorodibenzofuran",Toxic Organics,Toxic Organics
DMPA,Uncategorized,Uncategorized
Cyclonite,Uncategorized,Uncategorized
Sludge hydraulic loading,Uncategorized,Uncategorized
Nalco Macrotrol 9210,Toxic Organics,Toxic Organics
Spectrus CT 1300,Uncategorized,Uncategorized
Terpineol,Uncategorized,Uncategorized
"N,N-Dimethyl-1-butanamine",Toxic Organics,Toxic Organics
N-[Methylpropylidenepropanamine],Toxic Organics,Toxic Organics
"4-Methyl-2,6-di-tert-butylphenol",Toxic Organics,Toxic Organics
Dimethylpropylphenol,Toxic Organics,Toxic Organics
4-t-Amyl-2-chlorophenol,Toxic Organics,Toxic Organics
"Dichloro-4-[1,1-dimethylpropylphenol]",Toxic Organics,Toxic Organics
E. coli,Pathogens,Pathogens
"E. coli, colony forming units [CFU]",Toxic Organics,Toxic Organics
Carbophenothion,Uncategorized,Uncategorized
Ultraviolet light transmittance,Uncategorized,Uncategorized
"1,3-Dichloropropylene",Toxic Organics,Toxic Organics
.alpha.-Terpineol,Other,Other
o-Cresol,Toxic Organics,Toxic Organics
1-Ethoxy-2-methylpropane,Toxic Organics,Toxic Organics
"Elevation, top of mine pool",Other,Other
Calgon H-130M,Uncategorized,Uncategorized
"Wetland overflow, y/n response",Other,Other
"Tin, tri-organo-",Metals,Tin
"Herbaceous vegetation, presence",Other,Other
"Woody vegetation, presence",Other,Other
"Algae, presence",Nutrients,Algae and other Nutrient-related
"Fish, presence",Other,Other
"Threatened & endangered species, presence",Toxic Organics,Toxic Organics
Terramycin,Uncategorized,Uncategorized
Chromium III,Metals,Chromium
TMOA,Uncategorized,Uncategorized
Rhodamine WT dye,Uncategorized,Uncategorized
Flow [dry weather],Flow,Flow
3-Phenoxylbenzyl,Toxic Organics,Toxic Organics
Methallyloxyphenol,Toxic Organics,Toxic Organics
Formalin,Toxic Organics,Toxic Organics
Ammonium perfluoroctanoate,Toxic Organics,Toxic Organics
Diquat product,Uncategorized,Uncategorized
Potassium permanganate,Nutrients,Potassium
Hatchery flow treated [GPM],Flow,Flow
"2,2-Dimethoxypropane",Toxic Organics,Toxic Organics
t-Butyl alcohol,Toxic Organics,Toxic Organics
Delta pH,pH,pH
Bromodichloromethane,Toxic Organics,Toxic Organics
Methylcyclopentane,Toxic Organics,Toxic Organics
Syltherm,Uncategorized,Uncategorized
Trimethylorthoformate,Toxic Organics,Toxic Organics
N-Ethylaniline,Toxic Organics,Toxic Organics
"Hydrogen sulfide, unionized",Inorganics,Toxic Inorganics
"Benzothiazole, 2-[methythio]-",Toxic Organics,Toxic Organics
"1,2-Benzisothiazole, 3-methoxy-",Toxic Organics,Toxic Organics
"Dibenzothiophene, 1,2,3,4-Tetrahydro-8-methyl-",Toxic Organics,Toxic Organics
Larvin,Uncategorized,Uncategorized
"Manure remaining, gallons",Uncategorized,Uncategorized
"Nitrogen, total available [water]",Nutrients,Nitrogen
"Nitrogen, ammonia [NH3-N]",Toxic Organics,Toxic Organics
"Nitrogen, nitrate [NO3], [water]",Nutrients,Nitrogen
"Nitrogen, Kjeldahl, total [TKN] [water]",Nutrients,Nitrogen
"Manure, wet tons removed",Uncategorized,Uncategorized
"Manure, wet tons remaining",Uncategorized,Uncategorized
"Manure, wet tons total",Uncategorized,Uncategorized
"Manure solids, percent total",Solids,Suspended Solids
"Phosphate, total [P2O5], water",Nutrients,Phosphorus
"Nitrogen, total, as NO3, [sludge]",Nutrients,Nitrogen
"Nitrogen, total available, [sludge]",Nutrients,Nitrogen
"Nitrogen, ammonia [NH3-N], [sludge]",Toxic Organics,Toxic Organics
"Nitrogen, nitrate [NO3], [sludge]",Nutrients,Nitrogen
"Nitrogen, Kjeldahl, total [TKN], [sludge]",Nutrients,Nitrogen
"Potassium, total [K2O], [sludge]",Nutrients,Potassium
"Phosphate, total [P2O5], sludge",Nutrients,Phosphorus
Chlorinated methanes,Inorganics,Disinfectants
Chlorinated ethanes,Inorganics,Disinfectants
4-Chlorophenyl phenyl ether,Toxic Organics,Toxic Organics
4-Nitrophenol,Toxic Organics,Toxic Organics
"4-Nitrophenol, dry weight",Toxic Organics,Toxic Organics
"p,p'-DDE - dissolved",Toxic Organics,Toxic Organics
"p,p'-DDT, dissolved",Toxic Organics,Toxic Organics
"4,6-Dinitro-o-cresol",Toxic Organics,Toxic Organics
Dichlorodifluoromethane,Toxic Organics,Toxic Organics
PCB-1016,Toxic Organics,Toxic Organics
Dioxin [TCDD] suspended,Toxic Organics,Toxic Organics
"2,3,7,8-Tetrachlorodibenzo-p-dioxin, dry",Toxic Organics,Toxic Organics
"2,3,7,8-TCDD TEC",Toxic Organics,Toxic Organics
Phenol,Toxic Organics,Toxic Organics
"trans-1,3-Dichloroproprene, dry weight",Toxic Organics,Toxic Organics
"trans-1,3-Dichloropropene",Toxic Organics,Toxic Organics
"cis-1,3-Dichloropropene",Toxic Organics,Toxic Organics
"Benzo[b,k]fluoranthene",Toxic Organics,Toxic Organics
Triaryl phosphate,Nutrients,Phosphorus
Bolero,Uncategorized,Uncategorized
"Sodium polyacrylate, total",Toxic Organics,Toxic Organics
"Nitrogen, ammonia, total [as NH3]",Nutrients,Nitrogen
p-Xylene,Toxic Organics,Toxic Organics
"Sodium molybdate, total",Metals,Molybdenum
"2,3-Dichlorophenol, total",Toxic Organics,Toxic Organics
"Phenylphenol, 4- total",Toxic Organics,Toxic Organics
"2,3,7,8-Tetrachlorodibenzo-p-dioxin sed,",Toxic Organics,Toxic Organics
Stream stage,Uncategorized,Uncategorized
"Surfactants, as CTAS, effluent",Toxic Organics,Toxic Organics
Ethylbenzene,Toxic Organics,Toxic Organics
Surfactants [MBAS],Toxic Organics,Toxic Organics
Aminocarb,Uncategorized,Uncategorized
Barban,Uncategorized,Uncategorized
"Chloroneb, total",Uncategorized,Uncategorized
Dalapon,Uncategorized,Uncategorized
"Dichloran, total",Uncategorized,Uncategorized
"Dichlorvos, total",Toxic Organics,Toxic Organics
Famphur,Uncategorized,Uncategorized
Fenuron,Uncategorized,Uncategorized
MCPB,Uncategorized,Uncategorized
Methiocarb,Toxic Organics,Toxic Organics
Mexacarbate,Uncategorized,Uncategorized
Monuron,Uncategorized,Uncategorized
Neburon,Uncategorized,Uncategorized
PCNB,Uncategorized,Uncategorized
Polyram,Uncategorized,Uncategorized
"Propachlor, dissolved",Uncategorized,Uncategorized
Propoxur,Uncategorized,Uncategorized
Siduron,Uncategorized,Uncategorized
SWEP,Uncategorized,Uncategorized
"Terbuthylazine, total",Toxic Organics,Toxic Organics
Prothiofos,Uncategorized,Uncategorized
"Propazine, total",Toxic Organics,Toxic Organics
"Benzene, halogenated",Toxic Organics,Toxic Organics
"Sodium, % exchangeable soil, total",Other,Fuel
Xanthates,Uncategorized,Uncategorized
"1,1-Dichloro-2,2,2-trifluoroethane",Toxic Organics,Toxic Organics
"1,1,1,2,2-Pentafluoroethane",Toxic Organics,Toxic Organics
"1,1,1-Trichloro-2,2,2-trifluoroethane",Toxic Organics,Toxic Organics
"1,1-Dichloro-1,2,2,2-tetrafluoroethane",Toxic Organics,Toxic Organics
"1,2-Dichloroethene",Toxic Organics,Toxic Organics
Bromomethane,Toxic Organics,Toxic Organics
Chloromethane,Toxic Organics,Toxic Organics
Dibromomethane [Methylene Bromide],Toxic Organics,Toxic Organics
2-Chlorotoluene,Toxic Organics,Toxic Organics
"2,3,7,8-Chlorodibenzofuran",Toxic Organics,Toxic Organics
"Chlorohexane, total",Toxic Organics,Toxic Organics
Tetrachlorvinphos,Toxic Organics,Toxic Organics
"2,3,7,8-Tetrachlorodibenzofuran",Toxic Organics,Toxic Organics
"Bromodichloromethane, effluent",Toxic Organics,Toxic Organics
"Benomyl, total",Uncategorized,Uncategorized
"Bentazon, total",Uncategorized,Uncategorized
Bolstar,Uncategorized,Uncategorized
"Busan 40, total",Toxic Organics,Toxic Organics
"Busan 85, total",Toxic Organics,Toxic Organics
Chlorpyrifos methyl,Toxic Organics,Toxic Organics
"2,4-DB",Toxic Organics,Toxic Organics
DEET,Uncategorized,Uncategorized
"Dichlorvos, total dissolved",Toxic Organics,Toxic Organics
"Dichlorvos, total suspended",Toxic Organics,Toxic Organics
"Dichlorvos, total sed dry weight",Toxic Organics,Toxic Organics
"Ethalfluralin water, total",Uncategorized,Uncategorized
Fluometuron,Uncategorized,Uncategorized
"Cations, total",Uncategorized,Uncategorized
Chlorinated phenols,Inorganics,Disinfectants
Isopimaric acid,pH,pH
Linolenic acid,pH,pH
"9,10-Epoxystearic acid",pH,pH
Monochlorodehydroabietic acid,pH,pH
Dichlorodehydroabietic acid,pH,pH
Isoprene,Toxic Organics,Toxic Organics
"Phenolics, total",Toxic Organics,Toxic Organics
"Oxidants, total residual",Uncategorized,Uncategorized
"Oxidants, free available",Uncategorized,Uncategorized
"Oxidants released, total residual",Uncategorized,Uncategorized
Oxygen transfer efficiency,Uncategorized,Uncategorized
Oxygen injection diversion,Uncategorized,Uncategorized
Oxygen injection interruption,Uncategorized,Uncategorized
Nitroglycerin,Uncategorized,Uncategorized
Ethylene glycol dinitrate,Toxic Organics,Toxic Organics
"Benzene, toluene, xylene in combination",Toxic Organics,Toxic Organics
.delta.-BHC,Toxic Organics,Toxic Organics
n-Butylbenzene sulfonamide [in water],Toxic Organics,Toxic Organics
Acenaphthylene,Toxic Organics,Toxic Organics
Acenaphthene,Toxic Organics,Toxic Organics
"Acenaphthene, sed [dry weight]",Toxic Organics,Toxic Organics
Acrolein,Toxic Organics,Toxic Organics
"Acrolein, dry weight",Toxic Organics,Toxic Organics
Acrylonitrile,Toxic Organics,Toxic Organics
"Acrylonitrile, dry weight",Toxic Organics,Toxic Organics
Anthracene,Toxic Organics,Toxic Organics
Asbestos [fibrous],Other,Other
Asbestos [fibrous] dry weight,Other,Other
"Benzene, dissolved",Toxic Organics,Toxic Organics
"Benzene, dry weight",Toxic Organics,Toxic Organics
Benzo[a]pyrene,Toxic Organics,Toxic Organics
"Benzo[a]pyrene, dry weight",Toxic Organics,Toxic Organics
.alpha.-BHC dissolved,Other,Other
".beta.-BHC, dissolved",Other,Other
.delta.-Benzenehexachloride,Toxic Organics,Toxic Organics
.gamma.-Lindane,Other,Radiation
Bis[chloromethyl] ether,Toxic Organics,Toxic Organics
"Bis[chloromethyl] ether, dry weight",Toxic Organics,Toxic Organics
Bis[2-chloroethyl] ether,Toxic Organics,Toxic Organics
Bis[2-chloro-1-methylethyl] ether,Toxic Organics,Toxic Organics
Bis[2-chloroethoxy]methane,Toxic Organics,Toxic Organics
"Bis[2-chloroethoxy]methane, dry wt.",Toxic Organics,Toxic Organics
Bis[2-chloroisopropyl] ether,Toxic Organics,Toxic Organics
"Bromoform, dry weight",Toxic Organics,Toxic Organics
Butyl benzyl phthalate,Toxic Organics,Toxic Organics
"Carbon tetrachloride, dry weight",Toxic Organics,Toxic Organics
Chlorobenzene,Toxic Organics,Toxic Organics
"Chlorobenzene, dry weight",Toxic Organics,Toxic Organics
Chlorodibromomethane,Toxic Organics,Toxic Organics
"Chlorodibromomethane, dry weight",Toxic Organics,Toxic Organics
"Chloroethane, total weight",Uncategorized,Uncategorized
"Chloroform, dissolved",Toxic Organics,Toxic Organics
"Chloroform, dry weight",Toxic Organics,Toxic Organics
Chrysene,Toxic Organics,Toxic Organics
"Dichlorobromomethane, dry weight",Toxic Organics,Toxic Organics
"Dichlorodifluoromethane, dry weight",Toxic Organics,Toxic Organics
Diethyl phthalate,Toxic Organics,Toxic Organics
"Diethyl phthalate, dry weight",Toxic Organics,Toxic Organics
Dimethyl phthalate,Toxic Organics,Toxic Organics
"Dimethyl phthalate, dry weight",Toxic Organics,Toxic Organics
"1,2-Diphenylhydrazine",Toxic Organics,Toxic Organics
"1,2-Diphenylhydrazine, dry weight",Toxic Organics,Toxic Organics
Endosulfan sulfate,Toxic Organics,Toxic Organics
.beta.-Endosulfan,Other,Other
.alpha.-Endosulfan,Other,Other
Endrin aldehyde,Toxic Organics,Toxic Organics
"Ethylbenzene, dry weight",Toxic Organics,Toxic Organics
Fluoranthene,Toxic Organics,Toxic Organics
"Fluoranthene, dry weight",Toxic Organics,Toxic Organics
Fluorene,Toxic Organics,Toxic Organics
"Fluorene, dry weight",Toxic Organics,Toxic Organics
Hexachlorocyclopentadiene,Toxic Organics,Toxic Organics
"Hexachlorocyclopentadiene, dry weight",Toxic Organics,Toxic Organics
Hexachloroethane,Toxic Organics,Toxic Organics
"Hexachloroethane, dry weight",Toxic Organics,Toxic Organics
"Indeno[1,2,3-cd]pyrene, dry weight",Toxic Organics,Toxic Organics
"Isopropalin water, total",Uncategorized,Uncategorized
Chloride [1% solution],Solids,Dissolved Solids
Chloride [3% solution],Solids,Dissolved Solids
Formalin [250 mg/L application],Toxic Organics,Toxic Organics
Formalin [1670 mg/L application],Toxic Organics,Toxic Organics
Hatchery flow,Flow,Flow
Hatchery flow treated,Flow,Flow
Betz clam-trol CT-2,Uncategorized,Uncategorized
Betz clam-trol CT-4,Uncategorized,Uncategorized
"1,1-Dichloro-2,2-diethoxyethane",Toxic Organics,Toxic Organics
2-Ethylbenzeneamine,Toxic Organics,Toxic Organics
"Tetramethylurea, total",Toxic Organics,Toxic Organics
"Diesel range organics diesel, total, wtr",Other,Other
N-Methylbenzeneamine,Toxic Organics,Toxic Organics
Priority Pollutants,Uncategorized,Uncategorized
"2,4-Di-tert-pentylphenol, total",Toxic Organics,Toxic Organics
"Butylamine, total, water",Toxic Organics,Toxic Organics
"1-Formylpiperdine, total",Toxic Organics,Toxic Organics
"Tripropyl orthoformate, total",Toxic Organics,Toxic Organics
"Trimethyl orthoacetate, total",Toxic Organics,Toxic Organics
"U-Toluidine, total",Uncategorized,Uncategorized
"Chlordane, CA Ocean Plan definition",Toxic Organics,Toxic Organics
"Condenser cooling, water pumping rate",Uncategorized,Uncategorized
Duration,Uncategorized,Uncategorized
Plant intake as % of stream flow,Flow,Flow
Application rate area sprayed,pH,pH
"Flow, maximum during 24 hr period",Flow,Flow
"Flow, maximum during 24 hour period",Flow,Flow
"Flow, wastewater by-passing trtmnt plant",Flow,Flow
"Flow, in conduit or thru treatment plant",Flow,Flow
"Injection pressure, at well head",Uncategorized,Uncategorized
Pressure in annulus of waste inject well,Uncategorized,Uncategorized
Chlorine dose,Inorganics,Disinfectants
Chlorine rate,Inorganics,Disinfectants
"Chlorine, total residual",Inorganics,Disinfectants
"Chlorine, free available",Inorganics,Disinfectants
"Chlorine, combined available",Inorganics,Disinfectants
Chlorination,Uncategorized,Uncategorized
Chlorine dioxide,Inorganics,Disinfectants
Monoboro chlorate,Uncategorized,Uncategorized
Chlorite,Uncategorized,Uncategorized
Ferricyanide,Inorganics,Toxic Inorganics
"BOD, percent removal [total]",Organics,COD
5-Day sum of BOD5 discharged,Organics,COD
7-Day sum of BOD5 discharged,Organics,COD
7-Day sum of WLA values,Uncategorized,Uncategorized
WLA BOD-5 day value,Organics,COD
5-Day sum of WLA values,Uncategorized,Uncategorized
Avg. of 7-day sum of BOD5 values,Organics,COD
"Mercury, total low level",Other,Other
Total production - days,Uncategorized,Uncategorized
"Halogens, adsorbable organic [AOX]",Uncategorized,Uncategorized
"Hydrogen peroxide, total, dilution ratio",Flow,Flow
"Hydrocarbon, aqueous",Organics,COD
"Mercury, total [low level]",Other,Other
"4-Chloro-2,6-dinitrophenol",Toxic Organics,Toxic Organics
Pentaeerythritol tetranitrate,Nutrients,Nitrogen
Triethylene glycol,Toxic Organics,Toxic Organics
2-Propanone,Toxic Organics,Toxic Organics
Butanone,Toxic Organics,Toxic Organics
Trichloroethane,Uncategorized,Uncategorized
Acrylamide,Toxic Organics,Toxic Organics
Carcinogen additivity factor,Uncategorized,Uncategorized
Glycol [total],Uncategorized,Uncategorized
Surface loading rate,Uncategorized,Uncategorized
Methyl formate,Toxic Organics,Toxic Organics
Isobutyraldehyde,Toxic Organics,Toxic Organics
n-Amyl acetate,Toxic Organics,Toxic Organics
Amyl alcohol,Toxic Organics,Toxic Organics
Boundary areas,Uncategorized,Uncategorized
% of fecal coliform samples < detectable,Toxic Organics,Toxic Organics
Spinosad [DE-105],Uncategorized,Uncategorized
tert-Butyl alcohol [TBA],Toxic Organics,Toxic Organics
RDX+HMX,Uncategorized,Uncategorized
Methyl acrylate,Toxic Organics,Toxic Organics
Dibutyl phthalate,Toxic Organics,Toxic Organics
"BOD, 5 day percent removal, dry",Organics,COD
"BOD, 5 day percent removal, wet",Organics,COD
PCB-1254,Toxic Organics,Toxic Organics
"PCB-1254, bot. dep.,dry solid",Toxic Organics,Toxic Organics
PCB-1260,Toxic Organics,Toxic Organics
"PCB-1260, bot. dep., dry solid",Toxic Organics,Toxic Organics
Chronic Value Static 48Hr Acute Lepomis Macrochirus,Aquatic Toxicity,Aquatic Toxicity
Chv Static 96Hr Acute Lepomis Macrochirus,Aquatic Toxicity,Aquatic Toxicity
Chv Static 4Day Chronic Lepomis Macrochirus,Aquatic Toxicity,Aquatic Toxicity
Chv Static 7Day Chronic Lepomis Macrochirus,Aquatic Toxicity,Aquatic Toxicity
Chronic Value Static 1Hr Chronic Lepomis macrochirus,Aquatic Toxicity,Aquatic Toxicity
Chv Static 1Hr Chronic Salmo Gair.,Aquatic Toxicity,Aquatic Toxicity
Chv Static 48Hr Chronic Salmo Gair.,Aquatic Toxicity,Aquatic Toxicity
Chronic Value Static Renewal 48Hr Acute Lepomis Macrochirus,Toxic Organics,Toxic Organics
Chv Statre 96Hr Acute Lepomis Macrochi,Aquatic Toxicity,Aquatic Toxicity
Chv Statre 4Day Chronic Lepomis Macrochi,Aquatic Toxicity,Aquatic Toxicity
Chv Statre 7Day Chronic Ceriodaphnia,Aquatic Toxicity,Aquatic Toxicity
Chv Statre 7Day Chronic Pimephales,Aquatic Toxicity,Aquatic Toxicity
Chv Statre 7Day Chronic Lepomis Macrochi,Aquatic Toxicity,Aquatic Toxicity
Chv Flth 48Hr Acute Lepomis Macrochi,Aquatic Toxicity,Aquatic Toxicity
Chv Flth 96Hr Acute Lepomis Macrochi,Aquatic Toxicity,Aquatic Toxicity
Chv Flth 4Day Chronic Lepomis Macrochi,Aquatic Toxicity,Aquatic Toxicity
Chv Flth 7Day Chronic Lepomis Macrochi,Aquatic Toxicity,Aquatic Toxicity
LC50 Pass/Fail Static 48Hr Acute Oyster Embryo,Aquatic Toxicity,Aquatic Toxicity
LC50 Pass/Fail Static 48Hr Acute Lepomis Macrochirus,Aquatic Toxicity,Aquatic Toxicity
LC50 Pass/Fail Static 96Hr Acute Lepomis Macrochiru,Aquatic Toxicity,Aquatic Toxicity
LC50 Pass/Fail Static 4Day Chronic Lepomis Macrochiru,Aquatic Toxicity,Aquatic Toxicity
LC50 Pass/Fail Static 7Day Chronic Lepomis Macrochiru,Aquatic Toxicity,Aquatic Toxicity
LC50 Pass/Fail Static 24Hr Acute Ceriodaphnia,Aquatic Toxicity,Aquatic Toxicity
Daphnia Magna Survi-Val 24 Hr. Acute Wet,Aquatic Toxicity,Aquatic Toxicity
LC50 Pass/Fail Static 24Hr Acute D. Pulex,Aquatic Toxicity,Aquatic Toxicity
LC50 Pass/Fail Static 24Hr Acute Mysid. Bahia,Aquatic Toxicity,Aquatic Toxicity
LC50 Pass/Fail Static 24Hr Acute Cyprinodon,Aquatic Toxicity,Aquatic Toxicity
LC50 Pass/Fail Static 24Hr Acute Menidia menidia,Aquatic Toxicity,Aquatic Toxicity
LC50 Pass/Fail Static 24Hr Acute Pimphales,Aquatic Toxicity,Aquatic Toxicity
LC50 Pass/Fail Static 1Hr Chronic Lepomis macrochirus,Aquatic Toxicity,Aquatic Toxicity
LC50 Pass/Fail 1Hr Fert. Test Chr.,Uncategorized,Uncategorized
LC50 Statre 48Hr Acuc. Dubia,Aquatic Toxicity,Aquatic Toxicity
LC50 Pass/Fail Static Renewal 48Hr Acute Daphnia Pulex,Toxic Organics,Toxic Organics
LC50 Statre 48Hr Acute P. Promelas,Aquatic Toxicity,Aquatic Toxicity
LC50 Pass/Fail Static Renewal 48Hr Acute Lepomis Macrochirus,Toxic Organics,Toxic Organics
LC50 Pass/Fail Statre 96Hr Acute Lepomis Macrochi,Aquatic Toxicity,Aquatic Toxicity
LC50 Pass/Fail Statre 4Day Chronic Lepomis Macrochi,Aquatic Toxicity,Aquatic Toxicity
LC50 Pass/Fail Statre 7Day Chronic Lepomis Macrochi,Aquatic Toxicity,Aquatic Toxicity
LC50 Pass/Fail Flth 48Hr Acute Lepomis Macrochi,Aquatic Toxicity,Aquatic Toxicity
LC50 Pass/Fail Flth 96Hr Acute Lepomis Macrochi,Aquatic Toxicity,Aquatic Toxicity
LC50 Pass/Fail Flth 4Day Chronic Lepomis Macrochi,Aquatic Toxicity,Aquatic Toxicity
LC50 Pass/Fail Flth 7Day Chronic Lepomis Macrochi,Aquatic Toxicity,Aquatic Toxicity
% Mortality Static 48Hr Acute Ceriodaphnia,Aquatic Toxicity,Aquatic Toxicity
% Mortality Static 48Hr Acute Mysid. Bahia,Aquatic Toxicity,Aquatic Toxicity
%Mortality 96Hr Acute L. Minor,Aquatic Toxicity,Aquatic Toxicity
%Mortality 1Hr Chronic Selen. Capr.,Aquatic Toxicity,Aquatic Toxicity
%Mortality 1Hr Chronic L. Minor,Aquatic Toxicity,Aquatic Toxicity
%Mortality Static 24Hr Acute Ceriodaphnia,Aquatic Toxicity,Aquatic Toxicity
%Mortality Static 24Hr Acute Pimephales,Aquatic Toxicity,Aquatic Toxicity
"48Hr Chr, 5-7 Day Rec. Selen. Capr.",Aquatic Toxicity,Aquatic Toxicity
"48Hr Chr, 5-7 Day Rec. L. Minor",Aquatic Toxicity,Aquatic Toxicity
1 Hr Fert. Test Chronic Selen. Capr.,Aquatic Toxicity,Aquatic Toxicity
%Mortality Static Renewal 48Hr Acute Daphnia Pulex,Toxic Organics,Toxic Organics
%Mortality 48Hr Acute P. Promelas Test,Aquatic Toxicity,Aquatic Toxicity
%Mortality 7Day Chronic Ceriodaphnia,Aquatic Toxicity,Aquatic Toxicity
%Mortality 7Day Chronic Mysid. Bahia,Aquatic Toxicity,Aquatic Toxicity
%Mortality Static Renewal 7Day Chronic Daphnia Ambigua,Toxic Organics,Toxic Organics
%Mortality Static Renewal 7Day Chronic Pimephales Promelas,Toxic Organics,Toxic Organics
TU 96Hr Acute Selen. Capr.,Aquatic Toxicity,Aquatic Toxicity
TU 96Hr Acute L. Minor,Aquatic Toxicity,Aquatic Toxicity
TU 1Hr Chronic Selen. Capr.,Aquatic Toxicity,Aquatic Toxicity
TU 1Hr Chronic L. Minor,Aquatic Toxicity,Aquatic Toxicity
"TU 48Hr Chr, 5-7 Day Rec. Selen. Capr.",Aquatic Toxicity,Aquatic Toxicity
"TU 48 Hr Chr, 5-7 Day Rec. L. Minor",Uncategorized,Uncategorized
Sulfate,Solids,Dissolved Solids
"Residue, total volatile",Uncategorized,Uncategorized
Seawater gel mud,Uncategorized,Uncategorized
"Cyanide, free not amenable to chlorin.",Inorganics,Toxic Inorganics
Kepone,Uncategorized,Uncategorized
Benzene hexachloride,Toxic Organics,Toxic Organics
Trifluralin [C13H16F3N3O4],Toxic Organics,Toxic Organics
"BOD, carbonaceous [5-day, 20 C][streamflow]",Organics,COD
Dinitrobutyl phenol,Toxic Organics,Toxic Organics
"BHC, total",Toxic Organics,Toxic Organics
EPN,Uncategorized,Uncategorized
Phosalone,Uncategorized,Uncategorized
Azinphos-ethyl,Toxic Organics,Toxic Organics
Coumaphos,Uncategorized,Uncategorized
"DEF, total",Uncategorized,Uncategorized
"Organics, total",Organics,Other Organics
Dibenzofuran,Toxic Organics,Toxic Organics
"Hydrocarbons, nitrated",Organics,COD
Hydrazine,Toxic Organics,Toxic Organics
"1,1-Dimethylhydrazine",Toxic Organics,Toxic Organics
Thiosulfate ion[2-],Metals,Other Metals
Ferrocyanide,Inorganics,Toxic Inorganics
Chlorpropham,Uncategorized,Uncategorized
"Camphor, whole water",Uncategorized,Uncategorized
"Dichloroethene, total",Toxic Organics,Toxic Organics
"Hexene, total water",Toxic Organics,Toxic Organics
"N,N-Dimethyl acetamide, whole water",Toxic Organics,Toxic Organics
"Dichlorobenzene, isomer",Toxic Organics,Toxic Organics
"Naphthalene, dry weight",Toxic Organics,Toxic Organics
Nitrobenzene,Toxic Organics,Toxic Organics
"Nitrobenzene, dry weight",Toxic Organics,Toxic Organics
para-Chloro-meta-cresol,Toxic Organics,Toxic Organics
"Phenanthrene, dry weight",Toxic Organics,Toxic Organics
"Pyrene, dry weight",Toxic Organics,Toxic Organics
Tetrachloroethylene,Toxic Organics,Toxic Organics
"Tetrachloroethylene, dry weight",Toxic Organics,Toxic Organics
Thallium in bottom deposits [dry wgt],Metals,Thallium
"Toluene, dissolved",Toxic Organics,Toxic Organics
"Toluene, dry weight",Toxic Organics,Toxic Organics
"Trichloroethylene, dissolved",Toxic Organics,Toxic Organics
"Trichloroethylene, dry weight",Toxic Organics,Toxic Organics
Trichlorofluoromethane,Toxic Organics,Toxic Organics
"Vinyl chloride, dry weight",Toxic Organics,Toxic Organics
"1,1-Dichloroethane",Toxic Organics,Toxic Organics
"1,1-Dichloroethane, dry weight",Toxic Organics,Toxic Organics
"1,1-Dichloroethylene",Toxic Organics,Toxic Organics
"1,1-Dichloroethylene, dry weight",Toxic Organics,Toxic Organics
"1,1,1-Trichloroethane",Toxic Organics,Toxic Organics
"1,1,1-Trichloroethane, dry weight",Toxic Organics,Toxic Organics
"1,1,2-Trichloroethane",Toxic Organics,Toxic Organics
"1,1,2-Trichloroethane, dry weight",Toxic Organics,Toxic Organics
"1,1,2,2-Tetrachloroethane",Toxic Organics,Toxic Organics
"1,1,2,2-Tetrachloroethane, dry weight",Toxic Organics,Toxic Organics
Benzo[ghi]perylene,Toxic Organics,Toxic Organics
Benzo[a]anthracene,Toxic Organics,Toxic Organics
"1,2-Dichloroethane, total weight",Toxic Organics,Toxic Organics
"1,2-Dichloroethane, dry weight",Toxic Organics,Toxic Organics
"1,2-Dichlorobenzene",Toxic Organics,Toxic Organics
"1,2-Dichlorobenzene, dry weight",Toxic Organics,Toxic Organics
"1,2-Dichloropropane",Toxic Organics,Toxic Organics
"1,2-Dichloropropane, dry weight",Toxic Organics,Toxic Organics
"trans-1,2-Dichloroethylene",Toxic Organics,Toxic Organics
"1,2-trans-Dichloroethylene, dry weight",Toxic Organics,Toxic Organics
"1,2,4-Trichlorobenzene",Toxic Organics,Toxic Organics
"1,2,4-Trichlorobenzene, dry weight",Toxic Organics,Toxic Organics
"Dibenzo[a,h]anthracene, dry weight",Toxic Organics,Toxic Organics
"1,3-Dichloropropene, total weight",Toxic Organics,Toxic Organics
"1,3-Dichlorobenzene",Toxic Organics,Toxic Organics
"1,3-Dichlorobenzene, dry weight",Toxic Organics,Toxic Organics
"1,4-Dichlorobenzene",Toxic Organics,Toxic Organics
"1,4-Dichlorobenzene, dry weight",Toxic Organics,Toxic Organics
"2-Chloroethyl vinyl ether, [mixed]",Toxic Organics,Toxic Organics
"2-Chloroethyl vinyl ether, dry weight",Toxic Organics,Toxic Organics
2-Chloronaphthalene,Toxic Organics,Toxic Organics
2-Chlorophenol,Toxic Organics,Toxic Organics
2-Nitrophenol,Toxic Organics,Toxic Organics
Di-n-octyl phthalate,Toxic Organics,Toxic Organics
"Di-n-octyl phthalate, dry weight",Toxic Organics,Toxic Organics
"2,4-Dichlorophenol",Toxic Organics,Toxic Organics
"2,4-Dimethylphenol",Toxic Organics,Toxic Organics
"2,4-Dinitrotoluene",Toxic Organics,Toxic Organics
"2,4-Dinitrotoluene, dry weight",Toxic Organics,Toxic Organics
"2,4-Dinitrophenol",Toxic Organics,Toxic Organics
"2,4-Dinitrophenol, dry weight",Toxic Organics,Toxic Organics
"2,4,6-Trichlorophenol",Toxic Organics,Toxic Organics
"2,4,6-Trichlorophenol, dry weight",Toxic Organics,Toxic Organics
"2,6-Dinitrotoluene",Toxic Organics,Toxic Organics
"2,6-Dinitrotoluene, dry weight",Toxic Organics,Toxic Organics
"3,3'-Dichlorobenzidine",Toxic Organics,Toxic Organics
"3,3'-Dichlorobenzidine, dry weight",Toxic Organics,Toxic Organics
NOEAL Static Renewal 48Hr Acute Lepomis Macrochirus,Toxic Organics,Toxic Organics
TU Static 1Hr Chronic Red Sea Urchin,Aquatic Toxicity,Aquatic Toxicity
TU Static 1Hr Chronic Purple Sea Urchin,Aquatic Toxicity,Aquatic Toxicity
TU Static 1Hr Chronic Green Sea Urchin,Aquatic Toxicity,Aquatic Toxicity
TU Static 1Hr Chronic Dendraster Excent,Aquatic Toxicity,Aquatic Toxicity
TU 1Hr Fert. Test Chronic Selen Capr.,Aquatic Toxicity,Aquatic Toxicity
TU 1Hr Fert. Test Chronic L. Minor,Aquatic Toxicity,Aquatic Toxicity
TU Static 48Hr Chronic Crassostrea Gigas,Other,Fuel
TU Static 48Hr Chronic Mytilus Edulis,Aquatic Toxicity,Aquatic Toxicity
TU Statre 96Hr Acute Pandulas Hypsinotus,Aquatic Toxicity,Aquatic Toxicity
TU Statre 96Hr Acute Pandulas Borealis,Aquatic Toxicity,Aquatic Toxicity
TU Statre 96Hr Acute Cancer Magister,Aquatic Toxicity,Aquatic Toxicity
TU Statre 96Hr Acute Orcorhynchus Gorbus,Aquatic Toxicity,Aquatic Toxicity
LF Pass/Fail Survival Test 96Hr Acute Selen. Capr,Aquatic Toxicity,Aquatic Toxicity
LF Pass/Fail Survival Test 1Hr Chronic Selen. Capr.,Aquatic Toxicity,Aquatic Toxicity
LF Pass/Fail Survival Test 1Hr Chronic L. Minor,Aquatic Toxicity,Aquatic Toxicity
"LF Pass/Fail Survival Test 48Hr Chr, 5-7 Day Rec Selen. Capr.",Aquatic Toxicity,Aquatic Toxicity
"LF Pass/Fail Survival Test 48Hr Chr, 5-7 Day Rec L. Minor",Aquatic Toxicity,Aquatic Toxicity
LF Pass/Fail Survival Test 1Hr Fert. Test Chronic Selen. Capr,Aquatic Toxicity,Aquatic Toxicity
LF Pass/Fail Survival Test 1Hr Fert. Test Chronic L. Minor,Aquatic Toxicity,Aquatic Toxicity
Low Flow Pass/Fail Survival Test Static Renewal 7 Day Chronic Ceriodaphnia dubia,Toxic Organics,Toxic Organics
Low Flow Pass/Fail Survival Test Static Renewal 7 Day Chronic Americamysis bahia,Toxic Organics,Toxic Organics
Low Flow Pass/Fail Survival Test Static Renewal  7 Day Chronic Cyprinodeon variegatus,Toxic Organics,Toxic Organics
Low Flow Pass/Fail Survival Test Static Renewal 7 Day Chronic Menidia menidia,Toxic Organics,Toxic Organics
Low Flow Pass/Fail Survival Test Static Renewal 7 Day Chronic Pimephales promelas,Toxic Organics,Toxic Organics
LC10 96Hr Acute Selen. Capr.,Aquatic Toxicity,Aquatic Toxicity
LC10 96Hr Acute L. Minor,Aquatic Toxicity,Aquatic Toxicity
LC10 1Hr Chronic Selen. Capr,Aquatic Toxicity,Aquatic Toxicity
LC10 1Hr Chronic L. Minor,Aquatic Toxicity,Aquatic Toxicity
Ceriodaphnia,Uncategorized,Uncategorized
Pimephales,Uncategorized,Uncategorized
"LC10 48Hr Chr, 5-7 Day Rec Selen. Capr.",Aquatic Toxicity,Aquatic Toxicity
"LC10 48Hr Chr, 5-7 Day Rec L. Minor",Aquatic Toxicity,Aquatic Toxicity
LC10 1Hr Fert. Test Chronic Selen. Capr.,Aquatic Toxicity,Aquatic Toxicity
LC10 1Hr Fert. Test Chronic L. Minor,Aquatic Toxicity,Aquatic Toxicity
LC10 Statre 48Hr Acute Ceriodaphnia,Aquatic Toxicity,Aquatic Toxicity
LC10 Statre 48Hr Acute D. Magna,Aquatic Toxicity,Aquatic Toxicity
LC10 Statre 96Hr Acuceriodaphnia,Aquatic Toxicity,Aquatic Toxicity
LC10 Statre 96Hr Acumysid. Bahia,Aquatic Toxicity,Aquatic Toxicity
LC10 Statre 96Hr Acumenidia,Aquatic Toxicity,Aquatic Toxicity
LC10 Statre 96Hr Acute Pimephales,Aquatic Toxicity,Aquatic Toxicity
LC20 Static 48Hr Acute Ceriodaphnia,Aquatic Toxicity,Aquatic Toxicity
LC20 Static 48Hr Acute Mysid. Bahia,Aquatic Toxicity,Aquatic Toxicity
LC20 96Hr Acute Selen. Capr.,Aquatic Toxicity,Aquatic Toxicity
LC20 96Hr Acute L. Minor,Aquatic Toxicity,Aquatic Toxicity
LC20 Static 96Hr Acute Ceriodaphnia,Aquatic Toxicity,Aquatic Toxicity
LC20 Static 96Hr Acute Mysid. Bahia,Aquatic Toxicity,Aquatic Toxicity
LC20 Static 96Hr Acute Menidia,Aquatic Toxicity,Aquatic Toxicity
LC20 Static 96Hr Acute Pimephales,Aquatic Toxicity,Aquatic Toxicity
LC20 Static 96Hr Acute Cyprinella Leedsi,Aquatic Toxicity,Aquatic Toxicity
LC20 4Day Chronic Selen. Capr.,Aquatic Toxicity,Aquatic Toxicity
LC20 4Day Chr. L. Minor,Uncategorized,Uncategorized
LC20 1Hr Chronic Selen. Capr.,Aquatic Toxicity,Aquatic Toxicity
LC20 1Hr Chronic L. Minor,Aquatic Toxicity,Aquatic Toxicity
"LC20 48Hr Chr, 5-7 Day Rec. Selen. Capr.",Aquatic Toxicity,Aquatic Toxicity
"LC20 48Hr Chr, 5-7 Day Rec. L. Minor",Aquatic Toxicity,Aquatic Toxicity
LC20 1Hr Fert. Test Chronic Selen Capr.,Aquatic Toxicity,Aquatic Toxicity
LC20 1Hr Fert. Test Chronic L. Minor,Aquatic Toxicity,Aquatic Toxicity
LC20 Statre 96Hr Acute Ceriodaphnia,Aquatic Toxicity,Aquatic Toxicity
LC20 Statre 96Hr Acumysid Bahia,Aquatic Toxicity,Aquatic Toxicity
LC20 Statre 96Hr Acumenidia,Aquatic Toxicity,Aquatic Toxicity
LC20 Static Renewal 96Hr Acupimephales,Toxic Organics,Toxic Organics
LC20 Statre 96Hr Acucyprinella Leedsi,Aquatic Toxicity,Aquatic Toxicity
LC20 Statre 7Day Chrceriodaphnia,Uncategorized,Uncategorized
LC20 Statre 7Day Chrmysid. Bahia,Uncategorized,Uncategorized
NOEC Lethal Static Renewal 48HR Acute Daphnia magna,Toxic Organics,Toxic Organics
NOEC Lethal Static Renewal 48HR Acute Daphnia pulex,Toxic Organics,Toxic Organics
NOEC Lethal Static Renewal 48HR Acute Americamysis bahia,Toxic Organics,Toxic Organics
NOEC Lethal Static Renewal 48HR Acute Cyprinodeon variegatus,Toxic Organics,Toxic Organics
NOEC Lethal Static Renewal 48HR Acute Menidia menidia,Toxic Organics,Toxic Organics
NOEC Lethal Static Renewal 48HR Acute Pimephales promelas,Toxic Organics,Toxic Organics
NOEC Lethal Static Renewal 7 Day Chronic Ceriodaphnia dubia,Toxic Organics,Toxic Organics
NOEC Lethal Static Renewal 7 Day Chronic Americamysis bahia,Toxic Organics,Toxic Organics
"Carbosulfan, total",Uncategorized,Uncategorized
"Halogen, total residual",Uncategorized,Uncategorized
Perchlorate [ClO4],Toxic Organics,Toxic Organics
"Fats, oils & grease [total o & g less TPH]",Other,Fuel
Enterococci,Pathogens,Pathogens
Time of bromine addition,Uncategorized,Uncategorized
Time of ferrous sulfate addition,Solids,Dissolved Solids
Diazoxon,Uncategorized,Uncategorized
Cryptosporidium,Uncategorized,Uncategorized
"Chlorinated hydrocarbons, total",Inorganics,Disinfectants
Bioassay [24 hr.],Uncategorized,Uncategorized
Bioassay [48 hr.],Uncategorized,Uncategorized
Bioassay [96 hr.],Uncategorized,Uncategorized
"Toxicity, final conc toxicity units",Aquatic Toxicity,Aquatic Toxicity
"Toxicity [acute], Ceriodaphnia dubia",Aquatic Toxicity,Aquatic Toxicity
"Toxicity [chronic], Ceriodaphnia dubia",Aquatic Toxicity,Aquatic Toxicity
"Toxicity [acute], Pimephales promelas [Fathead Minnow]",Aquatic Toxicity,Aquatic Toxicity
"Toxicity [chronic], Pimephales promelas [Fathead Minnow]",Aquatic Toxicity,Aquatic Toxicity
"Biological diversity, Shannon-Weaver index",Toxic Organics,Toxic Organics
"Lindane, dry weight",Uncategorized,Uncategorized
"Lead, sludge solid",Metals,Lead
"Lead, sludge total",Metals,Lead
"Copper, sludge solid",Metals,Copper
"Copper, sludge total",Metals,Copper
"Zinc, sludge solid",Metals,Zinc
"Zinc, sludge total",Metals,Zinc
"Chromium, sludge solid",Metals,Chromium
"Chromium, sludge total",Metals,Chromium
"Nickel, sludge solid",Metals,Nickel
"Nickel, sludge total",Metals,Nickel
"Selenium, sludge solid",Metals,Selenium
"Arsenic, sludge tot. dry wt [as As]",Metals,Arsenic
"Beryllium, sludge, tot. dry wt [as Be]",Metals,Beryllium
"Cadmium, sludge solid",Metals,Cadmium
"Cadmium, sludge total",Metals,Cadmium
Nitrogen sludge solid,Nutrients,Nitrogen
Nitrogen sludge total,Nutrients,Nitrogen
"Nitrogen, ammonia, sludge solid",Nutrients,Nitrogen
Nitrogen [as NO3] sludge solid,Nutrients,Nitrogen
"Solids, total, sludge, percent",Solids,Suspended Solids
"Cyanide, sludge solid",Inorganics,Toxic Inorganics
"Phenolic compounds, sludge total, dry weight",Toxic Organics,Toxic Organics
Ammonia [as N] + unionized ammonia,Nutrients,Nitrogen
Net rate of additionof heat,Uncategorized,Uncategorized
Temp. diff. between intake and discharge,Temperature,Temperature
Orthene,Toxic Organics,Toxic Organics
Inorganic suspended solids,Solids,Suspended Solids
"Turbidity, time above limit",Color and Turbidity,Turbidity
"1,3-Diaminourea",Toxic Organics,Toxic Organics
Ultraviolet light dosage,Nutrients,Dissolved Oxygen
"pH, maximum",pH,pH
"pH, minimum",pH,pH
Phenylpropanolamine,Toxic Organics,Toxic Organics
Acetaminophen,Toxic Organics,Toxic Organics
Phenyltoloxamine,Uncategorized,Uncategorized
Chloroxazone,Toxic Organics,Toxic Organics
Chlorpheniramine,Uncategorized,Uncategorized
Methocarbamol,Toxic Organics,Toxic Organics
Ephedrine sulfate,Solids,Dissolved Solids
Bromochloromethane,Toxic Organics,Toxic Organics
Dichlorofluoromethane,Toxic Organics,Toxic Organics
Isodecyl diphenyl phosphate,Nutrients,Phosphorus
4-Chloro-3-methylphenol,Toxic Organics,Toxic Organics
"Temp. difference, summer [deg. F]",Temperature,Temperature
"Temp. difference, winter [deg. F]",Temperature,Temperature
"Freon, total",Uncategorized,Uncategorized
Hexachloropentadiene,Toxic Organics,Toxic Organics
Isoxsuprine,Uncategorized,Uncategorized
Hydroxyzine,Toxic Organics,Toxic Organics
"1,2,4-Trichlorobenzene, total",Toxic Organics,Toxic Organics
Chromium hexavalent [as Cr],Metals,Chromium
"Solids, large fraction, suspended",Solids,Suspended Solids
"Solids, small fraction, suspended",Solids,Suspended Solids
"BOD, 5-day, total",Organics,COD
"COD, 25N K2Cr207, tot",Organics,COD
"Chromium, total [as Cr]",Metals,Chromium
"Phenolic compounds, total",Toxic Organics,Toxic Organics
"Oil & grease, total recoverable",Other,Fuel
"Solids, total suspended",Solids,Suspended Solids
Current direction deg from true north,Uncategorized,Uncategorized
Noael Statre 48Hr Acute Pimephales,Aquatic Toxicity,Aquatic Toxicity
Noael Statre 96Hr Acute Selen. Capr.,Aquatic Toxicity,Aquatic Toxicity
Noael Statre 96Hr Acute L. Minor,Aquatic Toxicity,Aquatic Toxicity
Noael Statre 96Hr Acu. Champia,Aquatic Toxicity,Aquatic Toxicity
Noael Statre 96Hr Acute Arbacia,Aquatic Toxicity,Aquatic Toxicity
Noael Statre 96Hr Acute Ceriodaphnia,Aquatic Toxicity,Aquatic Toxicity
Noael Statre 96Hr Acute D. Magna,Aquatic Toxicity,Aquatic Toxicity
Noael Statre 96Hr Acute D. Pulex,Aquatic Toxicity,Aquatic Toxicity
Noael Statre 96Hr Acute Mysid. Bahia,Aquatic Toxicity,Aquatic Toxicity
Noael Statre 96Hr Acute Cyprinodon,Aquatic Toxicity,Aquatic Toxicity
Noael Statre 96Hr Acute Menidia,Aquatic Toxicity,Aquatic Toxicity
Noael Statre 96Hr Acute Pimephales,Aquatic Toxicity,Aquatic Toxicity
Noael Statre 96Hr Acute Lepomis Macrochi,Aquatic Toxicity,Aquatic Toxicity
Noael Statre 4Day Chronic Selen. Capr.,Aquatic Toxicity,Aquatic Toxicity
Noael Statre 4Day Chronic L. Minor,Aquatic Toxicity,Aquatic Toxicity
Noael Statre 4Day Chronic Champia,Aquatic Toxicity,Aquatic Toxicity
Noael Statre 4Day Chronic Arbacia,Aquatic Toxicity,Aquatic Toxicity
Noael Statre 4Day Chronic Ceriodaphnia,Aquatic Toxicity,Aquatic Toxicity
Noael Statre 4Day Chronic D. Magna,Aquatic Toxicity,Aquatic Toxicity
Noael Statre 4Day Chronic D. Pulex,Aquatic Toxicity,Aquatic Toxicity
Noael Statre 4Day Chronic Mysid. Bahia,Aquatic Toxicity,Aquatic Toxicity
Noael Statre 4Day Chronic Cyprinodon,Aquatic Toxicity,Aquatic Toxicity
Noael Statre 4Day Chronic Menidia,Aquatic Toxicity,Aquatic Toxicity
Noael Statre 4Day Chronic Pimephales,Aquatic Toxicity,Aquatic Toxicity
Noael Statre 4Day Chronic Lepomis Macrochi,Aquatic Toxicity,Aquatic Toxicity
Noael Statre 7Day Chronic Selen. Capr.,Aquatic Toxicity,Aquatic Toxicity
Noael Statre 7Day Chronic L. Minor,Aquatic Toxicity,Aquatic Toxicity
Noael Statre 7Day Chronic Champia,Aquatic Toxicity,Aquatic Toxicity
Noael Statre 7Day Chronic Arbacia,Aquatic Toxicity,Aquatic Toxicity
Noael Statre 7Day Chronic Ceriodaphnia,Aquatic Toxicity,Aquatic Toxicity
Noael Statre 7Day Chronic D. Magna,Aquatic Toxicity,Aquatic Toxicity
Noael Statre 7Day Chronic D. Pulex,Aquatic Toxicity,Aquatic Toxicity
Noael Statre 7Day Chronic Mysid. Bahia,Aquatic Toxicity,Aquatic Toxicity
Noael Statre 7Day Chronic Cyprinodon,Aquatic Toxicity,Aquatic Toxicity
Noael Statre 7Day Chronic Menidia,Aquatic Toxicity,Aquatic Toxicity
Noael Statre 7Day Chronic Pimephales,Aquatic Toxicity,Aquatic Toxicity
Noael Statre 7Day Chronic Lepomis Macrochi,Aquatic Toxicity,Aquatic Toxicity
Noael Flth 48Hr Acute Lepomis Macrochi,Aquatic Toxicity,Aquatic Toxicity
Noael Flth 96Hr Acute Lepomis Macrochi,Aquatic Toxicity,Aquatic Toxicity
Noael Flth 4Day Chronic Lepomis Macrochi,Aquatic Toxicity,Aquatic Toxicity
Noael Flth 7Day Chronic Lepomis Macrochi,Aquatic Toxicity,Aquatic Toxicity
Low Flow Pass/Fail Static 48Hr Acute Lepomis Macrochirus,Aquatic Toxicity,Aquatic Toxicity
LF Pass/Fail Static 96Hr Acute Lepomis Macrochirus,Aquatic Toxicity,Aquatic Toxicity
LF Pass/Fail Static 4Day Chronic Lepomis Macrochirus,Aquatic Toxicity,Aquatic Toxicity
LF Pass/Fail Static 7Day Chronic Lepomis Macrochirus,Aquatic Toxicity,Aquatic Toxicity
Low Flow Pass/Fail Static 1Hr Chronic Daphnia pulex,Aquatic Toxicity,Aquatic Toxicity
Low Flow Pass/Fail Static 1Hr Chronic Pimephales promelas,Aquatic Toxicity,Aquatic Toxicity
Low Flow Pass/Fail Static 1 Hr Chronic Lepomis macrochirus,Aquatic Toxicity,Aquatic Toxicity
Low Flow Pass/Fail Static 24Hr Acute Ceriodaphnia Dubia,Aquatic Toxicity,Aquatic Toxicity
LF Pass/Fail Statre 7Day Chronic Mysid. Bahia,Aquatic Toxicity,Aquatic Toxicity
LF Pass/Fail Statre 7Day Chronic Cyprinodon,Aquatic Toxicity,Aquatic Toxicity
LF Pass/Fail Statre 7Day Chronic Pimephales,Aquatic Toxicity,Aquatic Toxicity
LF Pass/Fail Statre 48Hr Acute Daphnia Magna,Aquatic Toxicity,Aquatic Toxicity
Low Flow Pass/Fail Static Renewal 48Hr Acute Daphnia pulex,Toxic Organics,Toxic Organics
LF Pass/Fail Statre 48Hr Acute Mysidopis Bahia,Aquatic Toxicity,Aquatic Toxicity
LF Pass/Fail Statre 48Hr Acute Cyprinodon Variega,Aquatic Toxicity,Aquatic Toxicity
Low Flow Pass/Fail Static Renewal 48Hr Acute Menidia menidia,Toxic Organics,Toxic Organics
LF Pass/Fail Statre 48Hr Acute Pimephales Promela,Aquatic Toxicity,Aquatic Toxicity
Low Flow Pass/Fail Static Renewal 48Hr Acute Lepomis Macrochirus,Toxic Organics,Toxic Organics
LF Pass/Fail Statre 96Hr Acute Lepomis Macrochi,Aquatic Toxicity,Aquatic Toxicity
LF Pass/Fail Statre 7Day Chronic Mysidopsis Bahia,Aquatic Toxicity,Aquatic Toxicity
LF Pass/Fail Statre 7Day Chronic Cyprinodon Variega,Aquatic Toxicity,Aquatic Toxicity
LF Pass/Fail Statre 4Day Chronic Lepomis Macrochi,Aquatic Toxicity,Aquatic Toxicity
Low Flow Pass/Fail Static Renewal 7Day Chronic Ceriodaphnia Dubia,Toxic Organics,Toxic Organics
LF Pass/Fail Statre 7Day Chronic Lepomis Macrochi,Aquatic Toxicity,Aquatic Toxicity
LF Pass/Fail Flth 48Hr Acute Lepomis Macrochi,Aquatic Toxicity,Aquatic Toxicity
LF Pass/Fail Flth 96Hr Acute Lepomis Macrochi,Aquatic Toxicity,Aquatic Toxicity
Isopropylidine dioxyphenol,Toxic Organics,Toxic Organics
HLF Pass/Fail Statre 48Hr Acute Daphnia Magna,Aquatic Toxicity,Aquatic Toxicity
HLF Pass/Fail Statre 48Hr Acute Daphnia Pulex,Aquatic Toxicity,Aquatic Toxicity
HLF Pass/Fail Statre 48Hr Acute Mysidopis Bahia,Aquatic Toxicity,Aquatic Toxicity
HLF Pass/Fail Statre 48Hr Acute Cyprinodon Varie,Aquatic Toxicity,Aquatic Toxicity
HLF Pass/Fail Statre 48Hr Acute Pimephales Prome,Aquatic Toxicity,Aquatic Toxicity
Half Low Flow Pass/Fail Static Renewal 48Hr Acute Lepomis Macrochirus,Toxic Organics,Toxic Organics
HLF Pass/Fail Statre 96Hr Acute Lepomis Macrochi,Aquatic Toxicity,Aquatic Toxicity
HLF Pass/Fail Statre 7Day Chronic Mysidopsis Bahia,Aquatic Toxicity,Aquatic Toxicity
HLF Pass/Fail Statre 7Day Chronic Cyprinodon Varie,Aquatic Toxicity,Aquatic Toxicity
HLF Pass/Fail Statre 4Day Chronic Lepomis Macrochi,Aquatic Toxicity,Aquatic Toxicity
HLF Pass/Fail Statre 7Day Chronic Ceriodaphnia,Aquatic Toxicity,Aquatic Toxicity
HLF Pass/Fail Statre 7Day Chronic Pimephales,Aquatic Toxicity,Aquatic Toxicity
HLF Pass/Fail Statre 7Day Chronic Lepomis Macrochi,Aquatic Toxicity,Aquatic Toxicity
HLF Pass/Fail Flth 48Hr Acute Lepomis Macrochi,Aquatic Toxicity,Aquatic Toxicity
HLF Pass/Fail Flth 96Hr Acute Lepomis Macrochi,Aquatic Toxicity,Aquatic Toxicity
HLF Pass/Fail Flth 4Day Chronic Lepomis Macrochi,Aquatic Toxicity,Aquatic Toxicity
HLF Pass/Fail Flth 7Day Chronic Lepomis Macrochi,Aquatic Toxicity,Aquatic Toxicity
Pass/Fail Static 48Hr Acute Ceriodaphnia,Aquatic Toxicity,Aquatic Toxicity
Pass/Fail Static 48Hr Acute D. Pulex,Aquatic Toxicity,Aquatic Toxicity
Pass/Fail Static 48Hr Acute Mysidopsis Bahia,Aquatic Toxicity,Aquatic Toxicity
Pass/Fail Static 48Hr Acute D. Ambigua,Aquatic Toxicity,Aquatic Toxicity
Pass/Fail Static 48Hr Acute Menidia,Aquatic Toxicity,Aquatic Toxicity
Pass/Fail Static 48Hr Acute Pimephales,Aquatic Toxicity,Aquatic Toxicity
Pass/Fail Static 48Hr Acute Lepomis Macrochirus,Aquatic Toxicity,Aquatic Toxicity
Pass/Fail Static 48Hr Acute Cyprinella Leedsi,Aquatic Toxicity,Aquatic Toxicity
Pass/Fail Static 96Hr Acute Ceriodaphnia Dubia,Aquatic Toxicity,Aquatic Toxicity
Pass/Fail Static 96 Hr Acute Cyprinodon Variega,Aquatic Toxicity,Aquatic Toxicity
Pass/Fail Static 96 Hr Acute Pimephales Promelas,Aquatic Toxicity,Aquatic Toxicity
Pass/Fail Static 96Hr Acute Lepomis Macrochirus,Aquatic Toxicity,Aquatic Toxicity
Pass/Fail Static 4 Day Chronic Daphnia Pulex,Aquatic Toxicity,Aquatic Toxicity
Pass/Fail Static 4 Day Chronic Mysidopsis Bahia,Aquatic Toxicity,Aquatic Toxicity
Pass/Fail Static 4 Day Chronic Cyprinodon Variega,Aquatic Toxicity,Aquatic Toxicity
Pass/Fail Static 4 Day Chronic Pimephales Promelas,Aquatic Toxicity,Aquatic Toxicity
Pass/Fail Static 4 Day Chronic Lepomis macrochirus,Aquatic Toxicity,Aquatic Toxicity
Pass/Fail Static 7Day Chronic Lepomis Macrochirus,Aquatic Toxicity,Aquatic Toxicity
Pass/Fail Static 24Hr Acute Daphnia Pulex,Aquatic Toxicity,Aquatic Toxicity
Pass/Fail Static 24Hr Acute Mysid. Bahia,Aquatic Toxicity,Aquatic Toxicity
Pass/Fail Static 1Hr Chronic Cyprinodon variegatus,Aquatic Toxicity,Aquatic Toxicity
Pass/Fail Static 24Hr Acute Pimephales,Aquatic Toxicity,Aquatic Toxicity
Pass/Fail Static 1Hr Chronic Lepomis macrochirus,Aquatic Toxicity,Aquatic Toxicity
Pass/Fail Statre 48Hr Acute Ceriodaphnia,Aquatic Toxicity,Aquatic Toxicity
Pass/Fail Statre 48Hr Acute Mysidopsis Bahia,Aquatic Toxicity,Aquatic Toxicity
Pass/Fail Statre 48Hr Acute Daphnia Species,Aquatic Toxicity,Aquatic Toxicity
Pass/Fail Statre 48Hr Acute Menidia,Aquatic Toxicity,Aquatic Toxicity
Pass/Fail Statre 48Hr Acute Pimephales Promelas,Aquatic Toxicity,Aquatic Toxicity
Pass/Fail Static Renewal 48Hr Acute Lepomis Macrochirus,Toxic Organics,Toxic Organics
Pass/Fail Static Renewal 96Hr Acute Ceriodaphnia,Toxic Organics,Toxic Organics
Pass/Fail Static Renewal 96Hr Acute Mysid. Bahia,Toxic Organics,Toxic Organics
Pass/Fail Static Renewal 96Hr Acute Menidia,Toxic Organics,Toxic Organics
Pass/Fail Static Renewal 96Hr Acute Pimephales Promelas,Toxic Organics,Toxic Organics
Pass/Fail Static Renewal 96Hr Acute Lepomis Macrochi,Toxic Organics,Toxic Organics
Pass/Fail Static Renewal 96Hr Acute Cyprinella Leedsi,Toxic Organics,Toxic Organics
Pass/Fail Statre 4Day Chronic Lepomis Macrochi,Aquatic Toxicity,Aquatic Toxicity
Pass/Fail Static Renewal 7 Day Chronic Ceriodaphnia,Toxic Organics,Toxic Organics
Pass/Fail Static Renewal 7 Day Chronic Americamysis bahia,Toxic Organics,Toxic Organics
Pass/Fail Static Renewal 7 Day Chronic D. Ambigua,Toxic Organics,Toxic Organics
Pass/Fail Statre 7Day Chronic Cyprinodon,Aquatic Toxicity,Aquatic Toxicity
Pass/Fail Statre 7Day Chronic Menidia,Aquatic Toxicity,Aquatic Toxicity
Pass/Fail Statre 7Day Chronic Pimephales Promelas,Aquatic Toxicity,Aquatic Toxicity
Pass/Fail Statre 7Day Chronic Lepomis Macrochi,Aquatic Toxicity,Aquatic Toxicity
Pass/Fail Statre 7Day Chronic Cyprinella Leedsi,Aquatic Toxicity,Aquatic Toxicity
"1,2-Dichloropropene",Toxic Organics,Toxic Organics
NOEC Lethal Static Renewal 7 Day Chronic Cyprinodeon variegatus,Toxic Organics,Toxic Organics
NOEC Lethal Static Renewal 7 Day Chronic Menidia menidia,Toxic Organics,Toxic Organics
NOEC Lethal Static Renewal 7 Day Chronic Pimephales promelas,Toxic Organics,Toxic Organics
Noel Sub-Leth 96Hr Acute Selen. Capr.,Aquatic Toxicity,Aquatic Toxicity
Noel Sub-Leth 96Hr Acute L. Minor,Aquatic Toxicity,Aquatic Toxicity
Noel Sub-Leth 4Day Chronic Selen. Capr,Aquatic Toxicity,Aquatic Toxicity
Noel Sub-Leth 4Day Chronic L. Minor,Aquatic Toxicity,Aquatic Toxicity
Noel Sub-Leth 1Hr Chronic Selen. Capr.,Aquatic Toxicity,Aquatic Toxicity
Noel Sub-Leth 1Hr Chronic L. Minor,Aquatic Toxicity,Aquatic Toxicity
"Noel Sub-Leth 48Hr Chr, 5-7 Day Rec. Selen. Capr.",Aquatic Toxicity,Aquatic Toxicity
"Noel Sub-Leth 48Hr Chr, 5-7 Day Rec. L. Minor",Aquatic Toxicity,Aquatic Toxicity
Noel Sub-Leth 1Hr Fert. Test Chronic Selen. Capr.,Aquatic Toxicity,Aquatic Toxicity
Noel Sub-Leth 1Hr Fert. Test Chronic L. Minor,Aquatic Toxicity,Aquatic Toxicity
NOEC Sub-Lethal Static Renewal 7 Day Chronic Ceriodaphnia dubia,Toxic Organics,Toxic Organics
NOEC Sub-Lethal Static Renewal 7 Day Chronic Americamysis bahia,Toxic Organics,Toxic Organics
NOEC Sub-Lethal Static Renewal 7 Day Chronic Cyprinodeon variegatus,Toxic Organics,Toxic Organics
NOEC Sub-Lethal Static Renewal 7 Day Chronic Menidia menidia,Toxic Organics,Toxic Organics
NOEC Sub-Lethal Static Renewal 7 Day Chronic Pimephales promelas,Toxic Organics,Toxic Organics
Coef Of Var 96Hr Acute Selen. Capr.,Aquatic Toxicity,Aquatic Toxicity
Coef Of Var 96Hr Acute L. Minor,Aquatic Toxicity,Aquatic Toxicity
Coef Of Var 4Day Chronic Selen. Capr.,Aquatic Toxicity,Aquatic Toxicity
Coef Of Var 4Day Chronic L. Minor,Aquatic Toxicity,Aquatic Toxicity
Coef Of Var 1Hr Chronic Selen. Capr.,Aquatic Toxicity,Aquatic Toxicity
Coef Of Var 1Hr Chronic L. Minor,Aquatic Toxicity,Aquatic Toxicity
"Coef Of Var 48Hr Chr, 5-7 Day Rec. Selen. Capr",Aquatic Toxicity,Aquatic Toxicity
"Coef Of Var 48Hr Chr, 5-7 Day Rec. L. Minor",Aquatic Toxicity,Aquatic Toxicity
Coef Of Var 1Hr Fert Test Chronic Selen. Capr.,Aquatic Toxicity,Aquatic Toxicity
Coef Of Var 1Hr Fert Test Chronic L. Minor,Aquatic Toxicity,Aquatic Toxicity
Coef Of Var Statre 48Hr Acute D. Pulex,Aquatic Toxicity,Aquatic Toxicity
Coef Of Var Statre 48Hr Acute Mysid. Bahia,Aquatic Toxicity,Aquatic Toxicity
Coef Of Var Statre 48Hr Acute Cyprinodon,Aquatic Toxicity,Aquatic Toxicity
Coef Of Var Static Renewal 48Hr Acute Menidia menidia,Toxic Organics,Toxic Organics
Coef Of Var Statre 48Hr Acute Pimephales,Aquatic Toxicity,Aquatic Toxicity
Coef Of Var Statre 7Day Chronic Ceriodaphnia,Aquatic Toxicity,Aquatic Toxicity
Coef Of Var Statre 7Day Chronic Mysid. Bahia,Aquatic Toxicity,Aquatic Toxicity
Coef Of Var Statre 7Day Chronic Cyprinodon,Aquatic Toxicity,Aquatic Toxicity
Coef Of Var Static Renewal 7Day Chronic Menidia menidia,Toxic Organics,Toxic Organics
Coef Of Var Statre 7Day Chronic Pimephales,Aquatic Toxicity,Aquatic Toxicity
"Toxicity, Acute, % Survival",Aquatic Toxicity,Aquatic Toxicity
%Surv Static 48Hr Acute Daphnia Pulex,Aquatic Toxicity,Aquatic Toxicity
%Surv Static 96Hr Acute Ceriodaphnia Dubia,Aquatic Toxicity,Aquatic Toxicity
%Surv Static 96Hr Acute Penaeus Vannamei,Aquatic Toxicity,Aquatic Toxicity
%Surv Static 96Hr Acute Pimphales Promelas,Aquatic Toxicity,Aquatic Toxicity
%Surv Static 96Hr Acute Oncorhynchus Mykiss,Aquatic Toxicity,Aquatic Toxicity
%Surv Static 96Hr Acute Gasterost. Aculeatus,Other,Fuel
%Surv Static 96Hr Acute Tilapia Mossambica,Aquatic Toxicity,Aquatic Toxicity
%Srv Statre 48Hr Acute Ceriodaphnia Dubia,Aquatic Toxicity,Aquatic Toxicity
%Surv Statre 48Hr Acute Daphnia Magna,Aquatic Toxicity,Aquatic Toxicity
%Surv Statre 48Hr Acute Daphnia Pulex,Aquatic Toxicity,Aquatic Toxicity
% Surv Statre 48Hr Acute Pimepha Promelas,Aquatic Toxicity,Aquatic Toxicity
96Hr Acute Ceriodaphn. Dubia % Srv,Aquatic Toxicity,Aquatic Toxicity
%Surv Statre 96Hr Acute Panaeus Vannamei,Aquatic Toxicity,Aquatic Toxicity
% Survival Static Renewal 96Hr Acute Pimephales promelas,Toxic Organics,Toxic Organics
%Surv Statre 96 Hr Acute Salmo Gairderi,Aquatic Toxicity,Aquatic Toxicity
%Surv Statre 96Hr Oncorhynchus Mykiss,Aquatic Toxicity,Aquatic Toxicity
%Surv Statre 96Hr Gasterost. Aculeatus,Other,Fuel
% Surv Statre 96Hr Acute Atherinops Affns,Aquatic Toxicity,Aquatic Toxicity
IC25 Static Renewal 7 Day Chronic Chrceriodaphnia,Toxic Organics,Toxic Organics
IC25 Static Renewal 7 Day Chronic Chrpimephales,Toxic Organics,Toxic Organics
% Survival Flow Through 96Hr Acute Pimephales promelas,Aquatic Toxicity,Aquatic Toxicity
% Survival Flow Through 96Hr Acute Oncorhynchus mykiss,Aquatic Toxicity,Aquatic Toxicity
% Survival Flow Through 96Hr Acute Gasterosteus aculeatus,Other,Fuel
"Toxicity, Acute",Aquatic Toxicity,Aquatic Toxicity
Static 48Hr Acute Ceriodaphnia Dubia,Aquatic Toxicity,Aquatic Toxicity
Static 48Hr Acute Daphnia Magna,Aquatic Toxicity,Aquatic Toxicity
Static 48Hr Acute Daphnia Pulex,Aquatic Toxicity,Aquatic Toxicity
Static 48Hr Acute Pimephales Promelas,Aquatic Toxicity,Aquatic Toxicity
Static 96Hr Acute Holmesimysis costata,Aquatic Toxicity,Aquatic Toxicity
Static 96Hr Acute Penaeus vannamei,Aquatic Toxicity,Aquatic Toxicity
Static 96Hr Acute Pimphales promelas,Aquatic Toxicity,Aquatic Toxicity
Static 96Hr Acute Medinia beryllina,Aquatic Toxicity,Aquatic Toxicity
Pass/Fail Static 96Hr Chronic Selen. Capricornutum,Aquatic Toxicity,Aquatic Toxicity
Pass/Fail Flth 48Hr Acute Lepomis Macrochi,Aquatic Toxicity,Aquatic Toxicity
Pass/Fail Flth 96Hr Acute Lepomis Macrochi,Aquatic Toxicity,Aquatic Toxicity
Pass/Fail Flth 4Day Chronic Lepomis Macrochi,Aquatic Toxicity,Aquatic Toxicity
Pass/Fail Flth 7Day Chronic Lepomis Macrochi,Aquatic Toxicity,Aquatic Toxicity
"Endrin ketone, in water",Toxic Organics,Toxic Organics
Hexahydroazepinone,Toxic Organics,Toxic Organics
Tetrachlorobenzene,Toxic Organics,Toxic Organics
"Propane, 2-methoxy-2-methyl",Toxic Organics,Toxic Organics
Methyl ethyl sulfide,Toxic Organics,Toxic Organics
Sulfonyl-bis-benzene,Toxic Organics,Toxic Organics
Trimethoxymethane,Toxic Organics,Toxic Organics
"Allyl chloride, total",Solids,Dissolved Solids
"N,N-Dimethylformamide",Toxic Organics,Toxic Organics
"Halogen, total organic",Organics,Other Organics
o-Xylene + p-Xylene,Toxic Organics,Toxic Organics
Benzene [volatile analysis],Toxic Organics,Toxic Organics
"1,4-Xylene",Toxic Organics,Toxic Organics
4-Methyl-2-pentanone,Toxic Organics,Toxic Organics
Trimethylbenzene,Toxic Organics,Toxic Organics
"Organics, total toxic [TTO]",Organics,Other Organics
Monochlorobenzyl trifluoride,Toxic Organics,Toxic Organics
"Toluene-2,4-diisocyanate",Toxic Organics,Toxic Organics
Tetrasodium EDTA,Solids,Dissolved Solids
Aminotrol methylene phosphate,Toxic Organics,Toxic Organics
Bis[trichloromethyl] sulfone,Toxic Organics,Toxic Organics
"Chloramine, residual",Inorganics,Disinfectants
Diethylaminoethanol,Toxic Organics,Toxic Organics
Dyphylline,Uncategorized,Uncategorized
EDTA,Uncategorized,Uncategorized
Guafensin,Uncategorized,Uncategorized
Hydroxyacetophenone,Toxic Organics,Toxic Organics
Mercaptobenzothiazole,Toxic Organics,Toxic Organics
Dichlorobenzyl trifluoride,Toxic Organics,Toxic Organics
N-Alkyldimethylbenzylammonium chloride,Toxic Organics,Toxic Organics
Naphthenic acid,pH,pH
Niacinamide,Uncategorized,Uncategorized
Nitrostyrene,Toxic Organics,Toxic Organics
Polymethylacrylic acid,Toxic Organics,Toxic Organics
"Aromatics, substituted",Toxic Organics,Toxic Organics
Sulfabenzamide,Toxic Organics,Toxic Organics
Sulfacetamide,Toxic Organics,Toxic Organics
Sulfathiazole,Toxic Organics,Toxic Organics
"Tetrahydro-3,5-dimethyl-2-hydro-1,3,5-thione",Toxic Organics,Toxic Organics
Theophylline,Uncategorized,Uncategorized
Carbamates,Uncategorized,Uncategorized
Sodium-o-PPTH,Toxic Organics,Toxic Organics
"Aromatics, total purgeable",Toxic Organics,Toxic Organics
Trichloromethane,Toxic Organics,Toxic Organics
Heptane,Toxic Organics,Toxic Organics
N-Nitrosodiethylamine,Toxic Organics,Toxic Organics
Ethylene chlorohydrin,Toxic Organics,Toxic Organics
"Halogenated hydrocarbons, total",Organics,COD
Monochlorotoluene,Toxic Organics,Toxic Organics
Paraben [methyl and propyl],Toxic Organics,Toxic Organics
N-Nitrosopyrrolidine,Toxic Organics,Toxic Organics
N-Nitrosodibutylamine,Toxic Organics,Toxic Organics
Monochloroacetic acid [MCAA],Toxic Organics,Toxic Organics
Diethylbenzene,Toxic Organics,Toxic Organics
o-Chlorobenzyl chloride,Toxic Organics,Toxic Organics
Aldrin + Dieldrin,Toxic Organics,Toxic Organics
"Chlorinated pesticides, total",Inorganics,Disinfectants
"Phenolic compounds, unchlorinated",Inorganics,Disinfectants
Isothiazolone,Uncategorized,Uncategorized
Organic pesticide chemicals [40 CFR455],Uncategorized,Uncategorized
Organic active ingredients [40 CFR455],Uncategorized,Uncategorized
Total toxic organics [TTO] [40 CFR413],Organics,Other Organics
Total toxic organics [TTO] [40 CFR433],Organics,Other Organics
Total toxic organics [TTO] [40 CFR464a],Organics,Other Organics
Total toxic organics [TTO] [40 CFR464b],Organics,Other Organics
Total toxic organics [TTO] [40 CFR464c],Organics,Other Organics
Total toxic organics [TTO] [40 CFR464d],Organics,Other Organics
Total toxic organics [TTO] [40 CFR465],Organics,Other Organics
Total toxic organics [TTO] [40 CFR467],Organics,Other Organics
Total toxic organics [TTO] [40 CFR468],Organics,Other Organics
Total toxic organics [TTO] [40 CFR469],Organics,Other Organics
Rotenone,Uncategorized,Uncategorized
HMX,Uncategorized,Uncategorized
4-Methylphenol,Toxic Organics,Toxic Organics
"3,4-Benzofluoranthene",Toxic Organics,Toxic Organics
"Acetone, in waste",Toxic Organics,Toxic Organics
%Effect Statre 4Day Chronic D. Magna,Aquatic Toxicity,Aquatic Toxicity
".beta.-Endosulfan, in waste",Other,Other
"2,4,5-TP",Toxic Organics,Toxic Organics
"Glyphosate, total",Uncategorized,Uncategorized
"Panthalium, total",Uncategorized,Uncategorized
Neptune Blue,Uncategorized,Uncategorized
MCPA 2-ethylhexyl ester,Toxic Organics,Toxic Organics
"Dimethyl sulfide, total",Toxic Organics,Toxic Organics
"Dimethyl disulfide, total [DMDS]",Toxic Organics,Toxic Organics
Dioxane,Uncategorized,Uncategorized
Ethyl acetate,Toxic Organics,Toxic Organics
Ethylmethyldioxolane,Toxic Organics,Toxic Organics
Furfural,Toxic Organics,Toxic Organics
Hexane,Toxic Organics,Toxic Organics
Methyl ethyl ketone,Toxic Organics,Toxic Organics
Methyl isobutyl ketone,Toxic Organics,Toxic Organics
Methyl methacrylate,Toxic Organics,Toxic Organics
n-Pentane,Toxic Organics,Toxic Organics
Tetrahydrofuran,Toxic Organics,Toxic Organics
Trichloropropane,Uncategorized,Uncategorized
Trichlorotrifluoroethane,Uncategorized,Uncategorized
Sulfate in sediment,Solids,Dissolved Solids
"Sulfide, total",Solids,Dissolved Solids
"Nitrogen Kjeldahl, total [TKN]",Nutrients,Nitrogen
Surfactants [linear alkylate sulfonate],Toxic Organics,Toxic Organics
PCB-1262,Toxic Organics,Toxic Organics
Bisphenol-A,Toxic Organics,Toxic Organics
ortho-Cresol,Toxic Organics,Toxic Organics
Dehydroabietic acid,pH,pH
Epichlorohydrin,Uncategorized,Uncategorized
Dichloroethane,Uncategorized,Uncategorized
2-Ethoxyethanol,Toxic Organics,Toxic Organics
"cis-1,2-Dichloroethene",Toxic Organics,Toxic Organics
Ethylene glycol,Toxic Organics,Toxic Organics
Cyclohexanone,Toxic Organics,Toxic Organics
Propylene oxide,Toxic Organics,Toxic Organics
Styrene,Toxic Organics,Toxic Organics
.meta.-Xylene,Toxic Organics,Toxic Organics
ortho-xylene,Toxic Organics,Toxic Organics
Ethoprop,Uncategorized,Uncategorized
"2,4-D, isobutyl ester in sediments",Toxic Organics,Toxic Organics
"Sulfur dioxide, total",Uncategorized,Uncategorized
"Flow, average stream per composite sample",Flow,Flow
Trichlorophenol,Toxic Organics,Toxic Organics
Tetrachloroguaiacol [4cg] in whole water,Toxic Organics,Toxic Organics
Tetrachlorobiphenyl,Toxic Organics,Toxic Organics
Hexachlorobiphenyl,Toxic Organics,Toxic Organics
Cycloate,Uncategorized,Uncategorized
S-Ethyl dipropylthiocarbamate [EPTC],Toxic Organics,Toxic Organics
Sevin in tissue,Other,Other
Ratio of fecal coliform to fecal streptoc,Toxic Organics,Toxic Organics
"Sodium, total [as Na]",Solids,Dissolved Solids
"Ethylene, dissolved [C2H4]",Toxic Organics,Toxic Organics
Chloramben,Uncategorized,Uncategorized
Dicamba,Uncategorized,Uncategorized
"Aluminum, total",Metals,Aluminum
"Boron, total",Inorganics,Toxic Inorganics
"Chromium, total percent removal",Metals,Chromium
"Chromium, total",Metals,Chromium
"Manganese, total",Metals,Manganese
"Vanadium, total",Metals,Vanadium
"Zinc, total",Metals,Zinc
"Residue, total filterable",Uncategorized,Uncategorized
Ferrous sulfate,Solids,Dissolved Solids
Propargite,Uncategorized,Uncategorized
"Rhodium, total",Uncategorized,Uncategorized
"Time, starting [hhmmusing 24-hour clock]",Metals,Tin
"Time, ending [hhmm using 24-hour clock]",Toxic Organics,Toxic Organics
"Radiation, gross alpha",Other,Other
"Turbidity, lab, NTU",Color and Turbidity,Turbidity
"Trihalomethane, tot.",Toxic Organics,Toxic Organics
Terbufos [counter] total,Uncategorized,Uncategorized
Phytoplankton,Uncategorized,Uncategorized
Dichlorodibromomethane,Toxic Organics,Toxic Organics
Oil & grease aromatic,Other,Fuel
"Hydrocarbons, petroleum",Other,Fuel
"Hydrocarbons, total petroleum",Other,Fuel
Nitrocellulose,Uncategorized,Uncategorized
Triethanolamine,Uncategorized,Uncategorized
2-Naphthylamine,Toxic Organics,Toxic Organics
Diethylstilbesterol,Toxic Organics,Toxic Organics
Estradiol,Uncategorized,Uncategorized
Phenoxyacetic acid,Toxic Organics,Toxic Organics
Thiocarbamates,Uncategorized,Uncategorized
Hexamethylphosphoramide [HMPA],Toxic Organics,Toxic Organics
N-2-mercaptoethylbenzenesulfamide,Toxic Organics,Toxic Organics
Ordram,Uncategorized,Uncategorized
"Nitrogen, nitrate total [as NO3]",Nutrients,Nitrogen
"Chlorinated hydrocarbons, general",Inorganics,Disinfectants
"Pesticides, general",Toxic Organics,Toxic Organics
"Streptococci, fecal general",Toxic Organics,Toxic Organics
"Coliform, fecal general",Toxic Organics,Toxic Organics
"Coliform, total general",Toxic Organics,Toxic Organics
"Coliform, fecal, colony forming units",Toxic Organics,Toxic Organics
"Coliform, total colony forming units",Toxic Organics,Toxic Organics
Flow rate,Flow,Flow
Overflows [days per month],Other,Other
Overflows,Other,Other
"Overflow volume [SS0 volume, CSO volume]",Other,Other
"Stream flow, estimated",Flow,Flow
Flow,Flow,Flow
"Heptachlor, dry weight",Toxic Organics,Toxic Organics
"Isopropyl alcohol [C3H8O], sed.",Toxic Organics,Toxic Organics
2-Hexanone,Toxic Organics,Toxic Organics
"Chlorinated dibenzo-furans, effluent",Inorganics,Disinfectants
"Chlorinated dibenzo-furans, sludge",Inorganics,Disinfectants
"Chlorinated dibenzo-p-dioxins, effluent",Inorganics,Disinfectants
"Chlorinated dibenzo-p-dioxins, sludge",Inorganics,Disinfectants
"Base neutrals & acid [Method 625], efflnt",Toxic Organics,Toxic Organics
"Organics, tot purgeables [Method 624]",Toxic Organics,Toxic Organics
"Base neutrals & acid [Method 625], total",Toxic Organics,Toxic Organics
"4-Chloro-3,5-dimethylphenol",Toxic Organics,Toxic Organics
"2,2-Dibromo-3-nitrilopropionamide",Toxic Organics,Toxic Organics
Methane,Toxic Organics,Toxic Organics
Methylamine,Toxic Organics,Toxic Organics
Methyl cyanide [acetonitrile],Inorganics,Toxic Inorganics
"Propene, total",Toxic Organics,Toxic Organics
Ethylene oxide,Toxic Organics,Toxic Organics
Acetaldehyde,Toxic Organics,Toxic Organics
"Ethylamine, whole water",Toxic Organics,Toxic Organics
Dimethylamine,Toxic Organics,Toxic Organics
Ethanol,Uncategorized,Uncategorized
Formic acid,Toxic Organics,Toxic Organics
Isopropanol,Toxic Organics,Toxic Organics
n-Propyl alcohol,Toxic Organics,Toxic Organics
Crotonaldehyde,Toxic Organics,Toxic Organics
Diethylamine,Toxic Organics,Toxic Organics
"Propionic acid, total",pH,pH
Methyl acetate,Toxic Organics,Toxic Organics
Isobutyl alcohol,Toxic Organics,Toxic Organics
2-Methyl-2-propanol,Toxic Organics,Toxic Organics
"1,2-Propanediol",Toxic Organics,Toxic Organics
Carbon disulfide,Solids,Dissolved Solids
"Dimethyl sulfoxide, total",Toxic Organics,Toxic Organics
Pyridine,Toxic Organics,Toxic Organics
2-Chloroethanol,Toxic Organics,Toxic Organics
"Piperdin, total",Uncategorized,Uncategorized
3-Methylpentane,Toxic Organics,Toxic Organics
Vinyl acetate,Toxic Organics,Toxic Organics
Butanoic acid,Toxic Organics,Toxic Organics
"2-Methyl-1,3-dioxolane",Toxic Organics,Toxic Organics
Oxalic acid,pH,pH
1-Methoxy-2-propanol,Toxic Organics,Toxic Organics
3-Methylpyridine,Toxic Organics,Toxic Organics
2-Methylpyridine,Toxic Organics,Toxic Organics
Aniline,Toxic Organics,Toxic Organics
"cis-1,2-Dichloroethylene",Toxic Organics,Toxic Organics
Cyclohexylamine,Uncategorized,Uncategorized
N-Methyl-2-pyrrolidone,Toxic Organics,Toxic Organics
Triethylamine,Toxic Organics,Toxic Organics
Pentanoic acid,pH,pH
Isopropyl ether,Toxic Organics,Toxic Organics
Benzonitrile,Toxic Organics,Toxic Organics
"Styrene, total",Toxic Organics,Toxic Organics
o-Xylene,Toxic Organics,Toxic Organics
o-Toluidine,Toxic Organics,Toxic Organics
p-Cresol,Toxic Organics,Toxic Organics
Benzyl alcohol,Toxic Organics,Toxic Organics
3-Methylphenol,Toxic Organics,Toxic Organics
Chemical Oxygen Demand [COD],Organics,COD
Specific gravity,Uncategorized,Uncategorized
"Oxygen demand, total",Uncategorized,Uncategorized
LC50 Flth 96Hr Acute Ceriodaphnia,Aquatic Toxicity,Aquatic Toxicity
LC50 Flth 96Hr Acute D. Magna,Aquatic Toxicity,Aquatic Toxicity
LC50 Flth 96Hr Acute D. Pulex,Aquatic Toxicity,Aquatic Toxicity
LC50 Flth 96Hr Acute Mysid. Bahia,Aquatic Toxicity,Aquatic Toxicity
LC50 Flth 96Hr Acute Cyprinodon,Aquatic Toxicity,Aquatic Toxicity
LC50 Flth 96Hr Acute Menidia,Aquatic Toxicity,Aquatic Toxicity
LC50 Flth 96Hr Acute Pimephales,Aquatic Toxicity,Aquatic Toxicity
LC50 Flth 96Hr Acute Salmo Gair.,Aquatic Toxicity,Aquatic Toxicity
LC50 Flth 96Hr Acute Lepomis Macrochi,Aquatic Toxicity,Aquatic Toxicity
LC50 Flth 4Day Chronic Lepomis Macrochi,Aquatic Toxicity,Aquatic Toxicity
LC50 Flth 7Day Chronic Lepomis Macrochi,Aquatic Toxicity,Aquatic Toxicity
LC50 Mycd Shrimp Fl-Thru Defn,Uncategorized,Uncategorized
LC50 Shee Minnow Fl-Thru Defn,Uncategorized,Uncategorized
LC50 Fthd Minnow Fl-Thru Defn,Uncategorized,Uncategorized
NOEL Static 48Hr Acute Lepomis Macrochirus,Aquatic Toxicity,Aquatic Toxicity
Noel Static 96Hr Acute Lepomis Macrochirus,Aquatic Toxicity,Aquatic Toxicity
Noel Static 4Day Chronic Selen. Capr.,Aquatic Toxicity,Aquatic Toxicity
Noel Static 4Day Chronic L. Minor,Aquatic Toxicity,Aquatic Toxicity
Noel Static 4Day Chronic Champia,Aquatic Toxicity,Aquatic Toxicity
Noel Static 4Day Chronic Arbacia,Aquatic Toxicity,Aquatic Toxicity
Noel Static 4Day Chronic Ceriodaphnia,Aquatic Toxicity,Aquatic Toxicity
Noel Static 4Day Chronic D. Magna,Aquatic Toxicity,Aquatic Toxicity
Noel Static 4Day Chronic D. Pulex,Aquatic Toxicity,Aquatic Toxicity
Noel Static 4Day Chronic Mysid. Bahia,Aquatic Toxicity,Aquatic Toxicity
Noel Static 4Day Chronic Cyprinodon,Aquatic Toxicity,Aquatic Toxicity
Noel Static 4Day Chronic Menidia,Aquatic Toxicity,Aquatic Toxicity
Noel Static 4Day Chronic Pimephales,Aquatic Toxicity,Aquatic Toxicity
Noel Static 4Day Chronic Salmo Gair.,Aquatic Toxicity,Aquatic Toxicity
Noel Static 4Day Chronic Lepomis Macrochirus,Aquatic Toxicity,Aquatic Toxicity
Noel Static 7Day Chronic Selen. Capr.,Aquatic Toxicity,Aquatic Toxicity
Noel Static 7Day Chronic L. Minor,Aquatic Toxicity,Aquatic Toxicity
Noel Static 7Day Chronic Champia,Aquatic Toxicity,Aquatic Toxicity
Cation exchange capacity,Uncategorized,Uncategorized
"Trinitrotoluene [TNT], dissolved",Toxic Organics,Toxic Organics
"Trinitrotoluene [TNT], total",Toxic Organics,Toxic Organics
"RDX, dissolved",Uncategorized,Uncategorized
"RDX, total",Uncategorized,Uncategorized
Halogenated organics,Organics,Other Organics
Velocity of discharge,Uncategorized,Uncategorized
Duration of discharge,Uncategorized,Uncategorized
"Nitrogenous oxygen demand [20-day, 20 C]",Nutrients,Nitrogen
"Carbonaceous oxygen demand, % removal",Organics,COD
"Nitrogenous oxygen demand, % removal",Nutrients,Nitrogen
"BOD, 20-day, percent removal",Organics,COD
Heat [summer] [per hour],Uncategorized,Uncategorized
Heat [winter] [per hour],Uncategorized,Uncategorized
"Temp. difference, summer [deg. C]",Temperature,Temperature
"Temp. difference, winter [deg. C]",Temperature,Temperature
Recirculation flow,Flow,Flow
Gallons distilled,Uncategorized,Uncategorized
"Nitrogen, total Kjeldahl, % removal",Nutrients,Nitrogen
Ballast water flow,Flow,Flow
Storm water flow,Flow,Flow
"Organic compounds, chloroform extract.",Toxic Organics,Toxic Organics
Chlorinated organic compounds,Inorganics,Disinfectants
Heat [summer] [per day],Uncategorized,Uncategorized
Heat [winter] [per day],Uncategorized,Uncategorized
Chlorine usage,Inorganics,Disinfectants
Enteric viruses,Pathogens,Pathogens
Settleable solids percent removal,Solids,Suspended Solids
Carbofuran,Toxic Organics,Toxic Organics
Sutan,Toxic Organics,Toxic Organics
Caffeine,Organics,Other Organics
Pentachloroethane,Uncategorized,Uncategorized
Benzothiazole,Toxic Organics,Toxic Organics
"Biphenyl, total",Uncategorized,Uncategorized
Chloronitrobenzene,Toxic Organics,Toxic Organics
Chloroprene,Toxic Organics,Toxic Organics
Dichlorobenzene,Toxic Organics,Toxic Organics
Dimethylnaphthalene,Toxic Organics,Toxic Organics
Dinitrotoluene,Toxic Organics,Toxic Organics
Methyl naphthalene,Toxic Organics,Toxic Organics
"Tetrachloroethane, total",Toxic Organics,Toxic Organics
Xylene [mix of m+o+p],Toxic Organics,Toxic Organics
Acetone,Toxic Organics,Toxic Organics
Acetophenone,Toxic Organics,Toxic Organics
"Bromo benzene, total",Toxic Organics,Toxic Organics
1-Bromo-2-chloroethane,Toxic Organics,Toxic Organics
Bromodichloroethane,Uncategorized,Uncategorized
"Butadiene, total",Toxic Organics,Toxic Organics
Butane,Toxic Organics,Toxic Organics
Cyclohexane,Toxic Organics,Toxic Organics
Dicyclopentadiene,Toxic Organics,Toxic Organics
"1,2-cis-Dichloroethylene",Toxic Organics,Toxic Organics
Diethyl ether [ethoxyethane],Toxic Organics,Toxic Organics
Organics-tot voltile [NJAC reg.7:23-17e],Toxic Organics,Toxic Organics
"Organics, volatile [NJAC reg. 7:23-17e]",Toxic Organics,Toxic Organics
"Explosive limit, lower",Uncategorized,Uncategorized
"Metals, tox priority pollutants, total",Metals,Other Metals
"Metals, total",Metals,Other Metals
Anesthetics,Uncategorized,Uncategorized
"Cadmium [Cd], in barite, dry weight",Metals,Cadmium
"Mercury [Hg], in barite, dry weight",Metals,Mercury
"Solids, floating - visual determination",Metals,Tin
"Chromium, hexavalent tot recoverable",Metals,Chromium
"Cyanide, total recoverable",Inorganics,Toxic Inorganics
"2-Nitroaniline, in sed., dry weight",Toxic Organics,Toxic Organics
3-Nitroaniline,Toxic Organics,Toxic Organics
2-Nitroaniline,Toxic Organics,Toxic Organics
2-Butanone,Toxic Organics,Toxic Organics
"trans-1,2-Dichloroethene",Toxic Organics,Toxic Organics
Tetrachloroethene,Toxic Organics,Toxic Organics
Trichloroethene,Toxic Organics,Toxic Organics
o-Cresol [2-Methylphenol],Toxic Organics,Toxic Organics
"2,4,5-Trichlorophenol, dry weight",Toxic Organics,Toxic Organics
"Ethane, 1,2-bis[2- chloroethoxy]-, homologous sum",Toxic Organics,Toxic Organics
"Explosives, combined TNT + RDX + tetryl",Uncategorized,Uncategorized
Halomethanes,Toxic Organics,Toxic Organics
"Boron, sludge, total, dry weight [as B]",Inorganics,Toxic Inorganics
"Sodium, sludge, total, dry weight [as Na]",Solids,Dissolved Solids
"Molybdenum, sludge, total, dry weight [as Mo]",Metals,Molybdenum
"Barium, sludge, total, dry weight [as Ba]",Metals,Barium
"Zinc, sludge, total, dry weight [as Zn]",Metals,Zinc
"Lead, sludge, total, dry weight [as Pb]",Metals,Lead
"Nickel, sludge, total, dry weight [as Ni]",Metals,Nickel
"Nitrogen, sludge, total, dry weight [as N]",Nutrients,Nitrogen
"Mercury, sludge, total, dry weight [as Hg]",Metals,Mercury
"Potassium, sludge, total, dry weight [as K]",Nutrients,Potassium
"Chromium, sludge, total, dry weight [as Cr]",Metals,Chromium
"Iron, sludge, total, dry weight [as Fe]",Metals,Iron
"Copper, sludge, total, dry weight [as Cu]",Metals,Copper
"Cadmium, sludge, total, dry weight [as Cd]",Metals,Cadmium
"Solids, sludge, total, dry weight",Solids,Suspended Solids
"Phosphorus, sludge, total, dry weight [as P]",Nutrients,Phosphorus
Effluent dilution ratio,Flow,Flow
Butyl acetate,Toxic Organics,Toxic Organics
Nitrosodiphenylamine,Uncategorized,Uncategorized
"Flow, recycled",Flow,Flow
"Phthalates, total",Toxic Organics,Toxic Organics
Pressure difference,Uncategorized,Uncategorized
"Amines, organic total",Uncategorized,Uncategorized
"4-Nitro-N-methylphthalimide, total",Toxic Organics,Toxic Organics
"Hydrocarbons, nitrated, total",Organics,COD
"Sodium dimethyldithiocarbamate, total",Toxic Organics,Toxic Organics
"Isothiazolone, total",Uncategorized,Uncategorized
Alkyl dimethylbenzyl ammonium chloride,Toxic Organics,Toxic Organics
Alkyl dimethyl ethyl ammonium bromide,Toxic Organics,Toxic Organics
"N-Nitroso compounds, volatile",Toxic Organics,Toxic Organics
"Volatile compounds, [GC/MS]",Uncategorized,Uncategorized
Volatile fraction organics [EPA 624],Organics,Other Organics
Tributhylamine,Uncategorized,Uncategorized
Octylphenoxy polyethoxyethanol,Uncategorized,Uncategorized
"Isopropylbiphenyl, total",Toxic Organics,Toxic Organics
Thermal discharge,Temperature,Temperature
Chlorination frequency,Uncategorized,Uncategorized
Chlorination duration,Uncategorized,Uncategorized
Methylethylbenzene,Toxic Organics,Toxic Organics
3-Methylhexane,Toxic Organics,Toxic Organics
"4-Chloroaniline, in sediment",Toxic Organics,Toxic Organics
"3-Nitroaniline, dry weight",Toxic Organics,Toxic Organics
4-Nitroaniline,Toxic Organics,Toxic Organics
Phosphamidon,Nutrients,Dissolved Oxygen
Reglone,Uncategorized,Uncategorized
"Flow, process wastewater",Flow,Flow
"Precipitation, monthly accumulation",Uncategorized,Uncategorized
"2,4-Toluenediamine",Toxic Organics,Toxic Organics
"2,5-Toluenediamine",Toxic Organics,Toxic Organics
"Gasoline, regular",Other,Fuel
"Flow, augmented water",Flow,Flow
"Flow, well water",Flow,Flow
Paper production,Uncategorized,Uncategorized
Fine bleached kraft,Uncategorized,Uncategorized
Diisopropyl ether,Toxic Organics,Toxic Organics
"Nitrogen, nitrite total [as NO2]",Nutrients,Nitrogen
Iodide [as I],Uncategorized,Uncategorized
"Iodine, residual",Uncategorized,Uncategorized
"1,3-Dichloropropene",Toxic Organics,Toxic Organics
Resorcinol,Uncategorized,Uncategorized
Hydroquinone,Uncategorized,Uncategorized
"2,3-Dichloropropylene",Toxic Organics,Toxic Organics
"1,3-Dichloropropane",Toxic Organics,Toxic Organics
5-Methyl-2-hexanone,Toxic Organics,Toxic Organics
"n-Octane, total",Toxic Organics,Toxic Organics
n-Butyl acetate,Toxic Organics,Toxic Organics
Hexanoic acid,Toxic Organics,Toxic Organics
Isobutyl acetate,Toxic Organics,Toxic Organics
Indene,Toxic Organics,Toxic Organics
"1,2,4-Trimethylbenzene",Toxic Organics,Toxic Organics
Isopropylbenzene,Toxic Organics,Toxic Organics
n-Propylbenzene,Toxic Organics,Toxic Organics
"1,3,5-Trimethylbenzene",Toxic Organics,Toxic Organics
N-Ethylbenzenamine,Toxic Organics,Toxic Organics
Dimethylaniline,Toxic Organics,Toxic Organics
"3,4-Dimethylphenol",Toxic Organics,Toxic Organics
"Benzoic acids, total",Toxic Organics,Toxic Organics
Orthochlorotoluene,Toxic Organics,Toxic Organics
"1,4-Dichlorobutane",Toxic Organics,Toxic Organics
2-Chloroaniline,Toxic Organics,Toxic Organics
3-Chlorophenol,Toxic Organics,Toxic Organics
4-Chlorophenol,Toxic Organics,Toxic Organics
Quinoline,Uncategorized,Uncategorized
"Dibutylamine, whole water",Toxic Organics,Toxic Organics
2-Ethyl-1-hexanol,Toxic Organics,Toxic Organics
1-Methyl-2-isopropylbenzene,Toxic Organics,Toxic Organics
"1,2,4,5-Tetramethylbenzene",Toxic Organics,Toxic Organics
n-Butylbenzene,Toxic Organics,Toxic Organics
Sec-butylbenzene,Toxic Organics,Toxic Organics
tert-Butylbenzene,Toxic Organics,Toxic Organics
2-Phenoxyethanol,Toxic Organics,Toxic Organics
1-Methylnaphthalene,Toxic Organics,Toxic Organics
2-Methyl-4-chlorophenol,Toxic Organics,Toxic Organics
n-Decane,Toxic Organics,Toxic Organics
"1,2,3-Trichloropropane",Toxic Organics,Toxic Organics
Chloral,Uncategorized,Uncategorized
Phthalic anhydride,Uncategorized,Uncategorized
Benzenesulphonic acid,Toxic Organics,Toxic Organics
"2,3-Dichloroaniline",Toxic Organics,Toxic Organics
"2,5-Dichlorophenol",Toxic Organics,Toxic Organics
"2,6-Dichlorophenol",Toxic Organics,Toxic Organics
Hexamethylbenzene,Toxic Organics,Toxic Organics
Safrole,Uncategorized,Uncategorized
"1,1,1,2-Tetrachloroethane",Toxic Organics,Toxic Organics
Phthalic acid,pH,pH
Carbazole,Toxic Organics,Toxic Organics
Diphenylamine,Uncategorized,Uncategorized
p-Aminobiphenyl,Uncategorized,Uncategorized
n-Dodecane,Toxic Organics,Toxic Organics
"1,2,3-Trichlorobenzene",Toxic Organics,Toxic Organics
Azobenzene,Toxic Organics,Toxic Organics
Freon 113,Uncategorized,Uncategorized
Ethylene dibromide,Toxic Organics,Toxic Organics
"1,1,2-Trichloro-1,2,2-trifluoroethane",Toxic Organics,Toxic Organics
"1,2-Bis[2-chloroethoxy] ethane",Toxic Organics,Toxic Organics
Citric acid,pH,pH
Dimethyl terephthalate,Toxic Organics,Toxic Organics
Trichlorotoluene,Toxic Organics,Toxic Organics
n-Tetradecane,Toxic Organics,Toxic Organics
"Carbaryl, total",Toxic Organics,Toxic Organics
"1,2,4,5-Tetrachlorobenzene",Toxic Organics,Toxic Organics
Hexadecane,Toxic Organics,Toxic Organics
Bisphenol-A [.alpha.],Other,Other
"2,3,4,6-Tetrachlorophenol",Toxic Organics,Toxic Organics
Dibromodichloromethane,Toxic Organics,Toxic Organics
n-Heptadecane,Toxic Organics,Toxic Organics
Pentachlorobenzene,Toxic Organics,Toxic Organics
n-Octadecane,Toxic Organics,Toxic Organics
Tri-n-butyl phosphate,Toxic Organics,Toxic Organics
Linoleic acid,pH,pH
n-Eicosane,Toxic Organics,Toxic Organics
Oleic acid,pH,pH
"Hexachlorocyclohexane, total",Toxic Organics,Toxic Organics
Abietic acid,pH,pH
Docosane,Nutrients,Dissolved Oxygen
Butachlor,Uncategorized,Uncategorized
Triphenyl phosphate,Nutrients,Phosphorus
"Methanol, total",Toxic Organics,Toxic Organics
Octachlorocyclopentene,Toxic Organics,Toxic Organics
n-Hexacosane,Toxic Organics,Toxic Organics
"DCBP, total",Uncategorized,Uncategorized
Guanidine nitrate,Nutrients,Nitrogen
"N,N'-Diethylcarbanilide",Toxic Organics,Toxic Organics
Nitroguanidine,Uncategorized,Uncategorized
"Suspended solids, total discharge",Solids,Suspended Solids
"Suspended solids, total annual",Solids,Suspended Solids
"Oil and Grease, calculated limit",Other,Fuel
Precipitation volume,Uncategorized,Uncategorized
Cresol,Toxic Organics,Toxic Organics
"Manure removed, gallons",Uncategorized,Uncategorized
Tetramethylbenzene,Toxic Organics,Toxic Organics
Time each pumping rate utilized,Uncategorized,Uncategorized
Quarternary ammonium compounds,Nutrients,Nitrogen
"3,4-Dichlorophenol",Toxic Organics,Toxic Organics
Flusilazole,Toxic Organics,Toxic Organics
Polychlorinated biphenyls [PCB] pg/L,Inorganics,Disinfectants
"Produced water, free oil",Other,Fuel
Trichlorosyringol,Uncategorized,Uncategorized
Tetrachlorocatechol,Toxic Organics,Toxic Organics
sec-Butyldiphenylmethane,Toxic Organics,Toxic Organics
"Isopropyl-1,1-diphenylethane",Toxic Organics,Toxic Organics
"Isopropyl-1,2-diphenylethane",Toxic Organics,Toxic Organics
"sec-Butyl-1,2-diphenylethane",Toxic Organics,Toxic Organics
Adsorbable organic halides [AOX],Uncategorized,Uncategorized
"sec-Butyl-1,1-diphenylethane",Toxic Organics,Toxic Organics
Certified operator name,Uncategorized,Uncategorized
Certified operator number,Uncategorized,Uncategorized
Certified operator class,Uncategorized,Uncategorized
Certified operator certification exp.,pH,pH
Diethylhydroxylamine,Toxic Organics,Toxic Organics
n-Heptane,Toxic Organics,Toxic Organics
Alpha activity,Other,Other
Alpha gross radioactivity,Other,Other
Radiation-gross alpha tot dissolved,Other,Other
Radiation-gross alpha tot suspended,Other,Other
"Alpha, gross particle activity",Other,Other
"BOD, carbonaceous [5 day, 20 C]",Organics,COD
"BOD, carbonaceous [20 day, 20 C]",Organics,COD
"BOD, carbonaceous [40 day, 20 C]",Organics,COD
"BOD, carb-5 day, 20 deg C, percent removal",Organics,COD
"Dechlorination reagent, gen",Uncategorized,Uncategorized
Dilution factor,Flow,Flow
Chemical oxygen demand [COD],Organics,COD
"Sulfur, total",Uncategorized,Uncategorized
"Color, concentration at wavelength",Color and Turbidity,Color
Chem. oxygen demand [COD] % removal,Organics,COD
"Chemical oxygen demand, soluble",Organics,COD
"BOD, carbonaceous [5 day, 5 C]",Organics,COD
"BOD, carbonaceous [25-day, 20 C]",Organics,COD
"BOD, carbonaceous [28 day, 20 C]",Organics,COD
Non-nitrogenous BOD,Toxic Organics,Toxic Organics
CBOD5+NH3-N,Toxic Organics,Toxic Organics
"Carbonaceous BOD, 5 day, 20 deg C filtrd",Organics,COD
"1,1,2,2-Tetrachloroethylene",Toxic Organics,Toxic Organics
"Chromium, trivalent dissolved, as Cr",Metals,Chromium
"BOD, carbonaceous, percent removal",Organics,COD
Ferrochrome lignosulfonated frwtr mud,Uncategorized,Uncategorized
Lightly treated lignosulfonated mud,Uncategorized,Uncategorized
Sludge waste from secondary clarifiers,Uncategorized,Uncategorized
Spray irrigation,Uncategorized,Uncategorized
Bypass valve,Uncategorized,Uncategorized
Bypass of treatment,Uncategorized,Uncategorized
"Recirculation, percent of plant flow",Flow,Flow
"Solids, volatile suspended, % removal",Solids,Suspended Solids
"BOD, 5-day, percent removal",Organics,COD
"Solids, suspended percent removal",Solids,Suspended Solids
"Phosphorus, total percent removal",Nutrients,Phosphorus
"Residue, volatile nonfilterable",Uncategorized,Uncategorized
"Sludge return rate, % of plant flow",Flow,Flow
Caustic in drilling fluids,Other,Other
"Temperature, summer [deg. C]",Temperature,Temperature
"Temperature, winter [deg. C]",Temperature,Temperature
"Temperature, summer [deg. F]",Temperature,Temperature
"Temperature, winter [deg. F]",Temperature,Temperature
Temperature rate of change deg. F/hour,Temperature,Temperature
Flashpoint temp of oil/solv ASTM 93-77,Other,Fuel
"Algicides, general",Toxic Organics,Toxic Organics
LF Pass/Fail Flth 4Day Chronic Lepomis Macrochi,Aquatic Toxicity,Aquatic Toxicity
LF Pass/Fail Flth 7Day Chronic Lepomis Macrochi,Aquatic Toxicity,Aquatic Toxicity
".alpha.-Endosulfan, in waste",Other,Other
Static Renewal 96Hr Acute Gasterost aculeatus,Other,Fuel
Static 96Hr Acute Citharichys sitigmae,Aquatic Toxicity,Aquatic Toxicity
Static Renewal 48Hr Acute Ceriodaphnia Dubia,Toxic Organics,Toxic Organics
Static Renewal 48Hr Acute Daphnia Magna,Toxic Organics,Toxic Organics
Static Renewal 96Hr Acute Ceriodaphnia Dubia,Toxic Organics,Toxic Organics
Static Renewal 96Hr Acute Pimphales Promelas,Toxic Organics,Toxic Organics
Static Renewal 96Hr Acute Oncorhynchus Mykiss,Toxic Organics,Toxic Organics
Static Renewal 96Hr Acute Menidia Beryllina,Toxic Organics,Toxic Organics
Static Renewal 96Hr Acute Atherinops Affinis,Toxic Organics,Toxic Organics
Flth 96Hr Acute Gasterost Aculeatus,Other,Fuel
"Toxicity, Chronic",Aquatic Toxicity,Aquatic Toxicity
Static 4Day Chronic Selen. Capricornutum,Aquatic Toxicity,Aquatic Toxicity
Static 4 Day Chronic Raphidocelis subcapitata,Aquatic Toxicity,Aquatic Toxicity
Static 7Day Chronic Ceriodaphnia Dubia,Aquatic Toxicity,Aquatic Toxicity
Static 7Day Chronic Pimephales Promelas,Aquatic Toxicity,Aquatic Toxicity
Static 7Day Chronic Menidia beryllina,Aquatic Toxicity,Aquatic Toxicity
Static 1Hr Chronic Strongyl. Purpuratus,Aquatic Toxicity,Aquatic Toxicity
p-Dimethylaminoazobenzene,Toxic Organics,Toxic Organics
Phenacetin,Metals,Tin
Ethyl methanesulfonate,Toxic Organics,Toxic Organics
"Aniline, dry weight",Toxic Organics,Toxic Organics
"Ethanol, dry weight",Uncategorized,Uncategorized
Methyl methanesulfonate,Toxic Organics,Toxic Organics
"Acetone, dry weight",Toxic Organics,Toxic Organics
"Methoxychlor, dry weight",Toxic Organics,Toxic Organics
"Bromoethane, dry weight",Uncategorized,Uncategorized
"Carbon disulfide, dry weight",Solids,Dissolved Solids
"Bromodichloromethane, dry weight",Toxic Organics,Toxic Organics
"Trichlorofluoromethane, dry weight",Toxic Organics,Toxic Organics
"Styrene, dry weight",Toxic Organics,Toxic Organics
"Benzyl alcohol, dry weight",Toxic Organics,Toxic Organics
"1,2-Dibromomethane",Toxic Organics,Toxic Organics
"Vinyl acetate, dry weight",Toxic Organics,Toxic Organics
"Chloromethane, dry weight",Toxic Organics,Toxic Organics
"Pyridine, dry weight",Toxic Organics,Toxic Organics
"Dibenzofuran, dry weight",Toxic Organics,Toxic Organics
"Benzo[b]fluoranthene, dry weight",Toxic Organics,Toxic Organics
"Xylenes [total], dry weight",Toxic Organics,Toxic Organics
"cis-1,3-Dichloropropene, dry weight",Toxic Organics,Toxic Organics
"trans-1,3-Dichloropropene, dry weight",Toxic Organics,Toxic Organics
"Endrin ketone, dry weight",Toxic Organics,Toxic Organics
2-Butanone peroxide,Toxic Organics,Toxic Organics
"Benzenamine, 4-chloro-",Toxic Organics,Toxic Organics
Methyl hydrazine,Toxic Organics,Toxic Organics
Nickel carbonyl,Metals,Nickel
N-Nitrosodi-n-butylamine,Toxic Organics,Toxic Organics
N-Nitrosomorpholine,Toxic Organics,Toxic Organics
1-Nitrosopiperidine,Toxic Organics,Toxic Organics
"Phosphorothioic acid, O,O,O-triethyl ester",Toxic Organics,Toxic Organics
"1,3,5-Trinitrobenzene",Toxic Organics,Toxic Organics
"Flow, restrictive",Flow,Flow
Population served,Uncategorized,Uncategorized
Inert plastic spheres in drill fluids,Uncategorized,Uncategorized
Nutshells in drilling fluids,Other,Other
Power plant load in megawatts,Uncategorized,Uncategorized
Torq trim it in drilling fluids,Other,Other
"Iron, total [as Fe]",Metals,Iron
"Drill cutting, [oil rigs]",Other,Fuel
Condenser cooling water temp. increase,Temperature,Temperature
Calculated limit,Uncategorized,Uncategorized
Applicable temperature limitation,Temperature,Temperature
"Phenols, chlorinated",Inorganics,Disinfectants
"Flow, pump out",Flow,Flow
"Bromochloroethane, in water",Uncategorized,Uncategorized
"Chlorobenzoic acid, in water",Toxic Organics,Toxic Organics
Chloromethylbenzene,Toxic Organics,Toxic Organics
Chlorotoluene,Toxic Organics,Toxic Organics
"Dichlorophenol, in water, ug/L",Toxic Organics,Toxic Organics
Dichlorotoluene,Toxic Organics,Toxic Organics
Dichlorotrifluoroethane,Uncategorized,Uncategorized
Diethylmethylbenzenesulfonamide,Toxic Organics,Toxic Organics
LC50 Static 96Hr Acute D. Magna,Aquatic Toxicity,Aquatic Toxicity
LC50 Static 96Hr Acute D. Pulex,Aquatic Toxicity,Aquatic Toxicity
LC50 Static 96Hr Acute Mysid. Bahia,Aquatic Toxicity,Aquatic Toxicity
LC50 Static 96Hr Acute Cyprinodon,Aquatic Toxicity,Aquatic Toxicity
LC50 Static 96Hr Acute Menidia,Aquatic Toxicity,Aquatic Toxicity
LC50 Static 96Hr Acute Pimephales,Aquatic Toxicity,Aquatic Toxicity
LC50 Static 96Hr Acute Salmo Gair.,Aquatic Toxicity,Aquatic Toxicity
LC50 Static 96Hr Acute Lepomis Macrochirus,Aquatic Toxicity,Aquatic Toxicity
LC50 Static 96Hr Acute Cyprinella Leedsi,Aquatic Toxicity,Aquatic Toxicity
LC50 Static 4Day Chronic Lepomis Macrochirus,Aquatic Toxicity,Aquatic Toxicity
LC50 Static 7Day Chronic Lepomis Macrochirus,Aquatic Toxicity,Aquatic Toxicity
LC50 Static 1Hr Chronic Ceriodaphnia Dubia,Aquatic Toxicity,Aquatic Toxicity
LC50 Static 1Hr Chronic Ceriodaphnia,Aquatic Toxicity,Aquatic Toxicity
LC50 Static 1Hr Chronic Menidia Menidia,Aquatic Toxicity,Aquatic Toxicity
LC50 Static 1Hr Chronic Pimephales,Aquatic Toxicity,Aquatic Toxicity
LC50 Static 1Hr Chronic Lepomis Macrochiru,Aquatic Toxicity,Aquatic Toxicity
LC50 Static 1Hr Chronic Cyprinella Leedsi,Aquatic Toxicity,Aquatic Toxicity
LC50 Statre 48Hr Acute Selen. Capr.,Aquatic Toxicity,Aquatic Toxicity
LC50 Static Renewal 48Hr Acute Lemna minor,Toxic Organics,Toxic Organics
LC50 Static Renewal 48Hr Acute Champia parvula,Toxic Organics,Toxic Organics
LC50 Static Renewal 48Hr Acute Arbacia punctulata,Toxic Organics,Toxic Organics
LC50 Static Renewal 48Hr Acute Ceriodaphnia dubia,Toxic Organics,Toxic Organics
LC50 Static Renewal 48Hr Acute Daphnia magna,Toxic Organics,Toxic Organics
LC50 Static Renewal 48Hr Acute Daphnia pulex,Toxic Organics,Toxic Organics
LC50 Statre 48Hr Acute Mysid. Bahia,Aquatic Toxicity,Aquatic Toxicity
LC50 Static Renewal 48Hr Acupenaeus vannamei,Toxic Organics,Toxic Organics
LC50 Static Renewal 48Hr Acute Cyprinodon variegatus,Toxic Organics,Toxic Organics
LC50 Statre 48Hr Acute Menidia,Aquatic Toxicity,Aquatic Toxicity
LC50 Statre 48Hr Acute Pimephales,Aquatic Toxicity,Aquatic Toxicity
LC50 Statre 48Hr Acute Salmo Gair.,Aquatic Toxicity,Aquatic Toxicity
LC50 Static Renewal 48Hr Acute Lepomis macrochirus,Toxic Organics,Toxic Organics
LC50 Statre 96Hr Acute Selen. Capr.,Aquatic Toxicity,Aquatic Toxicity
LC50 Statre 96Hr Acute L. Minor,Aquatic Toxicity,Aquatic Toxicity
LC50 Statre 96Hr Acute Champia,Aquatic Toxicity,Aquatic Toxicity
LC50 Statre 96Hr Acute Arbacia,Aquatic Toxicity,Aquatic Toxicity
LC50 Statre 96Hr Acute Ceriodaphnia,Aquatic Toxicity,Aquatic Toxicity
LC50 Statre 96Hr Acute D. Magna,Aquatic Toxicity,Aquatic Toxicity
LC50 Statre 96Hr Acute D. Pulex,Aquatic Toxicity,Aquatic Toxicity
LC50 Statre 96Hr Acute Mysid. Bahia,Aquatic Toxicity,Aquatic Toxicity
LC50 Statre 96Hr Acute Pandulas Hypsinotus,Aquatic Toxicity,Aquatic Toxicity
LC50 Statre 96Hr Acute Pandulas Borealis,Aquatic Toxicity,Aquatic Toxicity
LC50 Statre 96Hr Acute Cancer Magister,Aquatic Toxicity,Aquatic Toxicity
LC50 Statre 96Hr Acute Cyprinodon,Aquatic Toxicity,Aquatic Toxicity
LC50 Statre 96Hr Acute Menidia,Aquatic Toxicity,Aquatic Toxicity
LC50 Statre 96Hr Acute Pimephales,Aquatic Toxicity,Aquatic Toxicity
LC50 Statre 96Hr Acute Salmo Gair.,Aquatic Toxicity,Aquatic Toxicity
LC50 Statre 96Hr Acute Lepomis Macrochi,Aquatic Toxicity,Aquatic Toxicity
LC50 Statre 96Hr Acute Orcorhynchus Gorbus,Aquatic Toxicity,Aquatic Toxicity
LC50 Statre 96Hr Acucyprinella Leedsi,Aquatic Toxicity,Aquatic Toxicity
LC50 Statre 96Hr Acumenidia beryllina,Aquatic Toxicity,Aquatic Toxicity
LC50 Statre 4Day Chronic Lepomis Macrochi,Aquatic Toxicity,Aquatic Toxicity
LC50 Statre 7Day Chrceriodaphnia,Uncategorized,Uncategorized
LC50 Statre 7Day Chronic Lepomis Macrochi,Aquatic Toxicity,Aquatic Toxicity
LC50 Flth 48Hr Acute Selen. Capr.,Aquatic Toxicity,Aquatic Toxicity
LC50 Flth 48Hr Acute L. Minor,Aquatic Toxicity,Aquatic Toxicity
LC50 Flth 48Hr Acute Champia,Aquatic Toxicity,Aquatic Toxicity
LC50 Flth 48Hr Acute Arbacia,Aquatic Toxicity,Aquatic Toxicity
LC50 Flth 48Hr Acute Ceriodaphnia,Aquatic Toxicity,Aquatic Toxicity
LC50 Flth 48Hr Acute D. Magna,Aquatic Toxicity,Aquatic Toxicity
LC50 Flth 48Hr Acute D. Pulex,Aquatic Toxicity,Aquatic Toxicity
LC50 Flth 48Hr Acute Mysid. Bahia,Aquatic Toxicity,Aquatic Toxicity
LC50 Flth 48Hr Acute Cyprinodon,Aquatic Toxicity,Aquatic Toxicity
LC50 Flth 48Hr Acute Menidia,Aquatic Toxicity,Aquatic Toxicity
LC50 Flth 48Hr Acute Pimephales,Aquatic Toxicity,Aquatic Toxicity
LC50 Flth 48Hr Acute Salmo Gair.,Aquatic Toxicity,Aquatic Toxicity
LC50 Flth 48Hr Acute Lepomis Macrochi,Aquatic Toxicity,Aquatic Toxicity
LC50 Flth 96Hr Acute Selen. Capr.,Aquatic Toxicity,Aquatic Toxicity
LC50 Flth 96Hracu L. Minor,Aquatic Toxicity,Aquatic Toxicity
LC50 Flth 96Hr Acute Champia,Aquatic Toxicity,Aquatic Toxicity
LC50 Flth 96Hr Acute Arbacia,Aquatic Toxicity,Aquatic Toxicity
Odor [Threshold Number],Other,Other
Odor [threshold no. at 60 deg. C],Other,Other
Odor [threshold no. at 40 deg cent],Other,Other
Redox [oxidation reduction potential],Nutrients,Dissolved Oxygen
"Flow, minimum flow range",Flow,Flow
"Flow, maximum flow range",Flow,Flow
Conductivity,Solids,Dissolved Solids
Specific conductance,Solids,Dissolved Solids
Ratio fecal coliform & streptococci,Toxic Organics,Toxic Organics
Dry days preceding precipitation event,Uncategorized,Uncategorized
Rainfall duration,Other,Other
Temperature of sample upon arrival at lab,Temperature,Temperature
Hydrogen peroxide,Uncategorized,Uncategorized
"BOD, 5-day, 20 deg. C per production",Organics,COD
"Solids, total susp per production",Solids,Suspended Solids
Hydrogen cyanide,Inorganics,Toxic Inorganics
Methyl mercaptan,Toxic Organics,Toxic Organics
Combined metals sum,Metals,Other Metals
Total production - mass,Uncategorized,Uncategorized
Chem. oxygen demand per production,Uncategorized,Uncategorized
"Iron, total per production",Metals,Iron
"Herbicides, total",Uncategorized,Uncategorized
"Alpha emitting radium isotopes, dissolved",Other,Other
"Solids, total susp. per cfs of streamflw",Solids,Suspended Solids
"Nitrogen, ammonia per cfs of streamflow",Flow,Flow
Oil and grease per production,Other,Fuel
Oil and grease per cfs of streamflow,Other,Fuel
Sulfate [as S],Solids,Dissolved Solids
Isooctyl silvex,Uncategorized,Uncategorized
"Isooctyl 2,4,5-T",Toxic Organics,Toxic Organics
"Solids, total volatile, percent removal",Solids,Suspended Solids
"Copper, total per batch",Metals,Copper
"Iron, total per batch",Metals,Iron
"Nickel, total per batch",Metals,Nickel
"Silver, total per batch",Metals,Silver
"Solids, total susp. per batch",Solids,Suspended Solids
"Flow, gallons/batch",Flow,Flow
Sludge volume index [SVI],Uncategorized,Uncategorized
"Chloride, percent removal",Solids,Dissolved Solids
"Solids, dry, discharge to sol. handling sys.",Solids,Suspended Solids
"Production, total, megawatts",Uncategorized,Uncategorized
"Solids, dry, incin.as%ofdrysol.fromtrmtplt",Solids,Suspended Solids
"Solids, dry, removed from sol. handling sys.",Solids,Suspended Solids
Septage discharged to treatment fac.,Uncategorized,Uncategorized
"Digester solids content, percent",Solids,Suspended Solids
"Sludge, rate of wasting",Metals,Tin
"Nitrogen, ammonia, percent removal",Nutrients,Nitrogen
"Oxygen demand, ult., percent removal",Uncategorized,Uncategorized
"Oxygen demand, dissolved",Uncategorized,Uncategorized
Nicotine sulfate,Metals,Tin
Waste heat rejection rate,Uncategorized,Uncategorized
Plant capacity fact. percent of capacity,Uncategorized,Uncategorized
"Oxygen demand, ultimate",Uncategorized,Uncategorized
"Chlorine, total residual, duration of violation",Inorganics,Disinfectants
Coagulants added,Toxic Organics,Toxic Organics
"Particulates, floating",Metals,Tin
"Particulates, floating, dry weight",Metals,Tin
"Chlorinated pesticides, total & PCB's",Inorganics,Disinfectants
Radioactivity,Other,Radiation
Bis ether,Toxic Organics,Toxic Organics
Hydrogen ion,Uncategorized,Uncategorized
"Oxygen demand, ult. carbonaceous [UCOD]",Organics,COD
"Precipitation, total defined period/in",Uncategorized,Uncategorized
Plume surface area,Uncategorized,Uncategorized
"Chlorine, total residual [dsg. time]",Inorganics,Disinfectants
"Oxygen, dissolved [DO]",Nutrients,Dissolved Oxygen
"Oxygen, dissolved percent saturation",Uncategorized,Uncategorized
"BOD, 5-day, 20 deg. C",Organics,COD
"BOD, 5-day, dissolved",Organics,COD
"BOD, nitrogen inhib 5-day [20 deg. C]",Organics,COD
"BOD, 5-day",Organics,COD
"BOD, [ult. all stages]",Organics,COD
"BOD, [ult. 1st stage]",Organics,COD
"BOD, [ult. 2nd stage]",Organics,COD
"BOD, 20-day [20 deg. C]",Organics,COD
"BOD, 11-day [20 deg. C]",Toxic Organics,Toxic Organics
"Oxygen demand, chem. [low level] [COD]",Other,Other
"Oxygen demand, chem. [high level] [COD]",Other,Other
"Oxygen demand, chem. [COD], dissolved",Organics,COD
"Oxygen demand, total [tod]",Uncategorized,Uncategorized
"BOD, 35-day [20 deg. C]",Organics,COD
"BOD, filtered, 5 day, 20 deg C",Organics,COD
"Chlorine demand, 1 hr",Inorganics,Disinfectants
Ozone - residual,Uncategorized,Uncategorized
Ozone,Uncategorized,Uncategorized
"Oxygen demand, sum product",Uncategorized,Uncategorized
Dissolved oxygen injected,Nutrients,Dissolved Oxygen
"Oxygen, dissolved, % of time violated",Uncategorized,Uncategorized
"pH, lab",pH,pH
Non-ionic dispersant [Nalsperse 7348],Toxic Organics,Toxic Organics
Carbon dioxide [as CO2],Organics,COD
"Alkalinity, total [as CaCO3]",pH,alkalinity
"Alkalinity, phenolphthaline method",Toxic Organics,Toxic Organics
"Alkalinity, bicarbonate [as CaCO3]",Organics,COD
"Alkalinity, carbonate [as CaCO3]",Organics,COD
"Acidity, total [as CaCO3]",pH,alkalinity
Acidity-mineral methyl orange [as CaCO3],Toxic Organics,Toxic Organics
"Acidity, CO2 phenol [as CaCO3]",Toxic Organics,Toxic Organics
Hydrochloric acid,pH,pH
Bicarbonate ion- [as HCO3],Toxic Organics,Toxic Organics
"Sulphur, total elemental",Uncategorized,Uncategorized
"Phosphorous, total elemental",Uncategorized,Uncategorized
Carbonate ion- [as CO3],Toxic Organics,Toxic Organics
Viscosity,Uncategorized,Uncategorized
Flashpoint temp of oil/solvents ASTM,Other,Fuel
"Magnesium, in bottom deposits",Metals,Magnesium
"Magnesium, dissolved [as Mg]",Metals,Magnesium
"Magnesium, total [as Mg]",Metals,Magnesium
"Sodium, dissolved [as Na]",Solids,Dissolved Solids
Sodium adsorption ratio,Solids,Dissolved Solids
"Sodium, %",Solids,Dissolved Solids
Sodium in bottom dep [as Na] [dry wgt],Solids,Dissolved Solids
"Potassium, dissolved [as K]",Nutrients,Potassium
"Potassium, total [as K]",Nutrients,Potassium
"Potassium, in bottom deposits",Nutrients,Potassium
"Chloride, sludge, total dry weight",Solids,Dissolved Solids
"Sulfate, total [as SO4]",Solids,Dissolved Solids
Noel Static 7Day Chronic Arbacia,Aquatic Toxicity,Aquatic Toxicity
Noel Static 7Day Chronic Ceriodaphnia,Aquatic Toxicity,Aquatic Toxicity
Noel Static 7Day Chronic D. Magna,Aquatic Toxicity,Aquatic Toxicity
Noel Static 7Day Chronic D. Pulex,Aquatic Toxicity,Aquatic Toxicity
Noel Static 7Day Chronic Mysid. Bahia,Aquatic Toxicity,Aquatic Toxicity
Noel Static 7Day Chronic Cyprinodon,Aquatic Toxicity,Aquatic Toxicity
Noel Static 7Day Chronic Menidia,Aquatic Toxicity,Aquatic Toxicity
Noel Static 7Day Chronic Pimephales,Aquatic Toxicity,Aquatic Toxicity
Noel Static 7Day Chronic Salmo Gair.,Aquatic Toxicity,Aquatic Toxicity
Noel Static 7Day Chronic Lepomis Macrochirus,Aquatic Toxicity,Aquatic Toxicity
NOEL Static 1Hr Chronic Lepomis macrochirus,Aquatic Toxicity,Aquatic Toxicity
Noel Static 1Hr Chronic Red Sea Urchin,Aquatic Toxicity,Aquatic Toxicity
Noel Static 1Hr Chronic Purple Sea Urchin,Aquatic Toxicity,Aquatic Toxicity
Noel Static 1Hr Chronic Green Sea Urchin,Aquatic Toxicity,Aquatic Toxicity
Noel Static 1Hr Chronic Dendraster Excent,Aquatic Toxicity,Aquatic Toxicity
Noel Static 48Hr Chronic Champia,Aquatic Toxicity,Aquatic Toxicity
Noel Static 48Hr Chronic Crassostrea Gigas,Other,Fuel
Noel Static 48Hr Chronic Mytilus Edulis,Aquatic Toxicity,Aquatic Toxicity
Noel Static 1Hr Fert. Chronic Arbacia,Aquatic Toxicity,Aquatic Toxicity
NOEL Static Renewal 48Hr Acute Lepomis Macrochirus,Toxic Organics,Toxic Organics
Noel Statre 96Hr Acute Lepomis Macrochi,Aquatic Toxicity,Aquatic Toxicity
Noel Statre 4Day Chronic Selen. Capr.,Aquatic Toxicity,Aquatic Toxicity
Noel Statre 4Day Chronic L. Minor,Aquatic Toxicity,Aquatic Toxicity
Noel Statre 4Day Chronic Champia,Aquatic Toxicity,Aquatic Toxicity
Noel Statre 4Day Chronic Arbacia,Aquatic Toxicity,Aquatic Toxicity
Noel Statre 4Day Chronic Ceriodaphnia,Aquatic Toxicity,Aquatic Toxicity
Noel Statre 4Day Chronic D. Magna,Aquatic Toxicity,Aquatic Toxicity
Noel Statre 4Day Chronic D. Pulex,Aquatic Toxicity,Aquatic Toxicity
Noel Statre 4Day Chronic Mysid. Bahia,Aquatic Toxicity,Aquatic Toxicity
Noel Statre 4Day Chronic Cyprinodon,Aquatic Toxicity,Aquatic Toxicity
Noel Statre 4Day Chronic Menidia,Aquatic Toxicity,Aquatic Toxicity
Noel Statre 4Day Chronic Pimephales,Aquatic Toxicity,Aquatic Toxicity
Noel Statre 4Day Chronic Salmo Gair.,Aquatic Toxicity,Aquatic Toxicity
Noel Statre 4Day Chronic Lepomis Macrochi,Aquatic Toxicity,Aquatic Toxicity
Noel Statre 7Day Chronic Selen. Capr.,Aquatic Toxicity,Aquatic Toxicity
Noel Statre 7Day Chronic L. Minor,Aquatic Toxicity,Aquatic Toxicity
Noel Statre 7Day Chronic Champia,Aquatic Toxicity,Aquatic Toxicity
Noel Statre 7Day Chronic Arbacia,Aquatic Toxicity,Aquatic Toxicity
Noel Statre 7Day Chronic Ceriodaphnia,Aquatic Toxicity,Aquatic Toxicity
Noel Statre 7Day Chronic D. Magna,Aquatic Toxicity,Aquatic Toxicity
Acidity,Uncategorized,Uncategorized
Differential pressure annular well head,Uncategorized,Uncategorized
Sodium arsenite,Solids,Dissolved Solids
Chlorides + Sulfates,Solids,Dissolved Solids
Oxygen demand first stage,Uncategorized,Uncategorized
"Mercaptans, total",Uncategorized,Uncategorized
"Resin acids, total",pH,pH
Dimethylbenzidine,Toxic Organics,Toxic Organics
pH change [range],pH,pH
"Algal, biomass percent",Uncategorized,Uncategorized
"Spray irrigation, application rate",pH,pH
"Iron, total percent removal",Metals,Iron
Sludge settleability 30 minute,Uncategorized,Uncategorized
"Flow volume daily, into a well",Flow,Flow
Sludge volume daily into a well,Uncategorized,Uncategorized
Area of disposal- used,Uncategorized,Uncategorized
"Pressure, bottom-at well bottom",Uncategorized,Uncategorized
Dichlorobutene [isomers],Toxic Organics,Toxic Organics
"2-sec-Butyl-4,6-dinitrophenol",Toxic Organics,Toxic Organics
Trichlorophenate- [isomers],Uncategorized,Uncategorized
EDTA ammoniated,Nutrients,Nitrogen
Free acid,pH,pH
Ammonia & ammonium- total,Nutrients,Nitrogen
Chlorodimeform,Toxic Organics,Toxic Organics
2-Ethyl-2-methyldioxolane,Toxic Organics,Toxic Organics
Temperature rate of change deg. C/hr,Temperature,Temperature
"Turbidity, % increas over intake",Color and Turbidity,Turbidity
"BOD, 5 lb/cu ft process",Organics,COD
Total susp. solids- lb/cu ft process,Solids,Suspended Solids
Mixed liquor,Uncategorized,Uncategorized
Microscopic analysis,Uncategorized,Uncategorized
"Nitrobodies, total",Organics,COD
"Solids, total non- volatile, non-fixed",Toxic Organics,Toxic Organics
Lagoon observation visual,Uncategorized,Uncategorized
"Calcium hypochlorite, weight/application grams",Metals,Calcium
"Calcium hypochlorite, number of applications",Metals,Calcium
4-Nitro-m-cresol,Toxic Organics,Toxic Organics
"Radioactivity, gross",Other,Radiation
"Nitrogen, ammonia, sludge, tot dry wgt",Nutrients,Nitrogen
"Chloride, dissolved [as Cl]",Solids,Dissolved Solids
"Radon, total in water",Other,Radiation
"Tantalum, total",Uncategorized,Uncategorized
"Samarium, total [as Sm in water]",Uncategorized,Uncategorized
"Ruthenium, total",Uncategorized,Uncategorized
Ethylene,Toxic Organics,Toxic Organics
"Proprane, total",Uncategorized,Uncategorized
Dissolved radioactive gasses,Other,Fuel
Solids accumulation rate tot dry weight,Solids,Suspended Solids
Nitrogen oxides [as N],Nutrients,Nitrogen
"Nitrogen, oxidized",Nutrients,Nitrogen
"First stage oxygen demand, % removal",Uncategorized,Uncategorized
"Sodium sulfate, total",Solids,Dissolved Solids
"Free acid, total",pH,pH
Water treatment additives,Other,Other
Aluminum sulfate,Metals,Aluminum
"Hardness, tot calc. [Ca, Mg, Fe] as CaC03",Uncategorized,Uncategorized
"Chromium, hexavalent",Metals,Chromium
"BOD, % over influent",Organics,COD
"Iron, dissolved from dry deposition",Metals,Iron
Trichlorobenzene,Toxic Organics,Toxic Organics
Dichlorobutadiene,Toxic Organics,Toxic Organics
"Nitrogen, Kjeldahl",Nutrients,Nitrogen
MB 121,Uncategorized,Uncategorized
Polyacrylamide chloride,Toxic Organics,Toxic Organics
Water level relative to mean sea level,Other,Other
Elevation of original ground,Other,Other
"Osmotic pressure, total, unf whl wtr",Uncategorized,Uncategorized
Volatile halogenated hydrocarbons,Organics,COD
Volatile hydrocarbons,Organics,COD
Total pesticides,Toxic Organics,Toxic Organics
"Conductivity, net",Solids,Dissolved Solids
Lagoon freeboard,Uncategorized,Uncategorized
Ciodrin,Uncategorized,Uncategorized
pH exchange [su],pH,pH
Daily excursion time [min],Uncategorized,Uncategorized
Month excursion time [min],Uncategorized,Uncategorized
Day - max excursion time [min],Uncategorized,Uncategorized
"pH range excursions, > 60 minutes",pH,pH
"pH range excursions, monthly total accum",pH,pH
"pH, in soil",Other,Fuel
"Drilling fluids, free oil",Other,Other
"Drilling fluids, toxicity",Other,Other
"Drilling fluids, end of well toxicity",Other,Other
"Drilling fluids, discharge rate",Other,Other
"Drilling fluids, oil content",Other,Other
"Drilling fluids, volume",Other,Other
"Drill cuttings, free oil",Other,Fuel
"Drilling cuttings, volume",Other,Other
"Deck drainage, free oil",Other,Fuel
"Deck drainage, volume",Uncategorized,Uncategorized
"Produced water, oil and grease",Other,Fuel
"Produced water, flow",Flow,Flow
"Produced sand, free oil",Other,Fuel
"Produced sand, weight",Solids,Suspended Solids
"Well fluids, free oil",Other,Fuel
"Well fluids, volume",Uncategorized,Uncategorized
"Sanitary waste, residual chlorine",Inorganics,Disinfectants
"Sanitary waste, flow",Flow,Flow
"Sanitary waste, solids",Solids,Suspended Solids
"Domestic waste, foam and floating solids",Other,Other
"Desalinization unit, free oil",Other,Fuel
Azinphos-methyl,Toxic Organics,Toxic Organics
Dibromochloropropane,Uncategorized,Uncategorized
p-Chloro-m-cresol,Toxic Organics,Toxic Organics
"Backwash cycles, total number of",Uncategorized,Uncategorized
Metribuzin,Uncategorized,Uncategorized
"Volatile halogenated organics [VHO], tot",Organics,Other Organics
"Benzene, 1-chloro-4-[trifluoromethyl]-",Toxic Organics,Toxic Organics
"Linuron, total recoverable",Toxic Organics,Toxic Organics
"Tebuthiuron, total recoverable",Uncategorized,Uncategorized
"Pronamide, total recoverable",Uncategorized,Uncategorized
"DCPA, total recoverable",Uncategorized,Uncategorized
"Pendimethalin, total recoverable",Toxic Organics,Toxic Organics
"Permethrin, total recoverable",Toxic Organics,Toxic Organics
"Cyanazine, total recoverable",Toxic Organics,Toxic Organics
TCDD equivalents,Toxic Organics,Toxic Organics
Endrin + endrin aldehyde [sum],Toxic Organics,Toxic Organics
Distance from shore,Uncategorized,Uncategorized
Vegetative cover,Uncategorized,Uncategorized
Oil and grease visual,Other,Fuel
Volatile organics detected,Organics,Other Organics
Dioxin laboratory - alpha code,Other,Other
Oil - separator obsv - assessment,Other,Fuel
Evaporator/bed obsv - assessment,Uncategorized,Uncategorized
Area inspection visual,Uncategorized,Uncategorized
Drain field insp assessment,Uncategorized,Uncategorized
Sludge buildup visual,Uncategorized,Uncategorized
Pond observation,Uncategorized,Uncategorized
"Outfall observation,visual, y/n response",Uncategorized,Uncategorized
Discharge event observation [Visual Monitoring],Uncategorized,Uncategorized
Pollutant table from 503.13,Uncategorized,Uncategorized
Level of pathogen requirements achieved,Other,Other
Description of pathogen option used,Pathogens,Pathogens
Vector attraction reduction alternative used,Uncategorized,Uncategorized
Tidal stage,Other,Other
Suspended solids,Solids,Suspended Solids
Biochemical oxygen demand-5,Organics,COD
"Animals, total estimated no. of",Uncategorized,Uncategorized
Algal growth potential,Uncategorized,Uncategorized
Water level at sample collection time,Other,Other
Report due [yrmoda],Uncategorized,Uncategorized
"Flow, direction",Flow,Flow
Velocity of intake,Uncategorized,Uncategorized
"1,1-Dichloro-1-fluoroethane",Toxic Organics,Toxic Organics
"1-Chloro-1,1-difluoroethane",Toxic Organics,Toxic Organics
"1,1,1-Trifluoroethane",Toxic Organics,Toxic Organics
"1,1,1,3,3-Pentafluorobutane",Toxic Organics,Toxic Organics
Corrugated media - markt pulp air-dried,Uncategorized,Uncategorized
Stickwater discharge,Uncategorized,Uncategorized
De-inked washed fiber,Uncategorized,Uncategorized
De-inked floatation fiber,Uncategorized,Uncategorized
Purchased paper,Uncategorized,Uncategorized
Fine paper machine - dried,Uncategorized,Uncategorized
Raw materials processed,Uncategorized,Uncategorized
Pulp Production,Uncategorized,Uncategorized
"Potassium, total recoverable",Nutrients,Potassium
Bis[2-ethylhexyl] adipate,Toxic Organics,Toxic Organics
2-Acetyl aminoflourcene,Toxic Organics,Toxic Organics
"Iodine, total",Uncategorized,Uncategorized
Bromide [as Br],Uncategorized,Uncategorized
"Bromine, reported as the element",Uncategorized,Uncategorized
Bromine chloride,Solids,Dissolved Solids
Hydrogen sulfide,Inorganics,Toxic Inorganics
Formaldehyde,Toxic Organics,Toxic Organics
"Phosphorus, total soluble [as PO4]",Nutrients,Phosphorus
"Mercury, dissolved [as Hg]",Metals,Mercury
"Mercury, total [as Hg]",Metals,Mercury
"Mercury, total recoverable",Metals,Mercury
"Gold, total [as Au]",Uncategorized,Uncategorized
"Rare earth metals, total",Metals,Other Metals
"Mercury, tot in bot deposits [dry wgt]",Metals,Mercury
Depth to water level ft below landsurface,Other,Other
Depth of pond or reservoir in feet,Uncategorized,Uncategorized
Detention time,Uncategorized,Uncategorized
Pump hours,Uncategorized,Uncategorized
"Gases, total dissolved",Other,Fuel
Seawater in drilling fluids,Other,Other
Freshwater in drilling fluids,Other,Other
Length of longest pH excursion,pH,pH
% of time exceeding pH limits,pH,pH
Elevation of top of well casing,Other,Other
"Ethyl ether, by gas chromatograph",Other,Fuel
"3,4,5-Trichlorocatechol",Uncategorized,Uncategorized
Tetrachloroguaiacol,Toxic Organics,Toxic Organics
"4,5,6-Trichloroguaiacol",Uncategorized,Uncategorized
"PCB-1221, dry weight",Toxic Organics,Toxic Organics
"1,2,3,6,7,8-HXCDF, total sludge",Uncategorized,Uncategorized
"1,2,3,7,8,9-HXCDF, total sludge",Uncategorized,Uncategorized
"2,3,4,6,7,8-HXCDF, total sludge",Uncategorized,Uncategorized
"1,2,3,4,6,7,8-HPCDD, total sludge",Uncategorized,Uncategorized
"1,2,3,4,6,7,8-HPCDF, total sludge",Uncategorized,Uncategorized
"1,2,3,4,7,8,9-HPCDF, total sludge",Uncategorized,Uncategorized
"3,3',4,4'-TCB, total sludge",Uncategorized,Uncategorized
"3,4,4',5-TCB, total sludge",Uncategorized,Uncategorized
"3,3',4,4',5-PECB, total sludge",Uncategorized,Uncategorized
"2,3,3',4,4'-PECB, total sludge",Uncategorized,Uncategorized
"2,3',4,4',5-PECB, total sludge",Uncategorized,Uncategorized
"2,3',4,4',5'-PECB, total sludge",Uncategorized,Uncategorized
"2,3,4,4',5-PECB, total sludge",Uncategorized,Uncategorized
"3,3',4,4',5,5'-HXCB, total sludge",Uncategorized,Uncategorized
"2,3,3',4,4',5-HXCB, total sludge",Uncategorized,Uncategorized
"2,3,3',4,4',5'-HXCB, total sludge",Uncategorized,Uncategorized
"2,3',4,4',5,5'-HXCB, total sludge",Uncategorized,Uncategorized
"2,3,3',4,4',5,5'-HPCB, total sludge",Toxic Organics,Toxic Organics
"2,3,7,8-TCDD TTE, total sludge",Toxic Organics,Toxic Organics
LC50 Mycd Shrimp Static Defn,Uncategorized,Uncategorized
LC50 Shee Minnow Static Defn,Uncategorized,Uncategorized
LC50 Fthd Minnow Static Defn,Uncategorized,Uncategorized
LC50 Static 48Hr Acute Selen. Capr.,Aquatic Toxicity,Aquatic Toxicity
LC50 Static 48Hr Acute L. Minor,Aquatic Toxicity,Aquatic Toxicity
LC50 Static 48Hr Acute Champia,Aquatic Toxicity,Aquatic Toxicity
LC50 Static 48Hr Acute Arbacia,Aquatic Toxicity,Aquatic Toxicity
LC50 Static 48Hr Acute Ceriodaphnia,Aquatic Toxicity,Aquatic Toxicity
LC50 Static 48Hr Acute D. Magna,Aquatic Toxicity,Aquatic Toxicity
LC50 Static 48Hr Acute D. Pulex,Aquatic Toxicity,Aquatic Toxicity
LC50 Static 48Hr Acute Mysid. Bahia,Aquatic Toxicity,Aquatic Toxicity
LC50 Static 48Hr Acute Cyprinodon,Aquatic Toxicity,Aquatic Toxicity
LC50 Static 48Hr Acute Menidia,Aquatic Toxicity,Aquatic Toxicity
LC50 Static 48Hr Acute Pimephales,Aquatic Toxicity,Aquatic Toxicity
LC50 Static 48Hr Acute Salmo Gair.,Aquatic Toxicity,Aquatic Toxicity
LC50 Static 48Hr Acute Lepomis Macrochirus,Aquatic Toxicity,Aquatic Toxicity
LC50 Static 48Hr Acute Salvel. Salmonid,Aquatic Toxicity,Aquatic Toxicity
LC50 Static 48Hr Acute Cyprinella Leedsi,Aquatic Toxicity,Aquatic Toxicity
Noel Statre 7Day Chronic D. Pulex,Aquatic Toxicity,Aquatic Toxicity
Noel Statre 7Day Chronic Mysid. Bahia,Aquatic Toxicity,Aquatic Toxicity
Noel Statre 7Day Chronic Cyprinodon,Aquatic Toxicity,Aquatic Toxicity
Noel Statre 7Day Chronic Menidia,Aquatic Toxicity,Aquatic Toxicity
Noel Statre 7Day Chronic Pimephales,Aquatic Toxicity,Aquatic Toxicity
Noel Statre 7Day Chronic Salmo Gair.,Aquatic Toxicity,Aquatic Toxicity
Noel Statre 7Day Chronic Lepomis Macrochi,Aquatic Toxicity,Aquatic Toxicity
Noel Statre 7 Day Chronic Cyprinella Leedsi,Aquatic Toxicity,Aquatic Toxicity
Noel Statre 10Day Chronic Salvel. Salmonid,Aquatic Toxicity,Aquatic Toxicity
Noel Flth 48Hr Acute Lepomis Macrochi,Aquatic Toxicity,Aquatic Toxicity
Noel Flth 96Hr Acute Lepomis Macrochi,Aquatic Toxicity,Aquatic Toxicity
Noel Flth 4Day Chronic Selen. Capr.,Aquatic Toxicity,Aquatic Toxicity
Noel Flth 4Day Chronic L. Minor,Aquatic Toxicity,Aquatic Toxicity
Noel Flth 4Day Chronic Champia,Aquatic Toxicity,Aquatic Toxicity
Noel Flth 4Day Chronic Arbacia,Aquatic Toxicity,Aquatic Toxicity
Noel Flth 4Day Chronic Ceriodaphnia,Aquatic Toxicity,Aquatic Toxicity
Noel Flth 4Day Chronic D. Magna,Aquatic Toxicity,Aquatic Toxicity
Noel Flth 4Day Chronic D. Pulex,Aquatic Toxicity,Aquatic Toxicity
Noel Flth 4Day Chronic Mysid. Bahia,Aquatic Toxicity,Aquatic Toxicity
Noel Flth 4Day Chronic Cyprinodon,Aquatic Toxicity,Aquatic Toxicity
Noel Flth 4Day Chronic Menidia,Aquatic Toxicity,Aquatic Toxicity
Noel Flth 4Day Chronic Pimephales,Aquatic Toxicity,Aquatic Toxicity
Noel Flth 4Day Chronic Salmo Gair.,Aquatic Toxicity,Aquatic Toxicity
Noel Flth 4Day Chronic Lepomis Macrochi,Aquatic Toxicity,Aquatic Toxicity
Noel Flth 7Day Chronic Selen. Capr.,Aquatic Toxicity,Aquatic Toxicity
Noel Flth 7Day Chronic L. Minor,Aquatic Toxicity,Aquatic Toxicity
Noel Flth 7Day Chronic Champia,Aquatic Toxicity,Aquatic Toxicity
Noel Flth 7Day Chronic Arbacia,Aquatic Toxicity,Aquatic Toxicity
Noel Flth 7Day Chronic Ceriodaphnia,Aquatic Toxicity,Aquatic Toxicity
Noel Flth 7Day Chronic D. Magna,Aquatic Toxicity,Aquatic Toxicity
Noel Flth 7Day Chronic D. Pulex,Aquatic Toxicity,Aquatic Toxicity
Noel Flth 7Day Chronic Mysid. Bahia,Aquatic Toxicity,Aquatic Toxicity
Noel Flth 7Day Chronic Cyprinodon,Aquatic Toxicity,Aquatic Toxicity
Noel Flth 7Day Chronic Menidia,Aquatic Toxicity,Aquatic Toxicity
Noel Flth 7Day Chronic Pimephales,Aquatic Toxicity,Aquatic Toxicity
Noel Flth 7Day Chronic Salmo Gair.,Aquatic Toxicity,Aquatic Toxicity
Noel Flth 7Day Chronic Lepomis Macrochi,Aquatic Toxicity,Aquatic Toxicity
%Effect Static 48Hr Acute Ceriodaphnia,Aquatic Toxicity,Aquatic Toxicity
%Effect Static 48Hr Acute Lepomis Macrochirus,Aquatic Toxicity,Aquatic Toxicity
%Effect Static 4 Day Chronic Lepomis Macrochi,Aquatic Toxicity,Aquatic Toxicity
%Effect Static 7Day Chronic Lepomis Macrochi,Aquatic Toxicity,Aquatic Toxicity
%Effect Static 24Hr Acute Ceriodaphnia,Aquatic Toxicity,Aquatic Toxicity
%Effect Static 24Hr Acute Pimephales,Aquatic Toxicity,Aquatic Toxicity
%Effect Statre 48Hr Acute Selen. Capr.,Aquatic Toxicity,Aquatic Toxicity
%Effect Statre 48Hr Acute L. Minor,Aquatic Toxicity,Aquatic Toxicity
%Effect Statre 48Hr Acu. Champia,Aquatic Toxicity,Aquatic Toxicity
%Effect Statre 48Hr Acute Arbacia,Aquatic Toxicity,Aquatic Toxicity
%Effect Statre 48Hr Acute Ceriodaphnia,Aquatic Toxicity,Aquatic Toxicity
%Effect Statre 48Hr Acute D. Magna,Aquatic Toxicity,Aquatic Toxicity
%Effect Statre 48Hr Acute D. Pulex,Aquatic Toxicity,Aquatic Toxicity
% Effect Statre 48Hr Acute Mysid. Bahia,Aquatic Toxicity,Aquatic Toxicity
%Effect Statre 48Hr Acute Cyprinodon,Aquatic Toxicity,Aquatic Toxicity
%Effect Statre 48Hr Acute Menidia,Aquatic Toxicity,Aquatic Toxicity
%Effect Statre 48Hr Acute Pimephales,Aquatic Toxicity,Aquatic Toxicity
%Effect Static Renewal 48Hr Acute Lepomis Macrochirus,Toxic Organics,Toxic Organics
%Effect Static Renewal 96Hr Acute Selenastrum capricoruntum,Toxic Organics,Toxic Organics
%Effect Static Renewal 96Hr Acute L. Minor,Toxic Organics,Toxic Organics
%Effect Static Renewal 96Hr Acute Champia parvula,Toxic Organics,Toxic Organics
%Effect Static Renewal 96Hr Acute Arbacia punctulata,Toxic Organics,Toxic Organics
%Effect Static Renewal 96Hr Acute Ceriodaphnia dubia,Toxic Organics,Toxic Organics
%Effect Static Renewal 96Hr Acute Daphnia magna,Toxic Organics,Toxic Organics
%Effect Static Renewal 96Hr Acute Daphnia pulex,Toxic Organics,Toxic Organics
% Effect Static Renewal 96Hr Acute Mysidopsis bahia,Toxic Organics,Toxic Organics
%Effect Static Renewal 96Hr Acute Cyprinodon variegatus,Toxic Organics,Toxic Organics
%Effect Static Renewal 96Hr Acute Menidia menidia,Toxic Organics,Toxic Organics
%Effect Static Renewal 96Hr Acute Pimephales promelas,Toxic Organics,Toxic Organics
%Effect Static Renewal 96Hr Acute Lepomis macrochirus,Toxic Organics,Toxic Organics
%Effect Statre 4Day Chronic Selen. Capr.,Aquatic Toxicity,Aquatic Toxicity
%Effect Statre 4Day Chronic L. Minor,Aquatic Toxicity,Aquatic Toxicity
%Effect Statre 4Day Chronic Champia,Aquatic Toxicity,Aquatic Toxicity
%Effect Statre 4Day Chronic Arbacia,Aquatic Toxicity,Aquatic Toxicity
LC50 Static 96Hr Acute Selen. Capr.,Aquatic Toxicity,Aquatic Toxicity
LC50 Static 96Hr Acute L. Minor,Aquatic Toxicity,Aquatic Toxicity
LC50 Static 96Hr Acute Champia,Aquatic Toxicity,Aquatic Toxicity
LC50 Static 96Hr Acute Arbacia,Aquatic Toxicity,Aquatic Toxicity
LC50 Static 96Hr Acute Ceriodaphnia,Aquatic Toxicity,Aquatic Toxicity
S-Propyldipropylthiocarbamate [Vernolate],Toxic Organics,Toxic Organics
Sulfotepp,Uncategorized,Uncategorized
"Chloride, dissolved in water",Solids,Dissolved Solids
"Thallium, total recoverable",Metals,Thallium
Bleached kraft,Uncategorized,Uncategorized
Chemi-mechanical pulp,Uncategorized,Uncategorized
Sulfite pulp,Uncategorized,Uncategorized
"4,4'-Butyldenebis[6-t-butyl-m-cresol]",Toxic Organics,Toxic Organics
"2,2-Dimethyl-2,3-dihydro-7-benzofuranol",Toxic Organics,Toxic Organics
Chlorine addition rate,Inorganics,Disinfectants
"Xylene, meta & para in combination",Toxic Organics,Toxic Organics
"BOD, mass, times flow prop. multiplier",Organics,COD
"Solids, total diss., percent by weight",Solids,Suspended Solids
Acrylic acid,Toxic Organics,Toxic Organics
p-Ethyltoluene,Toxic Organics,Toxic Organics
Dodecylguanidine salts,Nutrients,Dissolved Oxygen
Chloroethane,Uncategorized,Uncategorized
HEDP,Uncategorized,Uncategorized
Tolytriazole,Toxic Organics,Toxic Organics
Aldicarb sulfoxide,Uncategorized,Uncategorized
Aldicarb sulfone,Uncategorized,Uncategorized
Gross beta,Other,Other
Monitoring well level from the surface,Other,Other
"Aluminum, acid soluble",Metals,Aluminum
"THC, dry & O2",Uncategorized,Uncategorized
Benfluralin,Uncategorized,Uncategorized
"TCDD, total sludge",Toxic Organics,Toxic Organics
"PECDD, total sludge",Uncategorized,Uncategorized
"HXCDD, total sludge",Uncategorized,Uncategorized
"HPCDD, total sludge",Uncategorized,Uncategorized
"OCDD, total sludge",Uncategorized,Uncategorized
"TCDF, total sludge",Uncategorized,Uncategorized
"PECDF, total sludge",Uncategorized,Uncategorized
"HXCDF, total sludge",Uncategorized,Uncategorized
"HPCDF, total sludge",Uncategorized,Uncategorized
"OCDF, total sludge",Uncategorized,Uncategorized
"2,3,7,8-TCDD, total sludge",Toxic Organics,Toxic Organics
"2,3,7,8-TCDF, total sludge",Uncategorized,Uncategorized
"1,2,3,7,8-PECDD, total sludge",Uncategorized,Uncategorized
"1,2,3,7,8-PECDF, total sludge",Uncategorized,Uncategorized
"2,3,4,7,8-PECDF, total sludge",Uncategorized,Uncategorized
"1,2,3,4,7,8-HXCDD, total sludge",Uncategorized,Uncategorized
"1,2,3,6,7,8-HXCDD, total sludge",Uncategorized,Uncategorized
"HXCDD, 1,2,3,7,8,9-, total sludge",Uncategorized,Uncategorized
"1,2,3,4,7,8-HXCDF, total sludge",Uncategorized,Uncategorized
"Calcium, dissolved [as Ca]",Metals,Calcium
"Calcium, total [as Ca]",Metals,Calcium
Calcium in bottom deposits,Metals,Calcium
"Calcium, total recoverable",Metals,Calcium
"Magnesium, total recoverable",Metals,Magnesium
"Sodium, total recoverable",Solids,Dissolved Solids
"Tin, total recoverable",Metals,Tin
"Titanium, total recoverable",Metals,Titanium
"Yttrium, total recoverable",Metals,Yttrium
"Iron and manganese, total",Metals,Manganese
"Iron and manganese, soluble",Metals,Manganese
Uranyl-ion,Uncategorized,Uncategorized
"Arsenic, trivalent total recoverable",Metals,Arsenic
"Beryllium, total recoverable [as Be]",Metals,Beryllium
"Boron, total recoverable",Inorganics,Toxic Inorganics
"Arsenic, dissolved [as As]",Metals,Arsenic
"Arsenic, total [as As]",Metals,Arsenic
"Arsenic, dry weight",Metals,Arsenic
"Barium, dissolved [as Ba]",Metals,Barium
"Barium, total [as Ba]",Metals,Barium
Barium in bottom deposits [dry wgt],Metals,Barium
"Barium, total recoverable",Metals,Barium
"Beryllium, dissolved [as Be]",Metals,Beryllium
"Beryllium, total [as Be]",Metals,Beryllium
"Beryllium, in bottom deposits [dry wgt]",Metals,Beryllium
"Bismuth, total [as Bi]",Uncategorized,Uncategorized
"Boron, dissolved [as B]",Inorganics,Toxic Inorganics
"Boron, total [as B]",Inorganics,Toxic Inorganics
"Chromium, total in bot dep [wet wgt]",Metals,Chromium
"Cadmium, dissolved [as Cd]",Metals,Cadmium
"Cadmium, total [as Cd]",Metals,Cadmium
"Cadmium, in bottom deposits [dry wgt]",Metals,Cadmium
"Chromium, total dry weight [as Cr]",Metals,Chromium
"Chromium, dissolved [as Cr]",Metals,Chromium
"Chromium, suspended [as Cr]",Metals,Chromium
"Zinc, dissolved [as Zn]",Metals,Zinc
Chlorethoxyfos,Uncategorized,Uncategorized
Tebupirimfos,Uncategorized,Uncategorized
Tefluthrin,Uncategorized,Uncategorized
Temephos,Uncategorized,Uncategorized
"Permanganate, Total",Uncategorized,Uncategorized
Tert-Amyl Methyl Ether,Toxic Organics,Toxic Organics
Ethyl-Tert Butyl Ether,Toxic Organics,Toxic Organics
"Chlordane - Nonachlor, Cis",Toxic Organics,Toxic Organics
"Chlordane - Nonachlor, Trans",Toxic Organics,Toxic Organics
p-Chlorotoluene,Toxic Organics,Toxic Organics
Whole Effluent Toxicity - Retest #3,Aquatic Toxicity,Aquatic Toxicity
"Whole Effluent Toxicity, Sub-Lethal Retest #3",Aquatic Toxicity,Aquatic Toxicity
Metam Potassium,Nutrients,Potassium
Terbufos,Uncategorized,Uncategorized
Butanal,Toxic Organics,Toxic Organics
"Permanganate, Dissolved",Uncategorized,Uncategorized
Malachite Green,Uncategorized,Uncategorized
"Chlordene, Gamma",Other,Radiation
Chloramine-T,Inorganics,Disinfectants
PVP-Iodine,Uncategorized,Uncategorized
Isolation Time Met,Uncategorized,Uncategorized
Apparent Color [Admi Units],Color and Turbidity,Color
Are You In Compliance,Uncategorized,Uncategorized
"Nitrogen, Total as NO3 + NH3",Nutrients,Nitrogen
Sodium Hypochlorite Bleach,Solids,Dissolved Solids
"Lead, Organic, Total",Metals,Lead
Ethyl methacrylate,Toxic Organics,Toxic Organics
"Chlordene, Alpha",Other,Other
Oxychlordane,Toxic Organics,Toxic Organics
Methylmercury,Metals,Mercury
Methacrylonitrile,Toxic Organics,Toxic Organics
Pass/Fail Static 24Hr Acute Ceriodaphnia Dubia,Aquatic Toxicity,Aquatic Toxicity
% Mortality Static 48Hr Acute Pimephales promelas,Aquatic Toxicity,Aquatic Toxicity
"Static 48Hr Chronic, 5-7 Day Rec. Cyprinodeon variegas",Other,Fuel
Static 48Hr Chronic Mytilis Species,Aquatic Toxicity,Aquatic Toxicity
Static Renewal 4Day Chronic Daphnia Magna,Toxic Organics,Toxic Organics
"Nitrogen, Total",Nutrients,Nitrogen
"Nitrogen, Ammonia  Total",Nutrients,Nitrogen
"Nitrogen, Nitrite  Total",Nutrients,Nitrogen
"Nitrogen, Nitrate  Total",Nutrients,Nitrogen
"Nitrogen, Kjeldahl  Total",Nutrients,Nitrogen
Nitrite Plus Nitrate Total,Nutrients,Nitrogen
"Phosphorus, Total",Nutrients,Phosphorus
"Pulp, Purchased",Uncategorized,Uncategorized
Number of Events,Uncategorized,Uncategorized
Offensive Conditions,Other,Other
Bromate,Uncategorized,Uncategorized
Total phosphorus exceedances,Nutrients,Phosphorus
Dock discharge of phosphorus,Nutrients,Dissolved Oxygen
"Phosphorus, total [as P]",Nutrients,Phosphorus
"Phosphorus, dissolved",Nutrients,Phosphorus
"Lead, total [as Pb]",Metals,Lead
"Lead, total dry weight [as Pb]",Metals,Lead
Manganese in bottom deposits [dry wgt],Metals,Manganese
"Manganese, suspended",Metals,Manganese
"Manganese, total [as Mn]",Metals,Manganese
"Manganese, dissolved [as Mn]",Metals,Manganese
"Thallium, dissolved [as Tl]",Metals,Thallium
"Thallium, total [as Tl]",Metals,Thallium
"Molybdenum, dissolved [as Mo]",Metals,Molybdenum
"Molybdenum, total [as Mo]",Metals,Molybdenum
"Tellurium, total",Uncategorized,Uncategorized
"Nickel, dissolved [as Ni]",Metals,Nickel
"Nickel, suspended [as Ni]",Metals,Nickel
"Nickel, total [as Ni]",Metals,Nickel
"Nickel, tot in bottom deposits [dry wgt]",Metals,Nickel
"Nickel, total recoverable",Metals,Nickel
"Silver, dissolved [as Ag]",Metals,Silver
"Silver, total [as Ag]",Metals,Silver
Silver in bottom deposits [dry wgt],Metals,Silver
Silver total recoverable,Metals,Silver
"Strontium, dissolved",Metals,Strontium
"Strontium, total [as Sr]",Metals,Strontium
"Strontium, total recoverable, ug/L",Metals,Strontium
"Vanadium, dissolved [as V]",Metals,Vanadium
"Vanadium, suspended [as V]",Metals,Vanadium
"Vanadium, total [as V]",Metals,Vanadium
"Vanadium, total dry weight [as V]",Metals,Vanadium
Copper as suspended black oxide,Metals,Copper
"Zinc, total [as Zn]",Metals,Zinc
Zinc in bottom deposits [dry wgt],Metals,Zinc
"Zinc, total recoverable",Metals,Zinc
"Antimony, dissolved [as Sb]",Metals,Antimony
"Antimony, total [as Sb]",Metals,Antimony
"Antimony, in bottom deposits [dry wgt]",Metals,Antimony
"Tin, dissolved [as Sn]",Metals,Tin
"Tin, total [as Sn]",Metals,Tin
"Aluminum, total recoverable",Metals,Aluminum
"Aluminum, total [as Al]",Metals,Aluminum
"Aluminum, dissolved [as Al]",Metals,Aluminum
"Aluminum, total sludge, dry wt.",Metals,Aluminum
"Aluminum, ion",Metals,Aluminum
"Cadmium, total recoverable",Metals,Cadmium
"Lead, total recoverable",Metals,Lead
"Cesium, total [as Cs]",Uncategorized,Uncategorized
"Chromium, total recoverable",Metals,Chromium
"Copper, total recoverable",Metals,Copper
"Thallium, acid soluble",Metals,Thallium
"Germanium, total [as Ge]",Uncategorized,Uncategorized
"Vanadium, total recoverable",Metals,Vanadium
"Molybdenum, total recoverable",Metals,Molybdenum
"Lithium, dissolved [as Li]",Uncategorized,Uncategorized
"Lithium, total [as Li]",Uncategorized,Uncategorized
"Rubidium, total [as Rb]",Uncategorized,Uncategorized
"Columbium, total",Uncategorized,Uncategorized
"Silicon, total",Uncategorized,Uncategorized
"Selenium, dissolved [as Se]",Metals,Selenium
"Selenium, total [as Se]",Metals,Selenium
"Selenium, dry weight",Metals,Selenium
"Titanium, dissolved [as Ti]",Metals,Titanium
"Titanium, total [as Ti]",Metals,Titanium
"Titanium, total dry weight [as Ti]",Metals,Titanium
"Tungsten, total",Metals,Tungsten
"Antimony, total recoverable",Metals,Antimony
Total acid priority pollutants,pH,pH
Total base/neutral priority pollutants,Uncategorized,Uncategorized
Total volatile priority pollutants,Uncategorized,Uncategorized
Total agg concentration #4,Uncategorized,Uncategorized
Total agg concentration #1,Uncategorized,Uncategorized
Total agg concentration #2,Uncategorized,Uncategorized
Total agg concentration #3,Uncategorized,Uncategorized
Total agg concentration #5,Uncategorized,Uncategorized
Total agg concentration #6,Uncategorized,Uncategorized
Total agg concentration #7,Uncategorized,Uncategorized
Total agg concentration #8,Uncategorized,Uncategorized
Application daily spray irrigation,pH,pH
Application monthly spray irrigation,pH,pH
Application period spray irrigation,pH,pH
Folpet Water Total,Uncategorized,Uncategorized
"Hardness, Ca Mg Calculated [mg/L as CaCO3]",pH,alkalinity
Enteric Viruses,Pathogens,Pathogens
Diisopropyl methylphosphonate,Toxic Organics,Toxic Organics
N-Nitroso-N-Methylethylamine,Toxic Organics,Toxic Organics
Furmecyclox,Uncategorized,Uncategorized
"1,1-Dichloropropene",Toxic Organics,Toxic Organics
S-Trichlorobenzene [Sym-Trichlorobenzene],Toxic Organics,Toxic Organics
% Growth Reduction Static Renewal 7 Day Chronic Mysidopsis bahia,Toxic Organics,Toxic Organics
"Tributyltin, Total Recoverable",Metals,Tin
Daphnia Magna % Mortality 48 Hr Acute,Aquatic Toxicity,Aquatic Toxicity
Application weekly spray irrigation,pH,pH
Foaming agents,Other,Other
Biocides,Uncategorized,Uncategorized
Color [admi units],Color and Turbidity,Color
"Cyanide, filterable, total",Inorganics,Toxic Inorganics
"Magnesium, pct exchange",Metals,Magnesium
"Calcium, pct exchange",Metals,Calcium
"Calcium, pct in water, [pct]",Metals,Calcium
"Potassium, total pct in water, [pct]",Nutrients,Potassium
"Potassium, pct exchange",Nutrients,Potassium
"Nitrogen-nitrite in water, [pct]",Toxic Organics,Toxic Organics
"Nitrogen-nitrate in water, [pct]",Toxic Organics,Toxic Organics
Oil & grease severity,Other,Fuel
Sodium hexameta- phosphate,Toxic Organics,Toxic Organics
"Bayer 73, in water",Uncategorized,Uncategorized
"Zinc, potentially dissolved",Metals,Zinc
"Silver, potentially dissolved",Metals,Silver
"Copper, potentially dissolved",Metals,Copper
"Chromium, hexavalent potentially disolvd",Metals,Chromium
"Chromium, hexavalent [as Cr]",Metals,Chromium
"Chromium, trivalent [as Cr]",Metals,Chromium
"Cobalt, dissolved [as Co]",Metals,Cobalt
"Cobalt, total [as Co]",Metals,Cobalt
"Copper, dissolved [as Cu]",Metals,Copper
"Copper, suspended [as Cu]",Metals,Copper
"Copper, total [as Cu]",Metals,Copper
Copper in bottom deposits [dry wgt],Metals,Copper
"Iron, suspended",Metals,Iron
"Iron, dissolved [as Fe]",Metals,Iron
"Iron, ferrous",Metals,Iron
"Lead, dissolved [as Pb]",Metals,Lead
"Solids, Total Suspended, Net Value",Solids,Suspended Solids
"Nitrogen, Dissolved",Nutrients,Nitrogen
MICA IN DRILLING FLUIDS,Other,Other
"Radiation,Gross Beta Particle Activity",Other,Other
"Clamtrol CT-1, Total Water",Uncategorized,Uncategorized
Oxytetracycline Hydrochloride,Solids,Dissolved Solids
Volatile Organic Compound [VOC],Organics,Other Organics
Contact Cooling Water Volume,Uncategorized,Uncategorized
Cable Test Tank Drainage Volume,Uncategorized,Uncategorized
Cable Test Tank Drainage Process Operating Days,Metals,Tin
Number of Extension Lines in Operation,Uncategorized,Uncategorized
Conductivity Excursions,Solids,Dissolved Solids
"1,2-Dichloro-1,1,2-T",Toxic Organics,Toxic Organics
Benzo[A] Fluoranthene,Toxic Organics,Toxic Organics
"Phosphorus, Total As P",Nutrients,Phosphorus
Percent Overflow Wastewater Discharged,Other,Other
"Phenol, Single Compound Dry Weight",Toxic Organics,Toxic Organics
"Pentachlorophenol, Dry Weight",Toxic Organics,Toxic Organics
Thermal Discharge,Temperature,Temperature
UV Transmittance,Uncategorized,Uncategorized
"SAS - 310, Total",Uncategorized,Uncategorized
BYPASS VALVE [OPEN/CLOSED],Uncategorized,Uncategorized
"9,10 DICHLOROSTEARIC ACID",Uncategorized,Uncategorized
DIFOLATAN,Uncategorized,Uncategorized
"2,4-D SALTS AND ESTERS",Toxic Organics,Toxic Organics
CAPTAFOL,Uncategorized,Uncategorized
TRICHLOROGUAIACOL,Uncategorized,Uncategorized
3-TRIFLUOROMETHYL-4-NPNL [TFM],Toxic Organics,Toxic Organics
Noel Static 48Hr Acute Ceriodaphnia,Aquatic Toxicity,Aquatic Toxicity
Noel Statre 96Hr Acute Mysidopsis Bahia,Aquatic Toxicity,Aquatic Toxicity
"NEODYMIUM, TOTAL",Uncategorized,Uncategorized
Oil & Grease [lbs/1000 lbs Product],Other,Fuel
Contact Cooling Water Process Operating Days,Metals,Tin
"Nitrogen, Total As N",Nutrients,Nitrogen
UV Flow Rate,Flow,Flow
Sodium Bisulfite,Solids,Dissolved Solids
MARINE SANITATION DEVISE USED,Uncategorized,Uncategorized
96Hr Acute Noael Statroncorhynchus Mysiss,Aquatic Toxicity,Aquatic Toxicity
POLYBROMINATED BIPHENYLS,Uncategorized,Uncategorized
NOAEL Static 48Hr Acute Cyprinodon variegatus,Aquatic Toxicity,Aquatic Toxicity
"Solids, Settleable, Net",Solids,Suspended Solids
"Phenolic Compounds,Total",Toxic Organics,Toxic Organics
"Tetryl [2,4,6-Trinitrophenylmethylnitramine]",Toxic Organics,Toxic Organics
Tricaine Methanesulfonate,Toxic Organics,Toxic Organics
Heptachlor + Heptachlor Epoxide,Toxic Organics,Toxic Organics
Spectrus OX 1200,Uncategorized,Uncategorized
Isoeugenol,Uncategorized,Uncategorized
Static 24HR Acute Selenastrum capricoruntum,Aquatic Toxicity,Aquatic Toxicity
%Mortality Static Renewal 48Hr Acute Ceriodaphnia dubia,Toxic Organics,Toxic Organics
Static 48Hr Acute Ceriodaphnia dubia,Aquatic Toxicity,Aquatic Toxicity
Static Renewal 96Hr Acute Pimephales promelas,Toxic Organics,Toxic Organics
Static Renewal 7 Day Chronic Ceriodaphnia dubia,Toxic Organics,Toxic Organics
Static Renewal 7 Day Chronic Pimephales promelas,Toxic Organics,Toxic Organics
48Hr Acute Oncorhyncus Myriss,Aquatic Toxicity,Aquatic Toxicity
Pass/Fail Static 48Hr Acute Daphnia Magna,Aquatic Toxicity,Aquatic Toxicity
Pass/Fail Static Renewal 96Hr Acute Daphnia Magma,Toxic Organics,Toxic Organics
%Mort 48 Hr Acute Statre M. Beryllina',Aquatic Toxicity,Aquatic Toxicity
%Surv Static 96Hr Acute Mysidopsis Bahia,Aquatic Toxicity,Aquatic Toxicity
%Surv Static 96Hr Acute Atherinops Affinis,Aquatic Toxicity,Aquatic Toxicity
%Surv Statre 96Hr Acute Mysidopsis Bahia,Aquatic Toxicity,Aquatic Toxicity
%Surv Statre 96Hr Acute Menid Beryllina,Aquatic Toxicity,Aquatic Toxicity
48Hr Acute Mysidopsis Bahia,Aquatic Toxicity,Aquatic Toxicity
48Hr Acute Cyprinodon Variegatu,Aquatic Toxicity,Aquatic Toxicity
Static 48Hr Acute Menidia beryllina,Aquatic Toxicity,Aquatic Toxicity
48Hr Acute Oncorhynchus,Aquatic Toxicity,Aquatic Toxicity
Static 48Hr Acute Atherinops Affinis,Aquatic Toxicity,Aquatic Toxicity
Static 96Hr Acute Mysidopsis bahia,Aquatic Toxicity,Aquatic Toxicity
Static 96Hr Acute Oncorhynchus mykiss,Aquatic Toxicity,Aquatic Toxicity
Static 96Hr Acute Atherinops affinis,Aquatic Toxicity,Aquatic Toxicity
Static Acute Ceriodaphnia Dubia,Aquatic Toxicity,Aquatic Toxicity
Static Acute Mysidopsis Bahia,Aquatic Toxicity,Aquatic Toxicity
Static Renewal Acute Mysidopsis Bahia,Toxic Organics,Toxic Organics
Static Renewal 96Hr Acute Mysidopsis Bahia,Toxic Organics,Toxic Organics
96Hr Acute Cyprinodon Variegatu,Aquatic Toxicity,Aquatic Toxicity
Static Chronic Pimephales Promelas,Aquatic Toxicity,Aquatic Toxicity
Static Renewal Chronic Cyprinodeon variegas,Other,Fuel
Static Renewal Chronic Pimephales Promelas,Toxic Organics,Toxic Organics
Static Renewal 7-Day Chronic Cyprinodon variegatus,Toxic Organics,Toxic Organics
LOEC Lethal Survival Static Renewal 48HR Acute Daphnia pulex,Toxic Organics,Toxic Organics
LOEC Lethal Survival Static Renewal 48HR Acute Americamysis bahia,Toxic Organics,Toxic Organics
LOEC Lethal Survival Static Renewal 48HR Acute Cyprinodeon variegatus,Toxic Organics,Toxic Organics
LOEC Lethal Survival Static Renewal 48HR Acute Menidia menidia,Toxic Organics,Toxic Organics
LOEC Lethal Survival Static Renewal 48HR Acute Pimephales promelas,Toxic Organics,Toxic Organics
LOEC Lethal Survival Static Renewal 7 Day Chronic Cyprinodeon variegatus,Toxic Organics,Toxic Organics
LOEC Lethal Survival Static Renewal 7 Day Chronic Menidia menidia,Toxic Organics,Toxic Organics
LOEC Lethal Survival Static Renewal 7 Day Chronic Pimephales promelas,Toxic Organics,Toxic Organics
LOEC Sub-Lethal Reproduction Static Renewal 7 Day Chronic Cyprinodeon variegatus,Toxic Organics,Toxic Organics
LOEC Sub-Lethal Reproduction Static Renewal 7 Day Chronic Menidia menidia,Toxic Organics,Toxic Organics
LOEC Sub-Lethal Reproduction Static Renewal 7 Day Chronic Pimephales promelas,Toxic Organics,Toxic Organics
LOEC Lethal Survival Static Renewal 7 Day Chronic Ceriodaphnia dubia,Toxic Organics,Toxic Organics
LOEC Sub-Lethal Reproduction Static Renewal 7 Day Chronic Americamysis bahia,Toxic Organics,Toxic Organics
"Solids, Total Suspen [lbs/1000 lbs Product]",Solids,Suspended Solids
Bypass Volume,Uncategorized,Uncategorized
N-Hexane,Toxic Organics,Toxic Organics
% Mort 48 Hr Acute Statre Mysid. Bahia',Aquatic Toxicity,Aquatic Toxicity
Static 20Min Chronic Dendraster Excentri,Aquatic Toxicity,Aquatic Toxicity
LOEC Sub-Lethal Reproduction Static Renewal 7 Day Chronic Ceriodaphnia dubia,Toxic Organics,Toxic Organics
"GALLIUM, TOTAL [AS GA]",Uncategorized,Uncategorized
BOD 5-Day [lbs/1000 lbs Product],Organics,COD
"Choloroneb, Total",Uncategorized,Uncategorized
%Surv Static 96Hr Acute Menidia Beryllina',Aquatic Toxicity,Aquatic Toxicity
LOEC Lethal Survival Static Renewal 7 Day Chronic Americamysis bahia,Toxic Organics,Toxic Organics
Stream width,Uncategorized,Uncategorized
"Temperature, water deg. centigrade",Temperature,Temperature
"Temperature, water deg. fahrenheit",Temperature,Temperature
Temp. diff. between samp. & upstrm deg. C,Temperature,Temperature
Temp. diff. between samp. & upstrm deg. F,Temperature,Temperature
"Temperature, air [degrees Centigrade]",Temperature,Temperature
"Temperature, air [degrees Fahrenheit]",Temperature,Temperature
Cloud cover [percent],Uncategorized,Uncategorized
Wind velocity,Uncategorized,Uncategorized
Wind direction [deg from true N],Uncategorized,Uncategorized
Surface area,Uncategorized,Uncategorized
Stream velocity,Uncategorized,Uncategorized
"Flow rate, instantaneous",Flow,Flow
Streamflow,Flow,Flow
"Stream flow, instantaneous",Flow,Flow
"Stage, stream",Uncategorized,Uncategorized
Tide stage,Uncategorized,Uncategorized
"Depth, max of sample",Uncategorized,Uncategorized
"Turbidity, transmissometer, %",Color and Turbidity,Turbidity
"Turbidity, hellige [silicon dioxide]",Color and Turbidity,Turbidity
"Turbidity, hch turbidimiter",Color and Turbidity,Turbidity
"Transparency, secchi disc",Uncategorized,Uncategorized
Color [PT-CO units],Color and Turbidity,Color
"Color, apparent [unfiltered sample]",Color and Turbidity,Color
"Color, spectrophoto, water smpl at 7.6 pH",Color and Turbidity,Color
"Color, spectrophoto-metric filter",Toxic Organics,Toxic Organics
"Selenate, Total Recoverable",Uncategorized,Uncategorized
"Selenite, Total Recoverable",Uncategorized,Uncategorized
"Suspended Solids, Total",Solids,Suspended Solids
Sulfur Trioxide,Uncategorized,Uncategorized
Particulate Organic Carbon,Organics,COD
Perfluorooctanoic Acid,Toxic Organics,Toxic Organics
Perfluorobutanoic Acid,Toxic Organics,Toxic Organics
Perfluorobutanoicsulfonate,Toxic Organics,Toxic Organics
Perfluorobutanesulfonamide,Toxic Organics,Toxic Organics
Perfluorooctanesulfonamide,Toxic Organics,Toxic Organics
Perfluorooctanesulfonate,Toxic Organics,Toxic Organics
Isodrin,Uncategorized,Uncategorized
Strobane,Uncategorized,Uncategorized
Perthane,Uncategorized,Uncategorized
Fish Waste Weight,Other,Other
Fillet Production,Uncategorized,Uncategorized
Fillet Operation,Uncategorized,Uncategorized
1-Methyl-4-Isopropylbenzene,Toxic Organics,Toxic Organics
Static Renewal 48Hr Acute Pimephales Promelas,Toxic Organics,Toxic Organics
Static 24 Hr Acute Daphnia Magna,Aquatic Toxicity,Aquatic Toxicity
Static 24 Hr Acute Pimephales Promelas,Aquatic Toxicity,Aquatic Toxicity
Flow Thru 96 Hr Acute Cyprinodon Variegatus,Aquatic Toxicity,Aquatic Toxicity
Flow Thru 96 Hr Acute Menidia Beryllina,Aquatic Toxicity,Aquatic Toxicity
Static 48 Hr Chronic Daphnia Magna,Aquatic Toxicity,Aquatic Toxicity
Static 48 Hr Chronic Pimphales Promelas,Aquatic Toxicity,Aquatic Toxicity
LOEC Lethal Survival Static Renewal 21 Day Chronic Daphnia magna,Toxic Organics,Toxic Organics
LOEC Sub-Lethal Reproduction Static Renewal 21 Day Chronic Daphnia magna,Toxic Organics,Toxic Organics
Pass/Fail Reproduction 21 Day Chronic Daphnia Magna,Aquatic Toxicity,Aquatic Toxicity
"Protactinium 234, Dry Weight",Metals,Tin
"Uranium 235, Dry Weight",Metals,Uranium
Water Elevation,Other,Other
Salmonella From Sediments,Solids,Suspended Solids
Maintenance Waste:  Do you have a BMP?,Nutrients,Dissolved Oxygen
Maintenance Waste:  Are you using a BMP?,Uncategorized,Uncategorized
Cooling Water Intake Velocity,Uncategorized,Uncategorized
Cooling Water Baseline Study,Uncategorized,Uncategorized
Cooling Water Entrainment Monitoring Study,Uncategorized,Uncategorized
Cooling Water Intake Inspection,Uncategorized,Uncategorized
"Cesium-137 [CS-137], Total",Uncategorized,Uncategorized
Nonpurgeable Organic Halides,Uncategorized,Uncategorized
Purgeable Organic Halides,Uncategorized,Uncategorized
Hexachlorophene,Toxic Organics,Toxic Organics
Temperature Increase Deg. C,Temperature,Temperature
Temperature Increase Deg. F,Temperature,Temperature
BOD,Organics,COD
Total Suspended Solids,Solids,Suspended Solids
Oil And Grease,Other,Fuel
"Potassium-40 [K-40], Total",Nutrients,Potassium
% Survival Static 96Hr Acute Daphnia Magna,Aquatic Toxicity,Aquatic Toxicity
% Survival Static Renewal 96Hr  Acute Daphnia Magna,Toxic Organics,Toxic Organics
"Sulfate, dissolved [as SO4]",Solids,Dissolved Solids
Asbestos,Other,Other
"Fluoride, dissolved [as F]",Solids,Dissolved Solids
"Fluoride, total [as F]",Solids,Dissolved Solids
Fluoroborates,Uncategorized,Uncategorized
Fluorine,Uncategorized,Uncategorized
"Silica, dissolved [as SiO2]",Solids,Suspended Solids
"Silica, total [as SiO2]",Solids,Suspended Solids
Attapulgite in drilling fluids,Other,Other
Barite in drilling fluids,Other,Other
Bentonite in drilling fluids,Other,Other
Potassium chloride in drilling fluids,Other,Other
Lignite in drilling fluids,Other,Other
Lignosulfate in drilling fluids,Other,Other
Lime in drilling fluids,Other,Other
Trichloronitromethane,Toxic Organics,Toxic Organics
Calcium Chloride,Metals,Calcium
UV Light Working,Uncategorized,Uncategorized
Uranium 238,Metals,Uranium
Bismuth 214,Uncategorized,Uncategorized
Cesium 137,Uncategorized,Uncategorized
Lead 210,Metals,Lead
Lead 212,Metals,Lead
Lead 214,Metals,Lead
Potassium 40,Nutrients,Potassium
Thallium 208,Metals,Thallium
Thorium 234,Metals,Thorium
Actinium 228,Metals,Tin
Radium 224,Other,Radiation
Analytical Chemistry,Uncategorized,Uncategorized
Niclosamide,Uncategorized,Uncategorized
"Turbidity, Test Failures",Color and Turbidity,Turbidity
Non-Halogenated Volatile Organics,Toxic Organics,Toxic Organics
Endrin Sulfate,Toxic Organics,Toxic Organics
Chlorine Residual * Detention Time Product,Inorganics,Disinfectants
% Mortality 21 Day Chronic Daphnia Magna,Aquatic Toxicity,Aquatic Toxicity
Pass/Fail Survival 21 Day Chronic Daphnia Magna,Aquatic Toxicity,Aquatic Toxicity
% Coefficient Of Variation 21 Day Chronic Daphnia Magna,Aquatic Toxicity,Aquatic Toxicity
Static 24 Hr Acute Ceriodaphnia Dubia,Aquatic Toxicity,Aquatic Toxicity
Sodium bicarbonate in drilling fluids,Other,Other
Sand in drilling fluids,Other,Other
"Asbestos, Chrysotile",Other,Other
"Asbestos, total amphibole",Other,Other
"Fibers, ambiguous asbestos",Other,Other
"Fibers, non-amphibole, non-chrysotile asbestos",Other,Other
"Arsenic, total recoverable",Metals,Arsenic
"Cobalt, total recoverable",Metals,Cobalt
"Iron, total recoverable",Metals,Iron
"Selenium, total recoverable",Metals,Selenium
Drilled solids in drilling fluids,Other,Other
"Solids, total",Solids,Suspended Solids
"Solids, total volatile",Solids,Suspended Solids
"Solids, total fixed",Solids,Suspended Solids
"Residue, tot fltrble [dried at 105 C]",Uncategorized,Uncategorized
"Solids, volatile dissolved",Solids,Suspended Solids
"Solids, fixed dissolved",Solids,Suspended Solids
"Solids, volatile suspended",Solids,Suspended Solids
"Solids, fixed suspended",Solids,Suspended Solids
"Solids, settleable",Solids,Suspended Solids
"Residue, settleable",Uncategorized,Uncategorized
"Residue, total non-settleable",Toxic Organics,Toxic Organics
Oil and grease [soxhlet extr.] tot.,Other,Fuel
"Hydrocarbons, in H2O, IR, CC14 extractible chromatograph",Organics,COD
"Oil and grease, hexane extr method",Other,Fuel
"Oil and grease, per 1000 gallons",Other,Fuel
Oil & Grease,Other,Fuel
Oil & grease % removal,Other,Fuel
"Oil & grease [freon extr.-IR meth] tot, RC",Other,Fuel
"Oil & grease, dry weight",Other,Fuel
"Baroid nos. 3, 7",Uncategorized,Uncategorized
"Baroid nos. 2,4,5,6 imco no. 1,2,3,6",Toxic Organics,Toxic Organics
"Imco nos. 4,5",Uncategorized,Uncategorized
"Imco nos. 1,2,3,6",Uncategorized,Uncategorized
"Biomass, plankton",Uncategorized,Uncategorized
"Nitrogen, total [as N]",Nutrients,Nitrogen
"Nitrogen, organic total [as N]",Nutrients,Nitrogen
"Nitrogen, organic, dissolved [as N]",Nutrients,Nitrogen
"Nitrogen, ammonia dissolved",Nutrients,Nitrogen
"Ammonia nitrogen, total, [as N] 30 day",Nutrients,Nitrogen
"Nitrogen, ammonia total [as N]",Nutrients,Nitrogen
"Nitrogen, ammonia in bottom deposits",Nutrients,Nitrogen
"Nitrogen, ammonia, tot unionized [as N]",Nutrients,Nitrogen
"Nitrite nitrogen, dissolved [as N]",Nutrients,Nitrogen
"Nitrogen, nitrite total [as N]",Nutrients,Nitrogen
"Nitrogen, nitrate dissolved",Nutrients,Nitrogen
"Ammonia, unionized",Nutrients,Nitrogen
"Nitrogen, nitrate total [as N]",Nutrients,Nitrogen
"Nitrate nitrogen, dry weight",Nutrients,Nitrogen
"Nitrogen, Kjeldahl, dissolved [as N]",Nutrients,Nitrogen
"Nitrogen, Kjeldahl, total [as N]",Nutrients,Nitrogen
Nitrite + Nitrate total [as N],Nutrients,Nitrogen
Nitrite plus nitrate dissolved 1 det.,Nutrients,Nitrogen
Nitrite plus nitrate in bottom deposits,Nutrients,Nitrogen
"Dithiocarbamate, reported as dithiocarbonate",Organics,COD
"Nitrogen, inorganic total",Nutrients,Nitrogen
"Phosphate, total [as PO4]",Nutrients,Phosphorus
Phosphate total soluble,Nutrients,Phosphorus
"Phosphate, poly [as PO4]",Nutrients,Phosphorus
"Phosphate, ortho [as PO4]",Nutrients,Phosphorus
"Phosphorous, total recoverable",Uncategorized,Uncategorized
"2,4-DDD [O,P-DDD]",Toxic Organics,Toxic Organics
"2,4-DDE [O,P-DDE]",Toxic Organics,Toxic Organics
Propicanazole,Toxic Organics,Toxic Organics
Chiral [Stereoisomer of MP062],Uncategorized,Uncategorized
MP062 [Steward],Uncategorized,Uncategorized
Esfenvalerate [Asana],Toxic Organics,Toxic Organics
Pirimicarb,Uncategorized,Uncategorized
Pymetrozine,Toxic Organics,Toxic Organics
Pyrifenox,Uncategorized,Uncategorized
Trichorofon,Uncategorized,Uncategorized
"Acetate, Total",Toxic Organics,Toxic Organics
Propionitrile,Uncategorized,Uncategorized
"2,6-Dimethylphenol",Toxic Organics,Toxic Organics
"2,5-Dimethyphenol",Toxic Organics,Toxic Organics
"2,3-Dimethylphenol",Toxic Organics,Toxic Organics
Propanal,Uncategorized,Uncategorized
Pentanal,Uncategorized,Uncategorized
m-Toluadehyde,Uncategorized,Uncategorized
Hexanal,Toxic Organics,Toxic Organics
Baitfish,Other,Other
Water Treatment Additives Presence,Other,Other
"Fuel, Diesel, #1 Occurrences",Other,Other
Chloride [as Cl],Solids,Dissolved Solids
Paper-grade sulfite pulp & paper,Uncategorized,Uncategorized
Non-integrated fine paper,Toxic Organics,Toxic Organics
%Effect Statre 4Day Chronic Ceriodaphnia,Aquatic Toxicity,Aquatic Toxicity
"Carbon, total [as C]",Organics,COD
Nitrilotriacetic acid,Toxic Organics,Toxic Organics
%Effect Statre 4Day Chronic D. Pulex,Aquatic Toxicity,Aquatic Toxicity
% Effect Statre 4Day Chronic Mysid. Bahia,Aquatic Toxicity,Aquatic Toxicity
%Effect Statre 4Day Chronic Cyprinodon,Aquatic Toxicity,Aquatic Toxicity
%Effect Statre 4Day Chronic Menidia,Aquatic Toxicity,Aquatic Toxicity
%Effect Statre 4Day Chronic Pimephales,Aquatic Toxicity,Aquatic Toxicity
%Effect Statre 4Day Chronic Lepomis Macrochi,Aquatic Toxicity,Aquatic Toxicity
%Effect Statre 7Day Chronic Selen. Capr.,Aquatic Toxicity,Aquatic Toxicity
%Effect Statre 7Day Chronic L. Minor,Aquatic Toxicity,Aquatic Toxicity
%Effect Statre 7Day Chronic Champia,Aquatic Toxicity,Aquatic Toxicity
%Effect Statre 7Day Chronic Arbacia,Aquatic Toxicity,Aquatic Toxicity
%Effect Static Renewal 7 Day Chronic Ceriodaphnia dubia,Toxic Organics,Toxic Organics
%Effect Statre 7Day Chronic D. Magna,Aquatic Toxicity,Aquatic Toxicity
%Effect Statre 7Day Chronic D. Pulex,Aquatic Toxicity,Aquatic Toxicity
% Effect Static Renewal 7 Day Chronic Americamysis bahia,Toxic Organics,Toxic Organics
%Eff 7D Chronic Statre D. Ambigua,Aquatic Toxicity,Aquatic Toxicity
%Effect Statre 7Day Chronic Cyprinodon,Aquatic Toxicity,Aquatic Toxicity
%Effect Statre 7Day Chronic Menidia,Aquatic Toxicity,Aquatic Toxicity
%Effect Statre 7Day Chronic Pimephales,Aquatic Toxicity,Aquatic Toxicity
%Effect Statre 7Day Chronic Lepomis Macrochi,Aquatic Toxicity,Aquatic Toxicity
%Effect Flth 48Hr Acute Lepomis Macrochi,Aquatic Toxicity,Aquatic Toxicity
%Effect Flth 96Hr Acute Lepomis Macrochi,Aquatic Toxicity,Aquatic Toxicity
%Effect Flth 4Day Chronic Lepomis Macrochi,Aquatic Toxicity,Aquatic Toxicity
%Effect Flth 7Day Chronic Lepomis Macrochi,Aquatic Toxicity,Aquatic Toxicity
Noael Static 48Hr Acute Ceriodaphnia,Aquatic Toxicity,Aquatic Toxicity
Noael Static 48Hr Acute D. Pulex,Aquatic Toxicity,Aquatic Toxicity
Noael Static 48Hr Acute Mysid. Bahia,Aquatic Toxicity,Aquatic Toxicity
Noael Static 48Hr Acute Menidia,Aquatic Toxicity,Aquatic Toxicity
Noael Static 48Hr Acute Pimephales,Aquatic Toxicity,Aquatic Toxicity
NOEAL Static 48Hr Acute Lepomis Macrochirus,Aquatic Toxicity,Aquatic Toxicity
Noael Static 48Hr Acute Salvel. Salmonid,Aquatic Toxicity,Aquatic Toxicity
Noael Static 96Hr Acute Lepomis Macrochirus,Aquatic Toxicity,Aquatic Toxicity
Noael Static 4Day Chronic Lepomis Macrochirus,Aquatic Toxicity,Aquatic Toxicity
Noael Static 7Day Chronic Lepomis Macrochirus,Aquatic Toxicity,Aquatic Toxicity
Noael 1Hr Chronic L. Minor,Aquatic Toxicity,Aquatic Toxicity
NOAEL Static 1Hr Chronic Lepomis macrochirus,Aquatic Toxicity,Aquatic Toxicity
Noael Statre 48Hr Acute Selen. Capr.,Aquatic Toxicity,Aquatic Toxicity
Noael Statre 48Hr Acute L. Minor,Aquatic Toxicity,Aquatic Toxicity
Noael Statre 48Hr Acu. Champia,Aquatic Toxicity,Aquatic Toxicity
Noael Statre 48Hr Acute Arbacia,Aquatic Toxicity,Aquatic Toxicity
Noael Statre 48Hr Acute Ceriodaphnia,Aquatic Toxicity,Aquatic Toxicity
Noael Statre 48Hr Acute D. Magna,Aquatic Toxicity,Aquatic Toxicity
Noael Statre 48Hr Acute D. Pulex,Aquatic Toxicity,Aquatic Toxicity
Noael Statre 48Hr Acute Mysid. Bahia,Aquatic Toxicity,Aquatic Toxicity
Noael Statre 48Hr Acute Cyprinodon,Aquatic Toxicity,Aquatic Toxicity
Noael Statre 48Hr Acute Menidia,Aquatic Toxicity,Aquatic Toxicity
"Tungsten, dissolved",Metals,Tungsten
"Zirconium, total",Metals,Zirconium
"Selenium, acid soluble",Metals,Selenium
Indium,Uncategorized,Uncategorized
Metals toxicity ratio,Metals,Other Metals
"Iron, total dry weight [as Fe]",Metals,Iron
"Platinum, total [as Pt]",Metals,Tin
"Lanthanum, total",Uncategorized,Uncategorized
"Palladium, total [as Pd]",Uncategorized,Uncategorized
"Chromium, hexavalent dissolved [as Cr]",Metals,Chromium
"Rhenium, total",Uncategorized,Uncategorized
"Hafnium, total",Uncategorized,Uncategorized
Cyanide [A],Inorganics,Toxic Inorganics
Tin,Metals,Tin
Settling index as pertaining to wells,Uncategorized,Uncategorized
Pressure as pertaining to wells,Uncategorized,Uncategorized
Imazapyr,Uncategorized,Uncategorized
% Survival Flow Through 96Hr Acute Atherinops affinis,Aquatic Toxicity,Aquatic Toxicity
Kerosene,Other,Fuel
Evaporation Total,Uncategorized,Uncategorized
Flow Through 96Hr Acute Atherinops Affinis,Aquatic Toxicity,Aquatic Toxicity
Pass/Fail Flow Through 96Hr Acute Pimephales promelas,Aquatic Toxicity,Aquatic Toxicity
"Drilling Fluids, Discharge Rate Occurrences",Other,Other
"[1,1,3,3-Tetramethylbutyl]phenol",Toxic Organics,Toxic Organics
3-methylphenol and 4-methylphenol Combination,Toxic Organics,Toxic Organics
"1,2,3-Trimethyl Benzene",Toxic Organics,Toxic Organics
"Aluminum, potentially dissolvd",Metals,Aluminum
"Arsenic, potentially dissolved",Metals,Arsenic
Gas bubble severity,Other,Fuel
"Barium, potentially dissolvd",Metals,Barium
"Beryllium, potentially dissolvd",Metals,Beryllium
"Cadmium, potentially dissolvd",Metals,Cadmium
"Chromium, trivalent, potentially dissolvd",Metals,Chromium
Sludge build-up in water,Uncategorized,Uncategorized
"Iron, potentially dissolvd",Metals,Iron
"Lead, potentially dissolvd",Metals,Lead
"Manganese, potentially dissolvd",Metals,Manganese
"Mercury, potentially dissolvd",Metals,Mercury
"Nickel, potentially dissolvd",Metals,Nickel
"Selenium, potentially dissolvd",Metals,Selenium
"Thallium, potentially dissolvd",Metals,Thallium
"Uranium, potentially dissolvd",Metals,Uranium
"Odor, atmospheric [severity]",Other,Other
Taste [severity],Uncategorized,Uncategorized
Runoff-spray irrigation field to stream,Uncategorized,Uncategorized
"Fish, dead [severity]",Other,Other
"Phosphorus, dissolved reactive [drp as P]",Nutrients,Phosphorus
"Phosphorous, total, in bottom deposits",Uncategorized,Uncategorized
"Phosphorous, total organic [as P]",Organics,Other Organics
"Phosphate, ortho, dissolved [as P]",Nutrients,Phosphorus
"Carbon, tot organic [TOC] per 1000 gals.",Organics,COD
"Carbon, tot organic [TOC]",Organics,COD
"Carbon, dissolved organic [as C]",Organics,COD
"Carbon, total inorganic [as C]",Organics,COD
Nitrofurans,Toxic Organics,Toxic Organics
Acetic acid,Toxic Organics,Toxic Organics
Boric acid,pH,pH
"Acids, total volatile [as acetic acid]",Toxic Organics,Toxic Organics
"Cyanide, weak acid, dissociable",Inorganics,Toxic Inorganics
"Cyanide, free-water plus wastewaters",Inorganics,Toxic Inorganics
"Cyanide, total [as CN]",Inorganics,Toxic Inorganics
Cyanide in bottom deposits [dry wgt],Inorganics,Toxic Inorganics
"Cyanide, free [amen. to chlorination]",Inorganics,Toxic Inorganics
"Cyanide, dissolved std method",Inorganics,Toxic Inorganics
Cyanide complexed to range of compound,Inorganics,Toxic Inorganics
Cyanate [as OCN],Uncategorized,Uncategorized
Sodium chlorate,Solids,Dissolved Solids
Sodium dichromate,Solids,Dissolved Solids
Sodium nitrite,Solids,Dissolved Solids
Thiocyanate [as SCN],Uncategorized,Uncategorized
Sulfite [as SO3],Uncategorized,Uncategorized
Sulfite [as S],Uncategorized,Uncategorized
"Sulfide, total [as S]",Solids,Dissolved Solids
"Sulfide, dissolved, [as S]",Solids,Dissolved Solids
"Sulfite waste liquor, Pearl Benson index",Uncategorized,Uncategorized
"Hardness, total [as CaCO3]",pH,alkalinity
Nonylphenol,Toxic Organics,Toxic Organics
Sulfolane,Uncategorized,Uncategorized
Potassium Acetate,Toxic Organics,Toxic Organics
Diethylene Glycol,Toxic Organics,Toxic Organics
Pass/Fail Static 48Hr Acute Hyalella azteca,Aquatic Toxicity,Aquatic Toxicity
tert-Butylphenol,Toxic Organics,Toxic Organics
Spray to Rest Ratio,Uncategorized,Uncategorized
PCBs Wet Weather Analysis,Toxic Organics,Toxic Organics
PCBs Dry Weather Analysis,Toxic Organics,Toxic Organics
Azithromycin,Uncategorized,Uncategorized
Carbamazepine,Uncategorized,Uncategorized
Ciprofloxacin,Uncategorized,Uncategorized
Gemfibrozil,Uncategorized,Uncategorized
Ibuprofen,Uncategorized,Uncategorized
Iodinated Contrast Media,Uncategorized,Uncategorized
Lipitor [Atorvastatin Calcium],Metals,Tin
Methadone,Toxic Organics,Toxic Organics
Morphine,Uncategorized,Uncategorized
Ethinyl Estradiol,Uncategorized,Uncategorized
Triclosan,Toxic Organics,Toxic Organics
Nonylphenol Polyethoxylates,Toxic Organics,Toxic Organics
Octylphenol Polyethoxylates,Toxic Organics,Toxic Organics
Polybrominated Diphenyl Ethers,Toxic Organics,Toxic Organics
Estrone,Uncategorized,Uncategorized
Rotenolone,Uncategorized,Uncategorized
4-Chloroaniline,Toxic Organics,Toxic Organics
Amoxicillin,Uncategorized,Uncategorized
Ampicillin,Uncategorized,Uncategorized
Cefadroxil,Uncategorized,Uncategorized
Cefdinir,Uncategorized,Uncategorized
Cefprozil,Uncategorized,Uncategorized
Cephalexin,Uncategorized,Uncategorized
Dicloxacillin,Toxic Organics,Toxic Organics
4-Chlorotoluene,Toxic Organics,Toxic Organics
"2,2'-Oxybis[1-Chloropropane]",Toxic Organics,Toxic Organics
Diethylene Glycol Monoethyl Ether,Toxic Organics,Toxic Organics
Salicylic Acid,Uncategorized,Uncategorized
Chlorine Dioxide Application Rate,Inorganics,Disinfectants
Kappa Factor,Uncategorized,Uncategorized
Compliance With Best Management Practices,Uncategorized,Uncategorized
Rate of Discharge,Uncategorized,Uncategorized
Glutaraldehyde,Toxic Organics,Toxic Organics
"Detergents, Total",Uncategorized,Uncategorized
Pass/Fail Static Renewal 7 Day Chronic Arbacia,Toxic Organics,Toxic Organics
"Stream Flow, Start of Discharge",Flow,Flow
% Survival Static 48Hr Acute Pimephales promelas,Aquatic Toxicity,Aquatic Toxicity
"Niobium, Total",Uncategorized,Uncategorized
"pH Range Excursion, Maximum Duration",pH,pH
"Enteric viruses, sludge, dry weight",Pathogens,Pathogens
IC25 Static Renewal 7 Day Chronic Menidia menidia,Toxic Organics,Toxic Organics
IC25 Static Renewal 7 Day Chronic Mysidopsis bahia,Toxic Organics,Toxic Organics
Penoxsulam,Toxic Organics,Toxic Organics
Arochlor 1268,Uncategorized,Uncategorized
Fluridone,Nutrients,Dissolved Oxygen
Triclopyr,Toxic Organics,Toxic Organics
Americium-241,Uncategorized,Uncategorized
Free Oil,Other,Fuel
Polychlorinated Biphenyls [PCBs] Pass/Fail,Inorganics,Disinfectants
Compliance With Part I.B.10.A.?,Uncategorized,Uncategorized
Half Low Flow Pass/Fail Static Renewal 7 Day Chronic Menidia menidia,Toxic Organics,Toxic Organics
Free cationic polymer,pH,pH
Total Petroleum Hydrocarbons - Jet Fuel,Other,Other
"Fuel oil, no. 6",Other,Other
% Survival Flow Through 96Hr Acute Menidia beryllina,Aquatic Toxicity,Aquatic Toxicity
"Fuel oil, no. 5",Other,Other
"Particulate Organic Carbon, Total",Organics,COD
Static 96Hr Acute Cyprinodon variegatus,Aquatic Toxicity,Aquatic Toxicity
Pass/Fail Flow Through 48Hr Acute Pimephales promelas,Aquatic Toxicity,Aquatic Toxicity
n-Propyl Bromide,Toxic Organics,Toxic Organics
Priority Pollutant Results,Uncategorized,Uncategorized
"Stream Flow, End of Discharge",Flow,Flow
Static Renewal 7-Day Chronic Americamysis bahia,Toxic Organics,Toxic Organics
Carfentrazone,Toxic Organics,Toxic Organics
Plutonium-239,Uncategorized,Uncategorized
Plutonium-238,Uncategorized,Uncategorized
"Fuel oil, no. 2",Other,Other
"Fuel oil, no. 4",Other,Other
"Diesel oil, no. 2",Other,Other
Pass/Fail Static Renewal 96Hr Acute Atherinops affinis,Toxic Organics,Toxic Organics
Dibromoacetic acid [DBAA],Toxic Organics,Toxic Organics
Haloacetic acids [HAA5],Toxic Organics,Toxic Organics
Trichloroacetic acid [TCAA],Toxic Organics,Toxic Organics
Dichloroacetic acid [DCAA],Toxic Organics,Toxic Organics
Monobromoacetic acid [MBAA],Toxic Organics,Toxic Organics
Total Group II Polycyclic Aromatic Hydrocarbons,Organics,COD
BMP Certification Submittal?,pH,pH
Limiting Nutrient [Nitrogen or Phosphorus],Metals,Tin
Sodium Bromide/Sodium Hypochlorite Ratio,Solids,Dissolved Solids
Sodium Absorption Ratio,Solids,Dissolved Solids
Total Group I Polycyclic Aromatic Hydrocarbons,Organics,COD
% Survival Static 24Hr Acute Tripneustes gratilla,Aquatic Toxicity,Aquatic Toxicity
Transparency,Uncategorized,Uncategorized
E. coli exceedances,Pathogens,Pathogens
Seafood Processing Waste,Other,Other
"Evaporation, Accumulated",Uncategorized,Uncategorized
"Arsenic, Inorganic",Metals,Arsenic
"1,2,3-Benzotriazole",Toxic Organics,Toxic Organics
4-Methyl-Benzotriazole,Toxic Organics,Toxic Organics
5-Methyl-Benzotriazole,Toxic Organics,Toxic Organics
Liner Leakage Rate,Uncategorized,Uncategorized
GB Agent,Uncategorized,Uncategorized
VX Agent,Uncategorized,Uncategorized
Diethylenetriamine [DETA],Toxic Organics,Toxic Organics
Dipropylene Glycol,Toxic Organics,Toxic Organics
NOAEL Static 48Hr Acute Americamysis bahia,Aquatic Toxicity,Aquatic Toxicity
Static 48Hr Acute  Americamysis bahia,Aquatic Toxicity,Aquatic Toxicity
Pass/Fail Static Renewal 96Hr Acute Holmesimysis costata,Toxic Organics,Toxic Organics
Enterococci - % of upper confidence limit,Pathogens,Pathogens
Calcium Dimethyldithiocarbamate,Metals,Calcium
Cycles Of Concentration,Uncategorized,Uncategorized
5-Chloro-2-methyl-4-isothiazolin-3-one,Toxic Organics,Toxic Organics
2-methyl-4-isothiazolin-3-one,Toxic Organics,Toxic Organics
Calcium sulfate,Metals,Calcium
Sodium dodecylbenzene sulfonate,Toxic Organics,Toxic Organics
Glyoxal,Uncategorized,Uncategorized
"Phosphorus, ortho",Nutrients,Phosphorus
% Survival Static Renewal 96Hr Acute Americamysis bahia,Toxic Organics,Toxic Organics
% Survival Static Renewal 96Hr Acute Holmesimysis costata,Toxic Organics,Toxic Organics
"2-Amino-4,6-dinitrotoluene",Toxic Organics,Toxic Organics
Total Petroleum Hydrocarbons - Waste Oil,Other,Fuel
2-Nitrotoluene,Toxic Organics,Toxic Organics
"1,3-Dinitrobenzene",Toxic Organics,Toxic Organics
"4-Amino-2,6-dinitrotoluene",Toxic Organics,Toxic Organics
3-Nitrotoluene,Toxic Organics,Toxic Organics
4-Nitrotoluene,Toxic Organics,Toxic Organics
Phosphonocarboxylic Acid Salt,Uncategorized,Uncategorized
Phosno-Butanetricarboxylic Acid Salt,Toxic Organics,Toxic Organics
1-Chloro-2-nitrobenzene,Toxic Organics,Toxic Organics
"3,3'-Dimethylbenzidine",Toxic Organics,Toxic Organics
3-Chloroaniline,Toxic Organics,Toxic Organics
Diphenamid,Uncategorized,Uncategorized
m-Toluidine,Uncategorized,Uncategorized
Polyacrylamide,Toxic Organics,Toxic Organics
Guaiacol [2-methoxyphenol],Toxic Organics,Toxic Organics
"Phosphorus, insoluble",Nutrients,Phosphorus
Pass/Fail Static Renewal 96Hr Acute Americamysis bahia,Toxic Organics,Toxic Organics
"Flow rate, domestic",Flow,Flow
"Flash point, deg F [40 CFR 403/261.21]",Uncategorized,Uncategorized
"Nitrogen, total, percent removal [%]",Nutrients,Nitrogen
"Chloride, total recoverable",Solids,Dissolved Solids
"Sediment, suspended",Solids,Suspended Solids
Total Petroleum Hydrocarbons - Diesel and Waste Oil,Other,Other
Perfluorobutane Sulfonate,Toxic Organics,Toxic Organics
Perfluorohexane Sulfonate,Toxic Organics,Toxic Organics
Perfluoroheptane Sulfonate,Toxic Organics,Toxic Organics
Perfluorodecane Sulfonate,Toxic Organics,Toxic Organics
2-[N-ethylperfluorooctanesulfonamido] acetic acid,Toxic Organics,Toxic Organics
2-[N-methylperfluorooctanesulfonamido] acetic acid,Toxic Organics,Toxic Organics
Giardia,Uncategorized,Uncategorized
Dimethyldithiocarbamate,Toxic Organics,Toxic Organics
Static Renewal 96HR Acute Holmesimysis costata,Toxic Organics,Toxic Organics
"Surfactants, nonionic",Toxic Organics,Toxic Organics
"Nitrogen, Kjeldahl,Total  [TKN], insoluble",Nutrients,Nitrogen
Ethyl acrylate,Toxic Organics,Toxic Organics
Sanitary and Domestic Foam or Floating Solids,Other,Other
Pass/Fail Static Renewal 96Hr Acute Cyprinodon variegatus,Toxic Organics,Toxic Organics
Number of pumps in operation,Uncategorized,Uncategorized
Utilization rate,Uncategorized,Uncategorized
Chlorhexidine diacetate,Toxic Organics,Toxic Organics
Coconut Diethanolamide,Uncategorized,Uncategorized
Static Renewal 96Hr Acute Americamysis bahia,Toxic Organics,Toxic Organics
8:2 Fluorotelomer Alcohol,Toxic Organics,Toxic Organics
10:2 Fluorotelomer Alcohol,Toxic Organics,Toxic Organics
8:2 Fluorotelomer Acrylate,Toxic Organics,Toxic Organics
10:2 Fluorotelomer Acrylate,Toxic Organics,Toxic Organics
N-methylperfluorooctane Sulfonamidoethanol,Toxic Organics,Toxic Organics
Perfluoropentanoic acid,pH,pH
Perfluorohexanoic acid,Toxic Organics,Toxic Organics
Perfluoroheptanoic acid,Toxic Organics,Toxic Organics
Perfluorononanoic acid,Toxic Organics,Toxic Organics
Perfluorodecanoic acid,Toxic Organics,Toxic Organics
Perfluoroundecanoic acid,Toxic Organics,Toxic Organics
Perfluorododecanoic acid,Toxic Organics,Toxic Organics
Perfluorotridecanoic acid,Toxic Organics,Toxic Organics
Perfluorotetradecanoic acid,Toxic Organics,Toxic Organics
"Oxygen, dissolved [DO] minimum",Nutrients,Dissolved Oxygen
"Oxygen, dissolved [DO] maximum",Nutrients,Dissolved Oxygen
Ethanolamine,Uncategorized,Uncategorized
Static Renewal 96HR Acute Americamysis bahia,Toxic Organics,Toxic Organics
"Molybdenum, potentially dissolved",Metals,Molybdenum
"Surfactants, anionic",Toxic Organics,Toxic Organics
Pass/Fail Static Renewal 96Hr Acute Menidia beryllina,Toxic Organics,Toxic Organics
"Flow rate, deck drainage",Flow,Flow
LOEC Lethal Survival Static Renewal 48HR Acute Daphnia magna,Toxic Organics,Toxic Organics
.lambda.-Cyhalothrin,Toxic Organics,Toxic Organics
Diesel Oil Content,Other,Other
Fly ash,Uncategorized,Uncategorized
PCB-Aroclor [mixture unspecified],Toxic Organics,Toxic Organics
"Sludge weight, dry",Uncategorized,Uncategorized
C19-C36 Aliphatics,Toxic Organics,Toxic Organics
"Nitrite plus Nitrate, dry weight [as N]",Nutrients,Nitrogen
NOEC Static Renewal 7Day Chronic Ceriodaphnia dubia,Toxic Organics,Toxic Organics
"Chromium, total [as Cr] [per discharge]",Metals,Chromium
Florfenicol,Uncategorized,Uncategorized
"Copper, total [as Cu] [per discharge]",Metals,Copper
"Lead, total [as Pb] [per discharge]",Metals,Lead
Pass/Fail Sub-Lethal Static Renewal 7 Day Chronic Daphnia magna,Toxic Organics,Toxic Organics
2-Butoxyethanol,Toxic Organics,Toxic Organics
"Dibenz[a,j]acridine",Toxic Organics,Toxic Organics
Low Flow Pass/Fail Survival Test Static Renewal 7 Day Chronic Daphnia magna,Toxic Organics,Toxic Organics
NOEC Sub-Lethal Static Renewal 7 Day Chronic Daphnia magna,Toxic Organics,Toxic Organics
NOEC Lethal Static Renewal 7 Day Chronic Daphnia magna,Toxic Organics,Toxic Organics
Whole Effluent Toxicity [WET] - C. dubia,Aquatic Toxicity,Aquatic Toxicity
Whole Effluent Toxicity [WET] - M. bahia,Aquatic Toxicity,Aquatic Toxicity
Whole Effluent Toxicity [WET] - P. promelas,Aquatic Toxicity,Aquatic Toxicity
C3 Dimer Acid/Salt,Uncategorized,Uncategorized
Free Oil Visual Sheen,Other,Fuel
Thorium-230 + Thorium-232,Metals,Thorium
IC25 Static Renewal 7 Day Chronic Daphnia ambigua,Toxic Organics,Toxic Organics
Peracetic Acid,Toxic Organics,Toxic Organics
C9-C10 Aromatics,Toxic Organics,Toxic Organics
C11-C22 Aromatics,Toxic Organics,Toxic Organics
C5-C8 Aliphatics,Toxic Organics,Toxic Organics
C9-C12 Aliphatics,Toxic Organics,Toxic Organics
Dimethyl Benzyl Ammonium Chloride,Toxic Organics,Toxic Organics
Ethoxylated alkyl quaternary ammonium compound [generic],Toxic Organics,Toxic Organics
"Salts, Water Soluble in Soil",Other,Fuel
Potassium Amyl Xanthate [PAX],Nutrients,Potassium
Methyl Isobutyl Carbinol,Toxic Organics,Toxic Organics
"Nickel, total [as Ni] [per discharge]",Metals,Nickel
3-Methylcholanthrene,Toxic Organics,Toxic Organics
Floating solids or visible foam-visual/days,Other,Other
"Sludge/Solids, depth",Solids,Suspended Solids
"Turbidity, sed stick",Color and Turbidity,Turbidity
N-ethylperfluorooctane Sulfonamidoethanol,Toxic Organics,Toxic Organics
Imidacloprid [Neonicotinoid],Metals,Tin
LC50 Static Renewal 48Hr Acute Daphnia ambigua,Toxic Organics,Toxic Organics
Duration of Oxidant Addition,Uncategorized,Uncategorized
Isopropylamine,Toxic Organics,Toxic Organics
Annual Nitrate Nitrogen Discharged,Nutrients,Nitrogen
C9-C18 Aliphatics,Toxic Organics,Toxic Organics
"Coliform, total - % samples exceeding limit",Toxic Organics,Toxic Organics
Nalco H150M,Toxic Organics,Toxic Organics
NOEC Static Renewal 7Day Chronic Pimephales promelas,Toxic Organics,Toxic Organics
"1,3-Butadiene",Toxic Organics,Toxic Organics
"Phosphorus, Total [Avg Seasonal Load Cap]",Nutrients,Phosphorus
"BOD, carbonaceous [5 day, 20 C][per discharge]",Organics,COD
"Solids, total suspended [per discharge]",Solids,Suspended Solids
"Nitrogen, ammonia total [as N] [per discharge]",Nutrients,Nitrogen
"Nitrogen, Kjeldahl, total [as N] [per discharge]",Nutrients,Nitrogen
"Cadmium, total [as Cd] [per discharge]",Metals,Cadmium
"Silver, total [as Ag] [per discharge]",Metals,Silver
"Zinc, total [as Zn] [per discharge]",Metals,Zinc
"Mercury, total [as Hg] [per discharge]",Metals,Mercury
Benzo[rst]pentaphene,Toxic Organics,Toxic Organics
Perylene,Toxic Organics,Toxic Organics
Benzo[j]fluoranthene,Toxic Organics,Toxic Organics
% Survival Static 96Hr Acute Americamysis bahia,Aquatic Toxicity,Aquatic Toxicity
Head Loss,Uncategorized,Uncategorized
Sewer Backups,Uncategorized,Uncategorized
"Oil based fluids, non-aqueous based drilling fluids and cuttings",Other,Other
Corrosion Inhibitor,Uncategorized,Uncategorized
LOEC Sub-Lethal Reproduction Static Renewal 7 Day Chronic Daphnia magna,Toxic Organics,Toxic Organics
1-Chloropropane,Toxic Organics,Toxic Organics
LOEC Lethal Survival Static Renewal 7 Day Chronic Daphnia magna,Toxic Organics,Toxic Organics
Whole Effluent Toxicity [WET] - D. pulex,Aquatic Toxicity,Aquatic Toxicity
Whole Effluent Toxicity [WET] - M. beryllina,Aquatic Toxicity,Aquatic Toxicity
Penicillin G Potassium,Nutrients,Potassium
"BOD, carbonaceous, 20-day, % Removal",Organics,COD
Fish feed used efficiency,Other,Other
Pass/Fail Static 20 Minute Fertilization Chronic Tripneustes gratilla,Aquatic Toxicity,Aquatic Toxicity
"Solids, total suspended [per season]",Solids,Suspended Solids
"Nitrogen, ammonia total [as N] [per season]",Nutrients,Nitrogen
"BOD, 5-day, 20 deg. C [per season]",Organics,COD
"2,3,7,8-Tetrachlorodibenzo-p-dioxin [per season]",Toxic Organics,Toxic Organics
"Phosphorus, total [as P] [per season]",Nutrients,Phosphorus
%Effect Static Renewal 96Hr Acute Atherinops affinis,Toxic Organics,Toxic Organics
%Effect Static Renewal 96Hr Acute Menidia beryllina,Toxic Organics,Toxic Organics
Pass/Fail Static 48Hr Chronic Haliotis rufescens,Aquatic Toxicity,Aquatic Toxicity
Pass/Fail Static 20 Minute Fertilization Chronic Dendraster excentricus,Aquatic Toxicity,Aquatic Toxicity
Pass/Fail Static 96Hr Acute Holmesimysis costata,Aquatic Toxicity,Aquatic Toxicity
Pass/Fail Static 20 Minute Fertilization Chronic Strongylocentrotus purpuratus,Aquatic Toxicity,Aquatic Toxicity
Pass/Fail Static 96Hr Acute Menidia beryllina,Aquatic Toxicity,Aquatic Toxicity
Screen Efficiency,Uncategorized,Uncategorized
Fish/Shellfish Impinged,Other,Other
Critical Dilution,Flow,Flow
Crop yield per day,Uncategorized,Uncategorized
%Effect Static 4 Day Chronic Raphidocelis subcapitata,Aquatic Toxicity,Aquatic Toxicity
Poly[hexamethylenebiguanide] hydrochloride,Toxic Organics,Toxic Organics
"Dibenz[a,h]acridine",Toxic Organics,Toxic Organics
"Digester gas, volume",Other,Fuel
Reservoir storage,Uncategorized,Uncategorized
"Volume, total",Uncategorized,Uncategorized
"Dibenzo[a,h]pyrene",Toxic Organics,Toxic Organics
Coagulants added [mass],Toxic Organics,Toxic Organics
Nonylphenol diethoxylate,Toxic Organics,Toxic Organics
"2-Ethyl-9,10-Anthraquinone",Toxic Organics,Toxic Organics
Nitrated Esters [NE],Nutrients,Nitrogen
Pass/Fail Static Renewal 96Hr Acute Oncorhynchus mykiss,Toxic Organics,Toxic Organics
Sodium Tolytriazole,Toxic Organics,Toxic Organics
"Cyanide, free [amenable to chlorine]",Inorganics,Disinfectants
Total Production - volume,Uncategorized,Uncategorized
% Effect Static Renewal 96Hr Acute Americamysis bahia,Toxic Organics,Toxic Organics
%Effect Static Renewal 7 Day Chronic Atherinops affinis,Toxic Organics,Toxic Organics
"2,3,7,8-Tetrachlorodibenzofuran [per season]",Toxic Organics,Toxic Organics
Pass/Fail Static Renewal 7 Day Chronic Atherinops affinis,Toxic Organics,Toxic Organics
Pass/Fail Static 48Hr Chronic Macrocystis pyrifera,Aquatic Toxicity,Aquatic Toxicity
%Effect Static 48Hr Chronic Macrocystis pyrifera,Aquatic Toxicity,Aquatic Toxicity
%Effect Static 48Hr Chronic Haliotis rufescens,Aquatic Toxicity,Aquatic Toxicity
%Effect Static 20Min Chronic Dendraster excentricus,Aquatic Toxicity,Aquatic Toxicity
Pass/Fail Static Renewal 7 Day Chronic Menidia beryllina,Toxic Organics,Toxic Organics
%Effect Static 20Min Chronic Strongylocentrotus purpuratus,Aquatic Toxicity,Aquatic Toxicity
%Effect Static Renewal 7 Day Chronic Menidia beryllina,Toxic Organics,Toxic Organics
Pass/Fail Static 4 Day Chronic Raphidocelis subcapitata,Aquatic Toxicity,Aquatic Toxicity
Screen Area Blockage,Uncategorized,Uncategorized
Intake Velocity Excusions,Uncategorized,Uncategorized
"Iron, ferrous - present",Metals,Iron
"Dibenzo[a,e]pyrene",Toxic Organics,Toxic Organics
Coagulants added [volume],Toxic Organics,Toxic Organics
Dilantin [Phenytoin],Metals,Tin
Iopromide,Uncategorized,Uncategorized
Meprobamate,Uncategorized,Uncategorized
Trimethoprim,Toxic Organics,Toxic Organics
Iohexol,Uncategorized,Uncategorized
Nonylphenol monoethoxylate,Toxic Organics,Toxic Organics
Octylphenol diethoxylate,Toxic Organics,Toxic Organics
Octylphenol monoethoxylate,Toxic Organics,Toxic Organics
Sulfamethoxazole,Toxic Organics,Toxic Organics
Tris[2-chloroethyl] phosphate [TCEP],Toxic Organics,Toxic Organics
Pass/Fail Static 96Hr Acute Atherinops affinis,Aquatic Toxicity,Aquatic Toxicity
IC25 Pass/Fail Static 24Hr Acute Daphnia pulex,Aquatic Toxicity,Aquatic Toxicity
Chloropicrin,Uncategorized,Uncategorized
IC25 Pass/Fail Static 24Hr Acute Americamysis bahia,Aquatic Toxicity,Aquatic Toxicity
IC25 Lethal Static Renewal 48HR Acute Pimephales promelas,Toxic Organics,Toxic Organics
IC25 Sub-Lethal Static Renewal 7 Day Chronic Pimephales promelas,Toxic Organics,Toxic Organics
IC25 Lethal Static Renewal 7 Day Chronic Pimephales promelas,Toxic Organics,Toxic Organics
IC25 Sub-Lethal Static Renewal 7 Day Chronic Menidia beryllina,Toxic Organics,Toxic Organics
IC25 Lethal Static Renewal 7 Day Chronic Americamysis bahia,Toxic Organics,Toxic Organics
LOEC Sub-Lethal Reproduction Static Renewal 7 Day Chronic Menidia beryllina,Toxic Organics,Toxic Organics
LOEC Lethal Survival Static Renewal 48HR Acute Menidia beryllina,Toxic Organics,Toxic Organics
Pass/Fail Static 48Hr Acute Cyprinodon variegatus,Aquatic Toxicity,Aquatic Toxicity
IC25 Low Flow Pass/Fail Sub-Lethal Static Renewal 7 Day Chronic Ceriodaphnia dubia,Toxic Organics,Toxic Organics
IC25 Low Flow Pass/Fail Sub-Lethal Static Renewal 7 Day Chronic Americamysis bahia,Toxic Organics,Toxic Organics
"2,4-Dinitroanisole",Toxic Organics,Toxic Organics
%Effect Static 72Hr Chronic Dendraster excentricus,Aquatic Toxicity,Aquatic Toxicity
%Effect Static 72Hr Chronic Strongylocentrotus purpuratus,Aquatic Toxicity,Aquatic Toxicity
Pass/Fail Static 72Hr Chronic Dendraster excentricus,Aquatic Toxicity,Aquatic Toxicity
Pass/Fail Static 72Hr Chronic Strongylocentrotus purpuratus,Aquatic Toxicity,Aquatic Toxicity
"Pass/Fail Static 48Hr Chronic, 5-7 Day Rec. Champia parvula",Aquatic Toxicity,Aquatic Toxicity
"%Effect Static 48Hr Chronic, 5-7 Day Rec. Champia parvula",Aquatic Toxicity,Aquatic Toxicity
"Static 48 Hr Chronic, 5-7 Day Rec. Champia parvula",Aquatic Toxicity,Aquatic Toxicity
%Effect Static 48Hr Chronic Mytilus Species,Aquatic Toxicity,Aquatic Toxicity
Pass/Fail Static 48Hr Chronic Mytilus Species,Aquatic Toxicity,Aquatic Toxicity
Pass/Fail Static 48Hr Chronic Crassostrea gigas,Other,Fuel
Pass/Fail Static Renewal 7 Day Chronic Holmesimysis costata,Toxic Organics,Toxic Organics
IC25 Lethal Static Renewal 48HR Acute Daphnia magna,Toxic Organics,Toxic Organics
IC25 Low Flow Pass/Fail Lethal Static Renewal 48Hr Acute Ceriodaphnia dubia,Toxic Organics,Toxic Organics
IC25 Lethal Static Renewal 48HR Acute Ceriodaphnia dubia,Toxic Organics,Toxic Organics
IC25 Low Flow Pass/Fail Lethal Static Renewal 7 Day Chronic Ceriodaphnia dubia,Toxic Organics,Toxic Organics
IC25 Low Flow Pass/Fail Lethal Static Renewal 7 Day Chronic Pimephales promelas,Toxic Organics,Toxic Organics
IC25 Low Flow Pass/Fail Lethal Static Renewal 96Hr Acute Daphnia magna,Toxic Organics,Toxic Organics
IC25 Lethal Static Renewal 96Hr Acute Daphnia magna,Toxic Organics,Toxic Organics
IC25 Low Flow Pass/Fail Sub-Lethal Static Renewal 96Hr Acute Daphnia magna,Toxic Organics,Toxic Organics
IC25 Sub-Lethal Static Renewal 96Hr Acute Daphnia magna,Toxic Organics,Toxic Organics
IC25 Low Flow Pass/Fail Lethal Static Renewal 7 Day Chronic Americamysis bahia,Toxic Organics,Toxic Organics
IC25 Low Flow Pass/Fail Lethal Static Renewal 7 Day Chronic Menidia beryllina,Toxic Organics,Toxic Organics
o-Phenylphenol,Toxic Organics,Toxic Organics
Biotic Index,Uncategorized,Uncategorized
Galaxolide,Uncategorized,Uncategorized
"TDCPP [Tris[1,3-dichloro-2-propyl] phosphate]",Toxic Organics,Toxic Organics
TCPP [Tris [1-chloro-2-propyl] phosphate],Toxic Organics,Toxic Organics
APELs Requested?,Uncategorized,Uncategorized
"Radium, total",Other,Radiation
"3,4-Dinitrotoluene",Toxic Organics,Toxic Organics
Total Toxic Organics,Organics,Other Organics
"3,3'-Dimethoxybenzidine",Toxic Organics,Toxic Organics
"4,4'-Methylenebis[2-chloroaniline]",Toxic Organics,Toxic Organics
2-Propen-1-ol,Toxic Organics,Toxic Organics
"Arsenic, trivalent total",Metals,Arsenic
Oryzalin,Uncategorized,Uncategorized
"Algae, suspended",Nutrients,Algae and other Nutrient-related
Thiourea,Organics,Other Organics
Coal ash,Other,Other
Calcium oxide,Metals,Calcium
Iron oxide,Metals,Iron
Magnesium oxide,Metals,Magnesium
Manganese oxide,Metals,Manganese
Phosphorus Pentoxide,Nutrients,Phosphorus
Potassium oxide,Nutrients,Potassium
Silica [Silicone dioxide],Solids,Suspended Solids
"Flow, discharge",Flow,Flow
"Flow, reclamation",Flow,Flow
"Flow, irrigation",Flow,Flow
Benzopyrene,Toxic Organics,Toxic Organics
Fecal Matter,Uncategorized,Uncategorized
"Benzene, calculated limit",Toxic Organics,Toxic Organics
"Lead, calculated limit",Metals,Lead
"Phenol, calculated limit",Toxic Organics,Toxic Organics
"Thallium, calculated limit",Metals,Thallium
"Heterotrophic bacteria, total",Pathogens,Pathogens
Run time,Uncategorized,Uncategorized
IC25 Low Flow Pass/Fail Static Renewal 48Hr Acute Pimephales promelas,Toxic Organics,Toxic Organics
IC25 Low Flow Pass/Fail Static Renewal 48Hr Acute Menidia beryllina,Toxic Organics,Toxic Organics
IC25 Pass/Fail Static 24Hr Acute Pimephales promelas,Aquatic Toxicity,Aquatic Toxicity
IC25 Low Flow Pass/Fail Sub-Lethal Static Renewal 7 Day Chronic Menidia beryllina,Toxic Organics,Toxic Organics
IC25 Low Flow Pass/Fail Static Renewal 48Hr Acute Daphnia pulex,Toxic Organics,Toxic Organics
IC25 Lethal Static Renewal 48HR Acute Daphnia pulex,Toxic Organics,Toxic Organics
IC25 Sub-Lethal Static Renewal 7 Day Chronic Ceriodaphnia dubia,Toxic Organics,Toxic Organics
IC25 Lethal Static Renewal 48HR Acute Menidia menidia,Toxic Organics,Toxic Organics
IC25 Lethal Static Renewal 48HR Acute Americamysis bahia,Toxic Organics,Toxic Organics
IC25 Low Flow Pass/Fail Static Renewal 48Hr Acute Americamysis bahia,Toxic Organics,Toxic Organics
IC25 Low Flow Pass/Fail Sub-Lethal Static Renewal 7 Day Chronic Pimephales promelas,Toxic Organics,Toxic Organics
IC25 Pass/Fail Static 24Hr Acute Menidia beryllina,Aquatic Toxicity,Aquatic Toxicity
IC25 Lethal Static Renewal 7 Day Chronic Ceriodaphnia dubia,Toxic Organics,Toxic Organics
"Strontium 90, dissolved",Other,Radiation
IC25 Sub-Lethal Static Renewal 7 Day Chronic Americamysis bahia,Toxic Organics,Toxic Organics
LOEC Lethal Survival Static Renewal 7 Day Chronic  Menidia beryllina,Toxic Organics,Toxic Organics
IC25 Pass/Fail Static 24Hr Acute Daphnia magna,Aquatic Toxicity,Aquatic Toxicity
IC25 Low Flow Pass/Fail Static Renewal 48Hr Acute Daphnia magna,Toxic Organics,Toxic Organics
IC25 Lethal Static Renewal 7 Day Chronic Menidia beryllina,Toxic Organics,Toxic Organics
Dixylylethane [DEX],Uncategorized,Uncategorized
Pass/Fail Static 48Hr Chronic Mytilus edulis,Aquatic Toxicity,Aquatic Toxicity
%Effect Static 48Hr Chronic Mytilus edulis,Aquatic Toxicity,Aquatic Toxicity
%Effect Static 48Hr Chronic Crassostrea gigas,Other,Fuel
%Effect Static Renewal 7 Day Chronic Holmesimysis costata,Toxic Organics,Toxic Organics
"Tetrahydroxymethylphosphonium chloride, THPC",Toxic Organics,Toxic Organics
"1,2,3,4-Tetrachlorobenzene",Toxic Organics,Toxic Organics
Diclofenac,Uncategorized,Uncategorized
Percent Base Saturation,Uncategorized,Uncategorized
Phosphorus Adsorption,Nutrients,Phosphorus
Hydroxide,Uncategorized,Uncategorized
"Radium, dissolved",Other,Radiation
Creosote [Coal Tar],Other,Other
Butyraldehyde,Toxic Organics,Toxic Organics
Toluenediamine,Toxic Organics,Toxic Organics
Gasoline,Other,Fuel
Soil Erodibility Potential,Other,Fuel
Toxics,Uncategorized,Uncategorized
Picric acid,pH,pH
Aluminum oxide,Metals,Aluminum
Barium oxide,Metals,Barium
Sodium oxide,Solids,Dissolved Solids
Clostridium perfringens,Uncategorized,Uncategorized
"Nitrogen, total",Nutrients,Nitrogen
Tetramethylammonium chloride,Toxic Organics,Toxic Organics
"pH range excursions, greater than 30 minutes",pH,pH
"Flowing, Receiving Stream",Flow,Flow
BOD excursions,Organics,COD
Duration of Land Application,pH,pH
Total Amount Land Applied,Uncategorized,Uncategorized
Nitrotriazolone [NTO],Uncategorized,Uncategorized
"Carbon, dissolved inorganic [as C]",Organics,COD
Total K001 Constituents,Uncategorized,Uncategorized
Aluminum [total],Metals,Aluminum
Iron [total],Metals,Iron
Manganese [total],Metals,Manganese
Mixing Zone,Uncategorized,Uncategorized
"Phosphorus, total [as P] [credit]",Nutrients,Phosphorus
"Nitrogen, total [as N] [credit]",Nutrients,Nitrogen
"Nitrogen, total [as N] [adjusted]",Nutrients,Nitrogen
"Nitrogen, total [as N] [delivered]",Nutrients,Nitrogen
Nalco 3D TRASAR 3DT289,Toxic Organics,Toxic Organics
Nalco TRAC107 PLUS,Toxic Organics,Toxic Organics
Dimethyldiallylammonium chloride,Toxic Organics,Toxic Organics
Poly[diallyldimethylammonium chloride],Toxic Organics,Toxic Organics
Potassium aluminum sulfate [Alum],Metals,Aluminum
2-Methyl-5-nitrobenzenamine,Toxic Organics,Toxic Organics
Bacteria,Pathogens,Pathogens
"Observation, Manatees",Uncategorized,Uncategorized
"RCRA/CERCLA substances, 40 CFR 264 App IX",Uncategorized,Uncategorized
"1,2-Dinitrobenzene",Toxic Organics,Toxic Organics
Vibrio cholerae,Uncategorized,Uncategorized
Organisms greater than or equal to 50 micrometers,Pathogens,Pathogens
Organisms less than 50 micrometers and greater than or equal to 10 micrometers,Pathogens,Pathogens
Wetlands Monitoring,Uncategorized,Uncategorized
"Polychlorinated biphenyls [PCBs], sum of Aroclors",Inorganics,Disinfectants
Mercury minimization,Metals,Mercury
Oil-Based Defoamer,Other,Other
Chlorinated benzenes,Inorganics,Disinfectants
Grease,Organics,Other Organics
"2,2',5-TrCB , PCB-18  congener",Toxic Organics,Toxic Organics
"2,4,4'-TrCB, PCB-28  congener",Toxic Organics,Toxic Organics
"3,4,4'-TrCB , PCB-37  congener",Toxic Organics,Toxic Organics
"2,2',3,5'-TeCB, PCB-44  congener",Toxic Organics,Toxic Organics
"2,2',4,5'-TeCB , PCB-49  congener",Toxic Organics,Toxic Organics
"2,2',5,5'-TeCB, PCB-52  congener",Toxic Organics,Toxic Organics
"2,3',4,4'-TeCB, PCB-66  congener",Toxic Organics,Toxic Organics
"2,3',4',5-TeCB , PCB-70  congener",Toxic Organics,Toxic Organics
"2,4,4',5-TeCB , PCB-74  congener",Toxic Organics,Toxic Organics
"3,3',4,4'-TeCB, PCB-77  congener",Toxic Organics,Toxic Organics
"3,4,4',5-TeCB, PCB-81  congener",Toxic Organics,Toxic Organics
"2,2',3,4,5'-PeCB , PCB-87  congener",Toxic Organics,Toxic Organics
"2,2',4,4',5-PeCB , PCB-99  congener",Toxic Organics,Toxic Organics
"2,2',4,5,5'-PeCB, PCB-101  congener",Toxic Organics,Toxic Organics
"2,3,3',4,4'-PeCB, PCB-105  congener",Toxic Organics,Toxic Organics
"2,3,3',4',6-PeCB , PCB-110  congener",Toxic Organics,Toxic Organics
"2,3,4,4',5-PeCB, PCB-114  congener",Toxic Organics,Toxic Organics
"2,3',4,4',5-PeCB, PCB-118  congener",Toxic Organics,Toxic Organics
"2,3',4,4',6-PeCB , PCB-119  congener",Toxic Organics,Toxic Organics
"2',3,4,4',5-PeCB, PCB-123  congener",Toxic Organics,Toxic Organics
"3,3',4,4',5-PeCB, PCB-126  congener",Toxic Organics,Toxic Organics
"2,2',3,3',4,4'-HxCB, PCB-128  congener",Toxic Organics,Toxic Organics
"2,2',3,4,4',5'-HxCB, PCB-138  congener",Toxic Organics,Toxic Organics
"2,2',3,4',5',6-HxCB , PCB-149  congener",Toxic Organics,Toxic Organics
"2,2',3,5,5',6-HxCB , PCB-151  congener",Toxic Organics,Toxic Organics
"2,2',4,4',5,5'-HxCB, PCB-153  congener",Toxic Organics,Toxic Organics
"2,3,3',4,4',5-HxCB, PCB-156  congener",Toxic Organics,Toxic Organics
"2,3,3',4,4',5'-HxCB, PCB-157  congener",Toxic Organics,Toxic Organics
"2,3,3',4,4',6-HxCB , PCB-158  congener",Toxic Organics,Toxic Organics
"2,3',4,4',5,5'-HxCB, PCB-167  congener",Toxic Organics,Toxic Organics
"2,3',4,4',5',6-HxCB , PCB-168  congener",Toxic Organics,Toxic Organics
"2,2',3,3',4,4',5-HpCB, PCB-170  congener",Toxic Organics,Toxic Organics
"2,2',3,3',4',5,6-HpCB , PCB-177  congener",Toxic Organics,Toxic Organics
"2,2',3,4,4',5,5'-HpCB, PCB-180  congener",Toxic Organics,Toxic Organics
"2,2',3,4,4',5',6-HpCB , PCB-183  congener",Toxic Organics,Toxic Organics
"2,2',3,4,4',6,6'-HpCB , PCB-184  congener",Toxic Organics,Toxic Organics
"2,2',3,4',5,5',6-HpCB, PCB-187  congener",Toxic Organics,Toxic Organics
"2,3,3',4,4',5,5'-HpCB, PCB-189  congener",Toxic Organics,Toxic Organics
"2,2',3,3',4,4',5,5'-OcCB , PCB-194  congener",Toxic Organics,Toxic Organics
"2,2',3,3',4,5',6,6'-OcCB , PCB-201  congener",Toxic Organics,Toxic Organics
"2,2',3,3',4,4',5,5',6-NoCB, PCB-206  congener",Toxic Organics,Toxic Organics
Number of connections,Other,Other
Mineral Spirits - Odorless,Other,Other
"DDT/DDD/DDE, sum of p,p' isomers",Toxic Organics,Toxic Organics
Polydimethylsiloxanes,Toxic Organics,Toxic Organics
"Polychlorinated biphenyls [PCBs], sum of congeners",Inorganics,Disinfectants
Imazamox,Uncategorized,Uncategorized
"BOD, carbonaceous [5 day, 20 C][load]",Organics,COD
Sediment Oxygen Demand,Solids,Suspended Solids
Bacteria - % samples exceeding limit,Pathogens,Pathogens
Benzofluoranthene,Toxic Organics,Toxic Organics
Cymene,Toxic Organics,Toxic Organics
"Sulfates, total [as SO4]",Solids,Dissolved Solids
"Polychlorinated biphenyls [PCBs], sum of Aroclors and Congeners",Inorganics,Disinfectants
"Sodium,total [mEq/l]",Solids,Dissolved Solids
"Magnesium, dissolved [mEq/l]",Metals,Magnesium
Salinity [PSU],Solids,Dissolved Solids
"Fluoride, total [as F] [Can Production]",Solids,Dissolved Solids
"3,3',4,4',5,5'-HxCB,PCB-169 congener",Toxic Organics,Toxic Organics
Inorganic Pollutants,Uncategorized,Uncategorized
Chloronaphthalene,Toxic Organics,Toxic Organics
N-Nitrosodiethanolamine,Toxic Organics,Toxic Organics
"Phosphorus, total [as P] [Can Production]",Nutrients,Phosphorus
"Solids, total suspended [Can Production]",Solids,Suspended Solids
"Manganese, total [as Mn] [Can Production]",Metals,Manganese
Can Production,Uncategorized,Uncategorized
"Phosphorus, total [as P] [delivered]",Nutrients,Phosphorus
"SSO, Dry Weather",Uncategorized,Uncategorized
Pass/Fail Static 1Hr Fertilization Test Chronic Tripneustes gratilla,Aquatic Toxicity,Aquatic Toxicity
Low Flow Pass/Fail Survival Test Static Renewal 7 Day Chronic Menidia beryllina,Toxic Organics,Toxic Organics
Miscellaneous Discharges [Pipeline Brine] [Free Oil],Other,Fuel
Beta/photon emitters,Other,Other
Total Production - area,Uncategorized,Uncategorized
%Effect Static Renewal 96Hr Acute Raphidocelis subcapita,Toxic Organics,Toxic Organics
Stream Velocity,Uncategorized,Uncategorized
Butyl Acrylate,Toxic Organics,Toxic Organics
Stream Level,Other,Other
Specific Oxygen Update Rate [SOUR],Uncategorized,Uncategorized
"Aluminum, total [as Al] [Can Production]",Metals,Aluminum
"Chromium, total [as Cr] [Can Production]",Metals,Chromium
Low Flow Pass/Fail Static Renewal 48Hr Acute Menidia beryllina,Toxic Organics,Toxic Organics
NOEC Lethal Static Renewal 7 Day Chronic Menidia beryllina,Toxic Organics,Toxic Organics
Coef Of Var Static Renewal 48Hr Acute Menidia beryllina,Toxic Organics,Toxic Organics
Coef Of Var Static Renewal 7Day Chronic Menidia beryllina,Toxic Organics,Toxic Organics
"Acute Mthd Survival Endpt, TSTaHo R/nR Pass/Fail, StatR96hr C dubia",Aquatic Toxicity,Aquatic Toxicity
"Acute Mthd Survival Endpt, TSTaHo R/nR Pass/Fail, StatR96hr D magna",Aquatic Toxicity,Aquatic Toxicity
"Acute Mthd Survival Endpt, TSTaHo R/nR Pass/Fail, StatR96hr A bahia",Aquatic Toxicity,Aquatic Toxicity
"Acute Mthd Survival Endpt, TSTaHo R/nR Pass/Fail, StatR96hr H costata",Aquatic Toxicity,Aquatic Toxicity
"Acute Mthd Survival Endpt, TSTaHo R/nR Pass/Fail, StatR96hr H azteca",Aquatic Toxicity,Aquatic Toxicity
"Acute Mthd Survival Endpt, TSTaHo R/nR Pass/Fail, StatR96hr S fontinalis",Metals,Tin
"Acute Mthd Survival Endpt, TSTaHo R/nR Pass/Fail, StatR96hr O mykiss",Aquatic Toxicity,Aquatic Toxicity
"Acute Mthd Survival Endpt, TSTaHo R/nR Pass/Fail, StatR96hr P promelas",Aquatic Toxicity,Aquatic Toxicity
"Acute Mthd Survival Endpt, TSTaHo R/nR Pass/Fail, StatR96hr M beryllina",Aquatic Toxicity,Aquatic Toxicity
"Acute Mthd Survival Endpt, TSTaHo R/nR Pass/Fail, StatR96hr A affinis",Aquatic Toxicity,Aquatic Toxicity
"Chronic Mthd Sublethal Endpt, TSTcHo R/nR Pass/Fail, StatR8dmax C dubia",Aquatic Toxicity,Aquatic Toxicity
"Chronic Mthd Sublethal Endpt, TSTcHo R/nR Pass/Fail, Static72hr S purpuratus",Aquatic Toxicity,Aquatic Toxicity
"Chronic Mthd Sublethal Endpt, TSTcHo R/nR Pass/Fail, Static72hr D excentricus",Aquatic Toxicity,Aquatic Toxicity
"Chronic Mthd Sublethal Endpt, TSTcHo R/nR Pass/Fail, Static48hr C gigas",Other,Fuel
"Chronic Mthd Sublethal Endpt, TSTcHo R/nR Pass/Fail, Static48hr H rufescens",Aquatic Toxicity,Aquatic Toxicity
"Chronic Mthd Sublethal Endpt, TSTcHo R/nR Pass/Fail, Static48hr Mytilus spp",Aquatic Toxicity,Aquatic Toxicity
"Chronic Mthd Sublethal Endpt, TSTcHo R/nR Pass/Fail, Static40min S purpuratus",Aquatic Toxicity,Aquatic Toxicity
"Chronic Mthd Sublethal Endpt, TSTcHo R/nR Pass/Fail, Static40min D excentricus",Aquatic Toxicity,Aquatic Toxicity
"Chronic Mthd Sublethal Endpt, TSTcHo R/nR Pass/Fail, Static80min T gratilla",Aquatic Toxicity,Aquatic Toxicity
"Chronic Mthd Sublethal Endpt Germination, TSTcHo R/nR Pass/Fail, Static48hr M pyrifera",Aquatic Toxicity,Aquatic Toxicity
"Chronic Mthd Sublethal Endpt Germ Tube Length, TSTcHo R/nR Pass/Fail, Static48hr M pyrifera",Aquatic Toxicity,Aquatic Toxicity
"Chronic Mthd Sublethal Endpt, TSTcHo R/nR Pass/Fail, StatR7d A bahia",Aquatic Toxicity,Aquatic Toxicity
"Chronic Mthd Sublethal Endpt, TSTcHo R/nR Pass/Fail, StatR7d H costata",Aquatic Toxicity,Aquatic Toxicity
"Chronic Mthd Sublethal Endpt, TSTcHo R/nR Pass/Fail, StatR7d P promelas",Aquatic Toxicity,Aquatic Toxicity
"Chronic Mthd Sublethal Endpt, TSTcHo R/nR Pass/Fail, StatR7d M beryllina",Aquatic Toxicity,Aquatic Toxicity
"Chronic Mthd Sublethal Endpt, TSTcHo R/nR Pass/Fail, StatR7d A affinis",Aquatic Toxicity,Aquatic Toxicity
"Chronic Mthd Sublethal Endpt, TSTcHo R/nR Pass/Fail, Static96hr R subcapitata",Aquatic Toxicity,Aquatic Toxicity
"Chronic Mthd Sublethal Endpt, %Effect, Median TSTcHo R/nR Pass/Fail, StatR8dmax C dubia",Aquatic Toxicity,Aquatic Toxicity
"Chronic Mthd Sublethal Endpt, %Effect, Median TSTcHo R/nR Pass/Fail, StatR7d A bahia",Aquatic Toxicity,Aquatic Toxicity
"Chronic Mthd Sublethal Endpt, %Effect, Median TSTcHo R/nR Pass/Fail, StatR7d H costata",Aquatic Toxicity,Aquatic Toxicity
"Chronic Mthd Sublethal Endpt, %Effect, Median TSTcHo R/nR Pass/Fail, StatR7d P promelas",Aquatic Toxicity,Aquatic Toxicity
"Chronic Mthd Sublethal Endpt, %Effect, Median TSTcHo R/nR Pass/Fail, StatR7d M beryllina",Aquatic Toxicity,Aquatic Toxicity
"Chronic Mthd Sublethal Endpt, %Effect, Median TSTcHo R/nR Pass/Fail, StatR7d A affinis",Aquatic Toxicity,Aquatic Toxicity
"Acute Mthd Survival Endpt, %Effect, Median TSTaHo R/nR Pass/Fail, StatR96hr C dubia",Aquatic Toxicity,Aquatic Toxicity
"Acute Mthd Survival Endpt, %Effect, Median TSTaHo R/nR Pass/Fail, StatR96hr D magna",Aquatic Toxicity,Aquatic Toxicity
"Acute Mthd Survival Endpt, %Effect, Median TSTaHo R/nR Pass/Fail, StatR96hr D pulex",Aquatic Toxicity,Aquatic Toxicity
"Acute Mthd Survival Endpt, %Effect, Median TSTaHo R/nR Pass/Fail, StatR96hr A bahia",Aquatic Toxicity,Aquatic Toxicity
"Acute Mthd Survival Endpt, %Effect, Median TSTaHo R/nR Pass/Fail, StatR96hr H costata",Aquatic Toxicity,Aquatic Toxicity
"Acute Mthd Survival Endpt, %Effect, Median TSTaHo R/nR Pass/Fail, StatR96hr H azteca",Aquatic Toxicity,Aquatic Toxicity
"Acute Mthd Survival Endpt, %Effect, Median TSTaHo R/nR Pass/Fail, StatR96hr C variegatus",Aquatic Toxicity,Aquatic Toxicity
"Acute Mthd Survival Endpt, %Effect, Median TSTaHo R/nR Pass/Fail, StatR96hr P promelas",Aquatic Toxicity,Aquatic Toxicity
"Acute Mthd Survival Endpt, %Effect, Median TSTaHo R/nR Pass/Fail, StatR96hr C leedsi",Aquatic Toxicity,Aquatic Toxicity
"Acute Mthd Survival Endpt, %Effect, Median TSTaHo R/nR Pass/Fail, StatR96hr O mykiss",Aquatic Toxicity,Aquatic Toxicity
"Acute Mthd Survival Endpt, %Effect, Median TSTaHo R/nR Pass/Fail, StatR96hr M beryllina",Aquatic Toxicity,Aquatic Toxicity
"Acute Mthd Survival Endpt, %Effect, Median TSTaHo R/nR Pass/Fail, StatR96hr A affinis",Aquatic Toxicity,Aquatic Toxicity
Thorium-234 [Radioactivity Concentration],Other,Radiation
Microcystin,Metals,Tin
"Magnesium, total [mEq/l]",Metals,Magnesium
Date Dewatering Began,Other,Other
Process 4 Product Output,Uncategorized,Uncategorized
Process 5 Product Output,Uncategorized,Uncategorized
"Copper, calculated limit",Metals,Copper
Date Discharge Began,Other,Other
"BOD, 120 Day, 20 Degrees C",Organics,COD
Pass/Fail Static 96HR Acute Americamysis bahia,Aquatic Toxicity,Aquatic Toxicity
Specific conductance [umho/cm],Solids,Dissolved Solids
Alkalinity - Acidity [as CaCO3],pH,alkalinity
Annual Certification Statement,pH,pH
% Effect/ Pass/Fail Static 48HR Chronic Macrocystis pyrifera,Aquatic Toxicity,Aquatic Toxicity
% Effect/ Pass/Fail Static 48HR Chronic Haliotis rufescens,Aquatic Toxicity,Aquatic Toxicity
Uranium-234,Metals,Uranium
Quarterly Certification Statement,pH,pH
Plutonium-239 and Plutonium-240 combined,Uncategorized,Uncategorized
Total Toxic Organics [TTO] Non-Use Certification,Toxic Organics,Toxic Organics
"Acute Mthd Survival Endpt, %Effect, Median TSTaHo R/nR Pass/Fail, StatR96hr S fontinalis",Metals,Tin
"Chronic Mthd, Survival Endpt %Effect, Growth Endpt Median TSTcHo R/nR Pass/Fail, StatR7d A bahia",Aquatic Toxicity,Aquatic Toxicity
"Chronic Mthd, Survival Endpt %Effect, Growth Endpt Median TSTcHo R/nR Pass/Fail, StatR7d H costata",Aquatic Toxicity,Aquatic Toxicity
"Chronic Mthd, Survival Endpt %Effect, Growth Endpt Median TSTcHo R/nR Pass/Fail, StatR7d P promelas",Aquatic Toxicity,Aquatic Toxicity
"Chronic Mthd, Survival Endpt %Effect, Growth Endpt Median TSTcHo R/nR Pass/Fail, StatR7d M beryllina",Aquatic Toxicity,Aquatic Toxicity
"Chronic Mthd, Survival Endpt %Effect, Growth Endpt Median TSTcHo R/nR Pass/Fail, StatR7d A affinis",Aquatic Toxicity,Aquatic Toxicity
"Chronic Mthd, Survival Endpt %Effect, Reprod Endpt Median TSTcHo R/nR Pass/Fail, StatR8dmax C dubia",Aquatic Toxicity,Aquatic Toxicity
"Chronic Mthd Growth Endpt, %Effect, Median TSTcHo R/nR Pass/Fail, Static96hr R subcapitata",Aquatic Toxicity,Aquatic Toxicity
"Chronic Mthd Larval Development Endpt, %Effect, Median TSTcHo R/nR Pass/Fail, Static48hr C gigas",Other,Fuel
"Chronic Mthd Larval Development Endpt, %Effect, Median TSTcHo R/nR Pass/Fail, Static48hr H rufescens",Aquatic Toxicity,Aquatic Toxicity
"Chronic Mthd Larval Development Endpt, %Effect, Median TSTcHo R/nR Pass/Fail, Static48hr Mytilus spp",Aquatic Toxicity,Aquatic Toxicity
"Chronic Mthd Fertilization Endpt, %Effect, Median TSTcHo R/nR Pass/Fail, Static40min S purpuratus",Aquatic Toxicity,Aquatic Toxicity
"Chronic Mthd Fertilization Endpt, %Effect, Median TSTcHo R/nR Pass/Fail, Static40min D excentricus",Aquatic Toxicity,Aquatic Toxicity
"Chronic Mthd Germination Endpt, %Effect, Median TSTcHo R/nR Pass/Fail, Static48hr M pyrifera",Aquatic Toxicity,Aquatic Toxicity
"Chronic Mthd Germ Tube Length Endpt, %Effect, Median TSTcHo R/nR Pass/Fail, Static48hr M pyrifera",Aquatic Toxicity,Aquatic Toxicity
Lead-212 [Radioactivity Concentration],Other,Radiation
Number of Consecutive Exceedances,Uncategorized,Uncategorized
Precious Metals Produced,Metals,Other Metals
% Effect Static 96HR Acute Cyprinodeon variegas,Other,Fuel
Oil and grease [Can Production],Other,Fuel
Total PFOA and PFOS,Uncategorized,Uncategorized
"Organics, total toxic [TTO] [Can Production]",Organics,Other Organics
"2,3,5,6-Tetrachlorophenol",Toxic Organics,Toxic Organics
"Tributyltin, total recoverable",Metals,Tin
"SSO, Wet Weather",Uncategorized,Uncategorized
"Alpha, gross adjusted",Other,Other
Diazinon + Chlorpyrifos,Toxic Organics,Toxic Organics
"Release [Sewer], Dry Weather",Uncategorized,Uncategorized
"Release [Sewer], Wet Weather",Uncategorized,Uncategorized
Bypass of Treatment Facility,Other,Other
Miscellaneous Discharge Toxicity [Subsea Discharges] [Mysidopsis bahia],Aquatic Toxicity,Aquatic Toxicity
Miscellaneous Discharge Toxicity [Subsea Discharges] [Menidia beryllina],Aquatic Toxicity,Aquatic Toxicity
LC50 Pass/Fail Static 24Hr Acute Menidia beryllina,Aquatic Toxicity,Aquatic Toxicity
Miscellaneous Discharges [Pipeline Brine] [Oil & Grease],Other,Fuel
%Effect Static 1Hr Chronic Lepomis macrochirus,Aquatic Toxicity,Aquatic Toxicity
Triallyl cyanurate [TAC],Uncategorized,Uncategorized
"Sodium, dissolved [mEq/l]",Solids,Dissolved Solids
Date of Storm Event,Uncategorized,Uncategorized
Radionuclide Index,Other,Radiation
Date of Sample Collection,Uncategorized,Uncategorized
Hours Since Last Storm Event,Uncategorized,Uncategorized
Process 1 Product Output,Uncategorized,Uncategorized
Process 2 Product Output,Uncategorized,Uncategorized
Process 3 Product Output,Uncategorized,Uncategorized
Solids/Floatables,Solids,Suspended Solids
Time Dewatering Began,Other,Other
Time Storm Event Began,Other,Other
Time of Sample Collection,Uncategorized,Uncategorized
% Survival Static 96HR Acute Cyprinodeon variegas,Other,Fuel
Oxygen Injected,Uncategorized,Uncategorized
Aramite,Uncategorized,Uncategorized
Bicarbonate ion- [as HCO3][mEq/L],Toxic Organics,Toxic Organics
Whole Effluent Toxicity  [WET] - D. magna,Aquatic Toxicity,Aquatic Toxicity
Cesium-134,Uncategorized,Uncategorized
Semiannual Certification Statement,pH,pH
Chloroacetaldehyde,Toxic Organics,Toxic Organics
Enterococci - % samples exceeding limit,Pathogens,Pathogens
NOEC Sub-Lethal Static Renewal 7 Day Chronic Menidia beryllina,Toxic Organics,Toxic Organics
Pass/Fail Sub-Lethal Static Renewal 7 Day Chronic Menidia beryllina,Toxic Organics,Toxic Organics
Screen Shutdown/Visual Remote Inspection Fail,Nutrients,Dissolved Oxygen
%Effect Static Renewal 96Hr Acute Oncorhynchus mykiss,Toxic Organics,Toxic Organics
Resin and Fatty Acids,Uncategorized,Uncategorized
Corrosivity,Uncategorized,Uncategorized
"Potassium, dissolved [mEq/l]",Nutrients,Potassium
Dewater Duration,Uncategorized,Uncategorized
"Potassium, total [mEq/l]",Nutrients,Potassium
% Effect Static 96HR Acute Americamysis bahia,Aquatic Toxicity,Aquatic Toxicity
% Effect Static 96HR Acute Lepomis macrochi,Aquatic Toxicity,Aquatic Toxicity
"CSS volume, Percent Captured",Uncategorized,Uncategorized
"Zinc, total [as Zn] [Can Production]",Metals,Zinc
Volume [mass],Uncategorized,Uncategorized
NOEC Lethal Static Renewal 48HR Acute Menidia beryllina,Toxic Organics,Toxic Organics
Pollution Management Plan Certification,pH,pH
River Monitoring Certification,pH,pH
%Effect Static Renewal 7Day Chronic Pimephales promelas,Uncommon,Uncommon
Pass/Fail Static Renewal 96Hr Acute Ceriodaphnia dubia,Uncommon,Uncommon
Pass/Fail Static Renewal 96Hr Acute Americamysis bahia (formerly Mysidopsis bahia),Uncommon,Uncommon
Pass/Fail Static Renewal 7 Day Chronic Ceriodaphnia dubia,Uncommon,Uncommon
Pass/Fail Static Renewal 7Day Chronic Pimephales promelas,Uncommon,Uncommon
%Surv Static Renewal 96Hr Acute Ceriodaphnia dubia,Uncommon,Uncommon
%Srv Static Renewal 48Hr Acute Ceriodaphnia dubia,Uncommon,Uncommon
%Surv Static Renewal 96Hr Oncorhynchus mykiss,Uncommon,Uncommon
%Surv Static Renewal 96Hr Acute Menid beryllina,Uncommon,Uncommon
% Surv Static Renewal 96Hr Acute Atherinops Affns,Uncommon,Uncommon
TU LC50 Static Renewal 96Hr Acute Pimephales promelas,Uncommon,Uncommon
TU Static 96Hr Acute Oncorhynchus mykiss,Uncommon,Uncommon
TU Static 96Hr Acute Medinia beryllina,Uncommon,Uncommon
Toxic Units Static Renewal 96Hr Acute Ceriodaphnia dubia,Uncommon,Uncommon
TU Static Renewal 96Hr Acute Americamysis bahia (formerly Mysidopsis bahia),Uncommon,Uncommon
TU Static Renewal 96HR Acute Holmesimysis costata,Uncommon,Uncommon
TU Static Renewal 96HR Acute Americamysis bahia (formerly Mysidopsis bahia),Uncommon,Uncommon
TU 96Hr Acute Cyprinodon variegatus,Uncommon,Uncommon
TU Static Renewal 96Hr Acute Pimphales promelas,Uncommon,Uncommon
TU Static Renewal 96Hr Acute Oncorhynchus Mykiss,Uncommon,Uncommon
TU Static Renewal 96Hr Acute Menidia beryllina,Uncommon,Uncommon
Toxic Units Static Renewal 96Hr Acute Atherinops Affinis,Uncommon,Uncommon
TU Flow Thru 96 Hr Acute Menidia beryllina,Uncommon,Uncommon
TU Static 4 Day Chronic Raphidocelis subcapitata (formerly Selenastrum capricornutum),Uncommon,Uncommon
TU Static 7Day Chronic Ceriodaphnia dubia,Uncommon,Uncommon
TU Static 72Hr Chronic Strongyl. purpuratus,Uncommon,Uncommon
Static 72Hr Chronic Dendraster excentricus,Uncommon,Uncommon
TU Static 48Hr Chronic Macrocystis pyrifera,Uncommon,Uncommon
TU Static 48Hr Chronic Crassostrea gigas,Uncommon,Uncommon
TU Static 48Hr Chronic Haliotis rufescens,Uncommon,Uncommon
TU Static Renewal 7-Day Chronic Ceriodaphnia dubia,Uncommon,Uncommon
TU Static Renewal 7-Day Chronic Holmesimysis costata,Uncommon,Uncommon
TU Static Renewal 7-Day Chronic Americamysis bahia (formerly Mysidopsis bahia),Uncommon,Uncommon
TU Static Renewal 7-Day Chronic Pimphales promelas,Uncommon,Uncommon
TU Static Renewal 7-Day Chronic Menidia beryllina,Uncommon,Uncommon
Toxic Units Static Renewal 7-Day Chronic Atherinops affinis,Uncommon,Uncommon
TU Static 20Min Chronic Strongyl. purpuratus,Uncommon,Uncommon
Static 20Min Chronic Dendraster excentricus,Uncommon,Uncommon
% Survival Static Renewal 96HR Acute Cyprinodeon variegatus,Uncommon,Uncommon
TU Static 96Hr Acute Americamysis bahia (formerly Mysidopsis bahia),Uncommon,Uncommon
TU Static 96Hr Acute Cyprinodon variegatus,Uncommon,Uncommon
TU Static Renewal Chronic Cyprinodeon variegatus,Uncommon,Uncommon
"Chronic Mthd Larval Development Endpt, %Effect, Median TSTcHo R/nR Pass/Fail, Stat72hr S purpuratus",Uncommon,Uncommon
"Chronic Mthd Larval Development Endpt, %Effect, Median TSTcHo R/nR Pass/Fail, Stat72hr D excentricus",Uncommon,Uncommon
%Surv Static Renewal 96Hr Acute Mysidopsis bahia,Uncommon,Uncommon
TU Static 7Day Chronic Menidia beryllina,Uncommon,Uncommon
BDE 47,Uncommon,Uncommon
BDE 99,Uncommon,Uncommon
BDE 100,Uncommon,Uncommon
BDE 183,Uncommon,Uncommon
PER-AND POLYFLUOROALKYL SUBSTANCES,Uncommon,Uncommon
PFAS Sum,Uncommon,Uncommon
Pass/Fail Static Renewal 7 Day Chronic Americamysis bahia (formerly Mysidopsis bahia),Uncommon,Uncommon
