PARAMETER_CODE,PARAMETER_DESC,POLLUTANT_CODE,STATUS_FLAG,UNIT_GROUP_CODE,PERCENT_REMOVAL_FLAG,PERCENT_EXCEEDENCE_FLAG,SNC_FLAG,IR_PARAMETER_DESC,PARENT_CATEGORY,SUB_CATEGORY,PARAMETER_CODE_CLEAN
4241,"Produced water, gross alpha radiation",10804,A,9,,Y,,,,,4241
4242,"Produced water, gross beta radiation",10969,A,9,,Y,,,,,4242
4243,"Produced water, toxicity",12133,A,55,,N,,,,,4243
4244,"Produced water, Radium 226, total",10430,A,9,,Y,,,,,4244
4245,"Produced water, Radium 228, total",10431,A,9,,Y,,,,,4245
4249,Produced water toxicity 7 day noec,12129,A,59,,Y,,,,,4249
4250,Bioaccumulation testing performed,10973,A,55,,N,,,,,4250
4252,"Butyl, 5-benzotriazole, total",10700,A,59,,Y,,,,,4252
4262,"Chromium, trivalent total recoverable",10215,A,59,,Y,,"Chromium, trivalent total recoverable",Uncommon,Uncommon,4262
4270,"Chronic toxicity, daphnia magnia 21 dy",4245,A,16,,Y,,,,,4270
4278,"Seafood production, effluent # day/mo",12203,A,134,,Y,,,,,4278
4279,"RCRA/CERCLA substances, 40 CFR 261 subp c",12171,A,59,,Y,,,,,4279
4280,"Bisazer, total, water, ug/L",10981,A,59,,Y,,,,,4280
4310,Dicrotophos,12057,A,59,,Y,,,,,4310
4311,"Drilling fluid, end of well, 96-hr LC50",11221,A,59,,Y,,,,,4311
4312,"Drilling fluid, toxicity",11226,A,59,,Y,,,,,4312
4370,"Sum BOD and ammonia, water",12293,A,59,,Y,1.0,,,,4370
4379,"Well fluids, oil & grease",10364,A,59,,Y,,,,,4379
4382,"1,2-Dichloro-1,2-difluoroethane",11259,A,59,,Y,,,,,4382
4383,Thermal efficiency,12398,A,16,,Y,,,,,4383
4443,Diquat,11198,A,59,,Y,,Diquat,Uncommon,Uncommon,4443
4584,"Organics, gasoline range",11345,A,59,,Y,2.0,,,,4584
5501,"Gamma, total",11341,A,9,,Y,,,,,5501
5502,"Gamma, total counting error",11341,A,9,,Y,,,,,5502
7000,"Tritium, total",12446,I,9,,Y,,"Tritium, total",Other,Radiation,7000
7000,"Tritium, total",12446,I,9,,Y,,"Tritium, total",Other,Radiation,7000
7001,"Tritium, total counting error [pc/L]",12447,A,9,,Y,,,,,7001
7020,"Tritium, total net increase H-3 units",12448,A,9,,Y,,,,,7020
9501,"Radium 226, total",10430,A,112,,Y,,,,,9501
9503,"Radium 226, dissolved",10430,A,112,,Y,2.0,,,,9503
11123,"Manganese, total recoverable",2423,A,59,,Y,1.0,"Manganese, total recoverable",Uncommon,Uncommon,11123
11500,"Radium 226 & 228, dissolved",12175,A,9,,Y,,,,,11500
11501,"Radium 228, total",10431,A,112,,Y,2.0,,,,11501
11503,"Radium 226 + radium 228, total",12175,A,112,,Y,2.0,"Radium 226 + radium 228, total",Other,Radiation,11503
13501,"Strontium 90, total",12285,A,9,,Y,,"Strontium 90, total",Other,Radiation,13501
17501,"Lead 210, total",11641,A,58,,Y,2.0,,,,17501
18501,Iodine 129,11426,A,9,,Y,,,,,18501
19500,Total polonium,12103,A,59,,Y,2.0,,,,19500
19501,Polonium 210,12104,A,58,,Y,2.0,,,,19501
20501,"Radium 223, total",12173,A,112,,Y,,,,,20501
22100,"Technetium 99, total [14]",12368,A,9,,Y,,,,,22100
22405,"Aluminum chloride, dissolved, water",10093,A,59,,Y,1.0,,,,22405
22409,Octachlorostyrene,10934,A,59,,Y,,,,,22409
22410,"Tris[2,3-dibromo- propyl] phosphate",10691,A,59,,Y,,,,,22410
22414,Whole effluent toxicity,4677,A,181,,Y,,,,,22414
22415,Whole effluent toxicity - retest #1,4677,A,55,,N,,,,,22415
22416,Whole effluent toxicity - retest #2,4677,A,55,,N,,,,,22416
22417,Methyl tert-butyl ether [MTBE],10418,A,59,N,Y,2.0,Methyl tert-butyl ether [MTBE],Toxic Organics,Toxic Organics,22417
22418,"WET, sublethal retest #1",12509,A,55,,N,,,,,22418
22419,"WET, sublethal retest #2",12509,A,55,,N,,,,,22419
22454,Methoxypropylamine,10027,A,59,,Y,2.0,,,,22454
22456,Polynuclear Aromatic Hydrocarbons [PAHs],10100,A,59,N,Y,2.0,Polynuclear Aromatic Hydrocarbons [PAHs],Toxic Organics,Toxic Organics,22456
22501,Thorium [Thorium-232],4082,A,9,,Y,,,,,22501
22601,"Uranium 238, total",6439,A,9,,Y,,"Uranium 238, total",Uncommon,Uncommon,22601
22622,"Uranium 235, total",12460,A,9,,Y,,,,,22622
22680,"Arsenic, trivalent dissolved",10833,A,59,,Y,,,,,22680
22703,"Uranium, dissolved",6439,A,59,,Y,2.0,,,,22703
22706,"Uranium, total as U3O8",320002281,A,59,,Y,2.0,,,,22706
22708,"Uranium, total",6439,A,59,,Y,2.0,,,,22708
24501,"Radium 224, total",12174,A,112,,Y,,,,,24501
25501,Actinium 227,10793,A,9,,Y,,,,,25501
26501,Thorium 230,12407,A,9,,Y,,,,,26501
26631,Thorium 232 pci/g of dry solids,4082,A,36,,Y,2.0,,,,26631
28012,"Uranium, total [in pci/L]",6439,A,9,,Y,,"Uranium, total [in pci/L]",Metals,Uranium,28012
28801,"Cerium, total",11067,A,59,,Y,2.0,"Cerium, total",Uncommon,Uncommon,28801
29404,"Chromium, trivalent in bottom deposits",10215,A,59,,Y,2.0,,,,29404
29405,"Chromium, hexavalent in bot dep [dry wt]",10214,A,59,,Y,2.0,,,,29405
29620,"Phosphorous 32, total",12092,A,59,,Y,1.0,,,,29620
30004,Fensulfothion,12081,A,59,,Y,,,,,30004
30006,Fenthion,12086,A,59,,Y,,,,,30006
30009,Merphos,12091,A,59,,Y,,,,,30009
30056,Benzyl chloride,10124,A,59,,Y,2.0,,,,30056
30190,Dichloroprop,10421,A,59,,Y,,,,,30190
30191,Dinoseb,12016,A,59,,Y,2.0,Dinoseb,Uncommon,Uncommon,30191
30192,MCPA,10784,A,59,,Y,,,,,30192
30193,MCPP,12159,A,59,,Y,,,,,30193
30218,Dichlorvos,12053,A,59,,Y,,Dichlorvos,Toxic Organics,Toxic Organics,30218
30234,Terbacil,10038,A,59,,Y,2.0,,,,30234
30264,Hexazinone,10646,A,59,,Y,2.0,,,,30264
30311,Bromacil,10037,A,59,,Y,2.0,,,,30311
30344,"1,2,3,7,8-Pentachlorodibenzo-p-dioxin",11168,A,59,,Y,2.0,"1,2,3,7,8-Pentachlorodibenzo-p-dioxin",Uncommon,Uncommon,30344
30345,"1,2,3,4,7,8-Hexachlorodibenzo-p-dioxin",11166,A,59,,Y,2.0,"1,2,3,4,7,8-Hexachlorodibenzo-p-dioxin",Uncommon,Uncommon,30345
30346,"1,2,3,6,7,8-Hexachlorodibenzo-p-dioxin",11167,A,59,,Y,2.0,"1,2,3,6,7,8-Hexachlorodibenzo-p-dioxin",Uncommon,Uncommon,30346
34636,4-Bromophenyl phenyl ether,10911,A,59,,Y,2.0,4-Bromophenyl phenyl ether,Uncommon,Uncommon,34636
51188,Dewatering effluent chlorides tidal,11159,A,59,,Y,,,,,51188
51189,Dewatering effluent COD,11156,A,59,,Y,,,,,51189
51190,Dewatering effluent free oil,11160,A,42,,Y,,,,,51190
51191,Dewatering effluent oil & grease,10364,A,59,,Y,,,,,51191
51192,Dewatering effluent pH,11162,A,7,,N,,,,,51192
51193,Dewatering effluent TDS,11157,A,22,,Y,,,,,51193
51194,Dewatering effluent TSS,11158,A,59,,Y,,,,,51194
51195,"Flow, as a portion of stream flow",11309,A,66,,Y,,,,,51195
51196,Acetonitrile,278,A,59,,Y,,,,,51196
51197,Total Organic Carbon % Removal,11907,A,59,Y,Y,2.0,Total Organic Carbon % Removal,Organics,Other Organics,51197
51198,"Oil & grease, non-polar material",11900,A,59,,Y,1.0,,,,51198
51199,"Flow, return factor",11323,A,90,,Y,,,,,51199
51200,Endothall,10762,A,59,,Y,,Endothall,Uncommon,Uncommon,51200
51201,Color,11106,A,103,,Y,,Color,Color and Turbidity,Color,51201
51202,Sulfide-hydrogen sulfide [undissociated],12286,A,59,,Y,,,,,51202
51310,2-Chlorobenzene,10151,A,59,,Y,,,,,51310
51315,Di[2-ethylhexyl] phthalate [DEHP],10005,I,59,,Y,,Di[2-ethylhexyl] phthalate [DEHP],Toxic Organics,Toxic Organics,51315
51320,Octylphenol,12040,A,59,,Y,,,,,51320
51340,p-Phenolsulfonic acid,10953,A,59,,Y,,,,,51340
51360,m-Benzenedisulfonic acid,10658,A,59,,Y,,,,,51360
51370,Area of disposal-used,10828,A,146,,Y,,,,,51370
51380,Bicarbonate as [CaCO3],10800,A,59,,Y,,Bicarbonate as [CaCO3],Uncommon,Uncommon,51380
51381,Thionazin,12082,A,59,,Y,,,,,51381
51382,Leptophos,12047,A,59,,Y,,,,,51382
51383,Fenitrothion,12085,A,59,,Y,,,,,51383
51384,Aspon,12405,A,59,,Y,,,,,51384
51385,Monocrotophos,12059,A,59,,Y,,,,,51385
51386,Dichlofenthion,12087,A,59,,Y,,,,,51386
51400,DMR submitted,11199,A,148,,N,,,,,51400
51401,"Zinc, percent removal",6352,A,16,Y,Y,2.0,,,,51401
51402,"Copper, percent removal",1165,A,16,Y,Y,2.0,,,,51402
51403,"Cadmium, percent removal",776,A,16,Y,Y,2.0,,,,51403
51404,"Solids, total suspd. non-volatile",12249,A,59,,Y,1.0,,,,51404
51405,Excess thermal load,11291,A,72,,Y,,,,,51405
51406,Carbonate ion [as CaCO3],11058,A,59,,Y,2.0,Carbonate ion [as CaCO3],Uncommon,Uncommon,51406
51407,Rainfall events,12177,A,140,,Y,,,,,51407
51500,"Flow, total",11324,A,123,N,Y,,"Flow, total",Uncommon,Uncommon,51500
52000,Azide,10835,A,59,,Y,2.0,,,,52000
52010,Ethoxyquin,12170,A,59,,Y,2.0,,,,52010
52020,Freeboard,11335,A,105,,Y,,,,,52020
52030,Furans,10293,A,59,,Y,2.0,,,,52030
52040,"Halogens, total combined",11378,A,59,,Y,2.0,,,,52040
52050,Infiltration capacity,11421,A,97,,Y,,,,,52050
52060,Mix ratio,11683,A,42,,Y,,,,,52060
52070,Moisture content,11685,A,16,,Y,,,,,52070
52080,Number of operating tubes,11903,A,45,,Y,,,,,52080
52090,Octachlorodibenzo-p-dioxin,11163,A,59,,Y,2.0,,,,52090
52100,Octachlorodibenzofuran,11185,A,59,,Y,2.0,,,,52100
52110,Oil & grease [polar],11899,A,59,,Y,1.0,,,,52110
52120,"Organics, total halogens [TOX]",11908,A,59,,Y,2.0,,,,52120
52130,"Pentachlorophenol, removal efficiency",10396,A,16,Y,Y,1.0,,,,52130
52140,"Pressure, casing",12120,A,17,,Y,,,,,52140
52150,Rovral,10680,A,59,,Y,2.0,,,,52150
52170,"Solids, total suspended, loading rate",12254,A,109,,Y,1.0,,,,52170
52190,"Solids, total dissolved [inorganic]",12245,A,59,,Y,1.0,,,,52190
52200,SOPP,12517,A,59,,Y,2.0,,,,52200
52210,"SOPP, loading rate",12517,A,109,,Y,2.0,,,,52210
52220,Tebuconazole,10696,A,59,,Y,2.0,,,,52220
52230,Technetium-99,12368,A,9,,Y,,,,,52230
52240,"Temperature, background",6128,A,2,,Y,,,,,52240
52250,Tetramethyl ammonium hydroxide,11658,A,59,,Y,2.0,,,,52250
52260,Thiabendazole,10698,A,59,,Y,2.0,,,,52260
52270,Thiobendazole,10698,A,59,,Y,2.0,,,,52270
52280,Topsin,11044,A,59,,Y,2.0,,,,52280
52290,Total Petroleum Hydrocarbons - Diesel,12428,A,59,N,Y,1.0,,,,52290
52300,Total Petroleum Hydrocarbons - Gasoline,10485,A,59,N,Y,1.0,,,,52300
52310,Total water accumulations,12431,A,32,,Y,,,,,52310
52320,Total water irrigated,2220,A,95,,Y,,,,,52320
52330,"Turbidity, background",6638,A,30,,N,,,,,52330
52340,"Turbidity, change",12450,A,30,,N,,,,,52340
52350,"Turbidity, increase over background",12452,A,30,,N,,,,,52350
52360,Volume of injected wastewater,12497,A,41,,Y,,,,,52360
52370,Volume,12484,A,65,,Y,,,,,52370
52380,"Volume, daily",12483,A,68,,Y,,,,,52380
52390,Water usage,12504,A,65,,Y,,,,,52390
60050,"Algae, total [cells/mL]",4819,A,22,,Y,,,,,60050
61022,"3,4,6-Trichloroguaiacol, total",12022,A,59,,Y,,,,,61022
61023,"2,4,5-Trichlorophenol",10380,A,59,,Y,,,,,61023
61024,"3,4,5-Trichloroguaiacol",12021,A,59,,Y,,,,,61024
61025,"3,4,6-Trichlorocatechol",10635,I,59,,Y,,,,,61025
61026,"2,3,4,5-Tetrachlorophenol",12002,A,59,,Y,,,,,61026
61162,"1,1-Dichloroethene",10278,A,59,,Y,2.0,,,,61162
61163,"Propylene glycol, total",10639,A,59,,Y,2.0,,,,61163
61164,"Protein, crop crude %",12160,A,16,,Y,,,,,61164
61165,Crop yield,11118,A,100,,Y,,,,,61165
1345,"Debris, floating [severity]",11304,A,55,,N,,,,,1345
49876,Terramycin [1 hour application],10726,A,35,,Y,,,,,49876
51101,Morpholine,11689,A,59,,Y,,,,,51101
51103,"Bromacil, lithium",10713,A,59,,Y,2.0,,,,51103
51104,Bromoxynil octanoate,11894,A,59,,Y,2.0,,,,51104
51106,Dazomet,10739,A,59,,Y,2.0,,,,51106
51107,Nabonate,11050,A,59,,Y,2.0,,,,51107
51108,TCMTB,12401,A,59,,Y,2.0,,,,51108
51109,Industrial contribution % of influent,11419,A,16,,Y,,,,,51109
51110,"Potassium, total [K2O], [water]",12110,A,59,,Y,,,,,51110
51111,Chlorinated paraffin in sludge,11084,A,59,,Y,,,,,51111
51112,"Surface area, square feet",12294,A,54,,Y,,,,,51112
51114,"Stock base fluid, PAH",12274,A,15,,Y,,,,,51114
51115,"Stock base fluid, sediment toxicity",12276,A,15,,Y,,,,,51115
51116,"Stock base fluid, biodegredation rate",12275,A,15,,Y,,,,,51116
51117,"Discharge drill cuttings, sediment toxicity",11202,A,15,,Y,,,,,51117
51118,"Discharge drill cuttings, formation oil",11201,A,55,,N,,,,,51118
51119,"Discharge drill cuttings, formation oil cert",11201,A,55,,N,,,,,51119
51120,"Discharge drill cuttings, base fluids retained",11200,A,151,,Y,,,,,51120
51121,"Seabed survey, industry wide",12202,A,55,,N,,,,,51121
51122,"Seabed survey, 1st suvey w/i 2 wks",12202,A,55,,N,,,,,51122
51123,"Seabed survey, 2ndsuvey w/i 1 yr",12202,A,55,,N,,,,,51123
51124,"Application rate, daily spray irrigation.",10824,A,142,,Y,,,,,51124
51125,"Application rate, weekly spray irrigation.",10824,A,142,,Y,,,,,51125
51126,"Application rate, rate/area sprayed",10824,A,142,,Y,,,,,51126
51127,Priority pollutant chemical specific,12121,A,55,,N,,,,,51127
51128,"Application rate, gallons spray irrigation",10824,A,121,,Y,,,,,51128
51129,Biosolids weight indluding admixtures,661,A,40,,Y,,,,,51129
51130,"Viable helminth ova, sludge, dry weight",11387,A,99,,Y,,,,,51130
51131,"Fecal coliform in sludge, CFU/gram",10287,A,44,,Y,,,,,51131
51132,Cyanuric acid,10647,A,59,,Y,,,,,51132
51133,Blend ratio,10984,A,86,,Y,,,,,51133
51134,Ametryn,10654,A,59,,Y,2.0,,,,51134
51135,Benomyl and carbendazim,10870,A,59,,Y,2.0,,,,51135
51136,Bromoxynil,10966,A,59,,Y,2.0,,,,51136
51137,Busan 40,11048,A,59,,Y,2.0,,,,51137
51138,Busan 85,10188,A,59,,Y,2.0,,,,51138
51139,Chloroneb,10910,A,59,,Y,2.0,,,,51139
51140,Chlorothalonil,10656,A,59,,Y,2.0,,,,51140
51141,DCPA,10023,A,59,,Y,2.0,,,,51141
51142,DEF,12090,A,59,,Y,2.0,,,,51142
51143,Dioxathion,12072,A,59,,Y,2.0,,,,51143
51144,Endothall salts & esters,10763,A,59,,Y,2.0,,,,51144
51145,Fenarimol,10753,A,59,,Y,2.0,,,,51145
51146,Fenvalerate,10941,A,59,,Y,2.0,,,,51146
51147,KN methyl,11052,A,59,,Y,2.0,,,,51147
51148,Linuron,12464,A,59,,Y,2.0,Linuron,Toxic Organics,Toxic Organics,51148
51149,"Methamidophos, organic pesticide",12050,A,59,,Y,2.0,,,,51149
51150,"Nabam, organic pesticide",11049,A,59,,Y,2.0,,,,51150
51151,Norflurazon,10742,A,59,,Y,2.0,,,,51151
51152,Pentachloronitrobenzene [PCNB],10935,A,59,,Y,2.0,,,,51152
51153,Pendimethalin,10887,A,59,,Y,2.0,,,,51153
51154,Phosmet,12074,A,59,,Y,2.0,,,,51154
51155,Prometon,10651,A,59,,Y,2.0,,,,51155
51156,Prometryn,10652,A,59,,Y,2.0,Prometryn,Toxic Organics,Toxic Organics,51156
51157,Pronamide,10873,A,59,,Y,2.0,,,,51157
51158,Propachlor,10774,A,59,,Y,2.0,,,,51158
51159,Propazine,10648,A,59,,Y,2.0,,,,51159
51160,Tebuthiuron,12470,A,59,,Y,2.0,,,,51160
51161,Terbuthylazine,10650,A,59,,Y,2.0,,,,51161
51162,"Terbutryn, organic pesticide",10653,A,59,,Y,2.0,,,,51162
51163,"Triadimefon, organic pesticide",10718,A,59,,Y,2.0,,,,51163
51164,"Ziram, organic pesticide",12516,A,59,,Y,2.0,,,,51164
51165,"SAS - 305, total",10901,A,59,,Y,,,,,51165
51166,"SAS - 305, total in sludge",10901,A,59,,Y,,,,,51166
51167,Operation of turbines,11904,A,148,,N,,,,,51167
51168,Priority pollutants scan [yes/no],12122,A,156,,N,,,,,51168
51169,Hematite Production,11388,A,148,,N,,,,,51169
51170,Filter backwash discharges per day,11297,A,140,,Y,,,,,51170
51171,Water softener backwash,12501,A,126,,Y,,,,,51171
51172,Water backwash,12498,A,135,,Y,,,,,51172
51173,"Cyanide, free available",5123,A,59,,Y,2.0,"Cyanide, free available",Inorganics,Toxic Inorganics,51173
51174,Di[2-ethylhexyl] adipate,11395,A,59,,Y,,Di[2-ethylhexyl] adipate,Uncommon,Uncommon,51174
51175,2-Ethylhexanol,10679,A,59,,Y,,,,,51175
51176,Surfynol 104E,10752,A,59,,Y,,,,,51176
51177,Betzdearborn DG5671,10971,A,59,,Y,,,,,51177
51178,Nonyl phenoxypoly ethanol,11888,A,59,,Y,,,,,51178
51179,Polyethylene glycol,10410,A,59,,Y,,,,,51179
51180,"O,O-Diethyl S-methyl dithiophosphate",12067,A,59,,Y,,,,,51180
51181,Glycol mix applied,1939,A,64,,Y,,,,,51181
51182,Production divided by days operated mo.,12134,A,57,,Y,,,,,51182
51183,Ethyl mercaptan,10268,A,59,,Y,,,,,51183
51184,Acetophene,10959,A,59,,Y,,,,,51184
51185,"Produced water, TDS",12130,A,59,,Y,,,,,51185
51186,"Oxygen demand, nitrogenous, ultimate",11924,A,59,,Y,1.0,,,,51186
51187,"Free oil, dewatering effluent",11334,A,42,,Y,,,,,51187
30347,"1,2,3,7,8,9-Hexachlorodibenzo-p-dioxin",11164,A,59,,Y,2.0,"1,2,3,7,8,9-Hexachlorodibenzo-p-dioxin",Uncommon,Uncommon,30347
30350,"1,2,3,7,8-Pentachlorodibenzofuran",11178,A,59,,Y,2.0,"1,2,3,7,8-Pentachlorodibenzofuran",Uncommon,Uncommon,30350
30351,"2,3,4,7,8-Pentachlorodibenzofuran",11180,A,59,,Y,2.0,"2,3,4,7,8-Pentachlorodibenzofuran",Uncommon,Uncommon,30351
30352,"1,2,3,4,7,8-Hexachlorodibenzofuran",11175,A,59,,Y,2.0,"1,2,3,4,7,8-Hexachlorodibenzofuran",Uncommon,Uncommon,30352
30353,"1,2,3,6,7,8-Hexachlorodibenzofuran",11176,A,59,,Y,2.0,"1,2,3,6,7,8-Hexachlorodibenzofuran",Uncommon,Uncommon,30353
30354,"1,2,3,7,8,9-Hexachlorodibenzofuran",11177,A,59,,Y,2.0,"1,2,3,7,8,9-Hexachlorodibenzofuran",Uncommon,Uncommon,30354
30355,"2,3,4,6,7,8-Hexachlorodibenzofuran",11179,A,59,,Y,2.0,"2,3,4,6,7,8-Hexachlorodibenzofuran",Uncommon,Uncommon,30355
30356,"1,2,3,4,6,7,8-Heptachlorodibenzofuran",11173,A,59,,Y,2.0,"1,2,3,4,6,7,8-Heptachlorodibenzofuran",Uncommon,Uncommon,30356
30357,"1,2,3,4,7,8,9-Heptachlorodibenzofuran",11174,A,59,,Y,2.0,"1,2,3,4,7,8,9-Heptachlorodibenzofuran",Uncommon,Uncommon,30357
30358,"1,2,3,4,6,7,8-Heptachlorodibenzo-p-dioxin",11165,A,59,,Y,2.0,"1,2,3,4,6,7,8-Heptachlorodibenzo-p-dioxin",Uncommon,Uncommon,30358
30362,"2,3,7,8-TCDF, sed.",11181,A,59,,Y,2.0,,,,30362
30383,"Benzene, ethylbenzene, toluene, xylene combination",10926,A,59,,Y,2.0,,,,30383
30391,"Chlorosyringaldehyde, effluent",10872,A,59,,Y,2.0,,,,30391
30500,"Coliform, fecal - % samples exceeding limit",10287,A,16,,Y,,"Coliform, fecal - % samples exceeding limit",Toxic Organics,Toxic Organics,30500
31501,"Coliform, total MF, immed, m-endo med 35 C",4146,A,22,,Y,,,,,31501
31502,"Coliform, total 10/mL",4146,A,22,,Y,,,,,31502
31503,"Coliform, total MF, delayed, m-endo med",4146,A,22,,Y,,,,,31503
31504,"Coliform, total MF, immed, les endo agar",4146,A,22,,Y,,,,,31504
31505,"Coliform, tot, MPN, completed, [100 mL]",4146,A,22,,Y,,,,,31505
31612,"Coliform, fecal 10/mL",10287,A,22,,Y,,,,,31612
31613,"Coliform, fecal MF, MFC agar, 44.5 C, 24hr",10287,A,22,,Y,,,,,31613
31615,"Fecal coliform, MPN, EC med, 44.5 C",10287,A,22,,Y,,,,,31615
31616,"Coliform, fecal MF, MFC broth, 44.5 C",10287,A,22,,Y,,,,,31616
31625,"Coliform, fecal MF, MFC, 0.7um",10287,A,22,,Y,,,,,31625
31633,"E. coli, thermotol, MF, MTEC",10251,A,22,,Y,,,,,31633
31639,"Enterococci: group D, MF trans, M-E, EIA",11237,A,22,,Y,,,,,31639
31641,Fecal coliform,10287,A,99,,Y,,,,,31641
31648,"E. coli, MTEC-MF",10251,A,22,,Y,,,,,31648
31662,"Phosphate, tot. bottom sed., dry wt.",5878,A,59,,Y,,,,,31662
31663,"Halogens, tot organics bottom sediment",1976,A,59,,Y,2.0,,,,31663
31666,"Hydrocarbon, total recoverable",11402,A,59,,Y,2.0,,,,31666
31667,"Oil petroleum, total recoverable",3256,A,59,N,Y,1.0,,,,31667
31671,"Streptococci, fecal plate count KF agar",11293,A,22,,Y,,,,,31671
31673,"Streptococci, fecal MF, KF agar, 35C, 48hr",11293,A,22,,Y,,,,,31673
31674,"Streptococci, fecal 10/mL",11293,A,22,,Y,,,,,31674
31675,"Streptococci, fecal MPN, KF broth 35 C",11293,A,22,,Y,,,,,31675
31679,"Fecal streptococci, MF m-enterococcus ag",11293,A,22,,Y,,,,,31679
31751,"Plate count, total 35 deg. C, 24 hour",12098,A,22,,Y,,,,,31751
31760,Klebsiella species,11431,A,22,,Y,,,,,31760
32005,"Carbon, chloroform extractables",6656,A,59,,Y,2.0,,,,32005
32015,Base/neutral compounds,10869,A,59,,Y,2.0,,,,32015
32016,"Fluoride, complex",1822,A,59,,Y,2.0,,,,32016
32017,Sodium chloride [salt],10447,A,59,,Y,1.0,,,,32017
32018,"Fluoride, free",1822,A,59,,Y,1.0,,,,32018
32019,Cyanide and thiocyanate - total,11121,A,59,,Y,2.0,,,,32019
32020,Acid compounds,10789,A,59,,Y,2.0,,,,32020
32021,"Carbon, chloroform extracts, ether insoluble",6656,A,59,,Y,2.0,,,,32021
32101,Dichlorobromomethane,11660,A,59,,Y,2.0,Dichlorobromomethane,Toxic Organics,Toxic Organics,32101
32102,Carbon tetrachloride,10344,A,59,,Y,2.0,Carbon tetrachloride,Toxic Organics,Toxic Organics,32102
32103,"1,2-Dichloroethane",10262,A,59,,Y,2.0,"1,2-Dichloroethane",Toxic Organics,Toxic Organics,32103
32104,Bromoform,11673,A,59,,Y,2.0,Bromoform,Toxic Organics,Toxic Organics,32104
32105,Dibromochloromethane,11664,A,59,,Y,2.0,Dibromochloromethane,Toxic Organics,Toxic Organics,32105
32106,Chloroform,10345,A,59,,Y,2.0,Chloroform,Toxic Organics,Toxic Organics,32106
32209,"Chlorophyll A, corrected",11650,A,59,,Y,,,,,32209
32218,Pheophytin,10745,A,59,,Y,,,,,32218
32230,Chlorophyll A,11650,A,59,,Y,,Chlorophyll A,Uncommon,Uncommon,32230
32231,Chlorophyll B,11649,A,59,,Y,,,,,32231
32232,Chlorophyll C,11097,A,59,,Y,,,,,32232
32240,Tannin and lignin,12364,A,59,,Y,2.0,,,,32240
32250,"Oil, petroleum ether extractables",10364,A,59,N,Y,1.0,,,,32250
32251,Benzofuran,10957,A,59,,Y,2.0,,,,32251
32252,Acrylic polymer in drilling fluids,10734,A,59,,Y,,,,,32252
32253,"Aluminum stearate, wat sol in drill fl",11892,A,59,,Y,,,,,32253
32254,"Cellulose polymer, in drilling fluids",11065,A,59,,Y,,,,,32254
32255,DOS-3 in drilling fluids,11136,A,59,,Y,,,,,32255
32256,Imco Lube 106 in drilling fluids,11412,A,59,,Y,,,,,32256
32257,Imco Lubrikleen in drilling fluids,11413,A,59,,Y,,,,,32257
32258,Imco phos in drilling fluids,11416,A,59,,Y,,,,,32258
32259,Kwik Seal in drilling fluids,11432,A,59,,Y,,,,,32259
32261,Starch in drilling fluids,12270,A,59,,Y,,,,,32261
32262,XC Polymer in drilling fluids,12513,A,59,,Y,2.0,,,,32262
32270,"Chloroform extractables, total",11096,A,59,,Y,2.0,,,,32270
32730,"Phenolics, total recoverable",10397,A,59,,Y,2.0,,,,32730
32731,Phenolics in bottom deposits [dry wgt],10397,A,59,,Y,2.0,,,,32731
34010,Toluene,10161,A,59,,Y,2.0,Toluene,Toxic Organics,Toxic Organics,34010
34011,Halogenated toluene,10930,A,59,,Y,2.0,,,,34011
34030,Benzene,603,A,59,,Y,2.0,Benzene,Toxic Organics,Toxic Organics,34030
34031,Monochlorobenzenes,10151,A,59,,Y,2.0,Monochlorobenzenes,Uncommon,Uncommon,34031
4240,Acetochlor,10076,A,59,,Y,,,,,4240
49877,"Chloramine, total",11079,A,35,,Y,,,,,49877
1350,Turbidity [severity],12449,A,133,,Y,,,,,1350
1351,Stream flow [severity],12278,A,50,,Y,,,,,1351
1352,Discharge flow as % of stream flow,11204,A,87,,Y,,Discharge flow as % of stream flow,Uncommon,Uncommon,1352
1355,"Ice cover, floating or solid [severity]",11417,A,132,,Y,,,,,1355
1501,"Alpha, total",10804,A,9,,Y,,,,,1501
1502,"Alpha, total, counting error",10805,A,9,,Y,,,,,1502
1503,"Alpha, dissolved",10804,A,9,,Y,,,,,1503
1505,"Alpha, suspended",10804,A,9,,Y,,,,,1505
1523,"Silver, ionic",12212,A,59,,Y,2.0,,,,1523
3501,"Beta, total",10969,A,9,,Y,,,,,3501
3502,"Beta, total, counting error",10970,A,9,,Y,,,,,3502
3503,"Beta, dissolved",10969,A,9,,Y,,,,,3503
3505,"Beta, suspended",10969,A,9,,Y,,,,,3505
3520,"Radiation, gross beta",10969,A,9,,Y,,"Radiation, gross beta",Other,Other,3520
3556,"2,3,7,8-Tetrachlorodibenzo-p-dioxin",10239,I,59,,Y,2.0,"2,3,7,8-Tetrachlorodibenzo-p-dioxin",Toxic Organics,Toxic Organics,3556
3582,Oil and grease,10364,A,59,,Y,1.0,Oil and grease,Other,Fuel,3582
3593,"Toxics, percent removal",12444,A,16,Y,Y,2.0,,,,3593
3594,"Halogens, adsorbable organic",10091,A,59,,Y,2.0,,,,3594
3595,Bioassay [96 hr],10976,A,153,,Y,,,,,3595
3596,Bioassay [48 hr],10975,A,153,,Y,,,,,3596
3597,Bioassay [24 hr],10974,A,153,,Y,,,,,3597
3598,Toxicity,4245,A,153,,Y,,Toxicity,Aquatic Toxicity,Aquatic Toxicity,3598
3599,"Toxicity, choice of species",12435,A,153,,Y,,,,,3599
3600,"Toxicity, trout",12443,A,153,,Y,,,,,3600
3601,"Toxicity, sand dollar",12442,A,153,,Y,,,,,3601
3602,Biochemical oxygen demand,10178,A,148,,N,,,,,3602
3603,Total suspendable solids,10486,A,148,,N,,,,,3603
3604,Total phenols,10397,A,59,,Y,2.0,,,,3604
3605,Flow meter calibration,11306,A,148,,N,,,,,3605
3607,"Stickwater, effluent percent recycled",12272,A,60,,Y,,,,,3607
3608,"Stickwater, effluent volume recycled",12273,A,121,,Y,,,,,3608
3609,"Production, seafood effluent",12135,A,57,,Y,,,,,3609
3610,Dioxin,10239,A,59,,Y,2.0,Dioxin,Toxic Organics,Toxic Organics,3610
3612,p-Dichlorobenzene,10140,I,59,,Y,2.0,,,,3612
3613,"Solids, total dissolved, total tons",12246,A,118,,Y,1.0,,,,3613
3614,"2,4,5-Trichlorophenoxypropionic acid",12156,A,59,,Y,2.0,,,,3614
3615,"2-Methyl-4,6-dinitrophenol",10384,A,59,,Y,2.0,"2-Methyl-4,6-dinitrophenol",Toxic Organics,Toxic Organics,3615
3768,"Purgeable hydrocarbons, Meth. 601",11406,A,59,,Y,2.0,,,,3768
3771,Purgeable aromatics Method 602,10830,A,59,,Y,2.0,,,,3771
3772,Temp. diff. between up/down stream deg. F,12374,A,8,,Y,,,,,3772
3773,Chlorine produced oxidants,11091,A,59,,Y,,,,,3773
3777,"1,2-Dichloropropylene",10692,A,59,,Y,2.0,,,,3777
3809,"Amyl acetate, total",10086,A,59,,Y,,,,,3809
3811,"Toxicity, salmo acute",12440,A,153,,Y,,,,,3811
3812,"Toxicity, salmo chronic",12441,A,153,,Y,,,,,3812
3818,"1,2,3,4,6,7,8,9-Octachlorodibenzo-p-dioxin",11163,A,59,,Y,2.0,"1,2,3,4,6,7,8,9-Octachlorodibenzo-p-dioxin",Uncommon,Uncommon,3818
3820,Human enteric virus,12477,A,22,,Y,,,,,3820
3821,Dichloromethane,10340,A,59,,Y,2.0,Dichloromethane,Uncommon,Uncommon,3821
3823,"Hydrazines, total",11401,A,59,,Y,2.0,,,,3823
3824,Tributyltin,12269,A,59,,Y,2.0,Tributyltin,Metals,Tin,3824
3864,"1,2-cis-Dichloroethene",10281,A,59,,Y,,,,,3864
3908,4-Isopropyltoluene,10918,I,59,,Y,,,,,3908
3980,4-Isopropyltoluene,10918,A,59,,Y,,,,,3980
4010,"Prometryn, total recoverable",10652,A,78,,Y,,,,,4010
4024,"Propachlor, total recoverable",10774,A,78,,Y,,,,,4024
4037,"Prometon, total recoverable",10651,A,78,,Y,,,,,4037
4041,Cyanazine,12154,A,59,,Y,2.0,,,,4041
4083,Chlorfenvinphos,12055,A,59,,Y,,,,,4083
4094,"Dicamba, 5-hydroxy-, total recoverable",10958,A,59,,Y,,,,,4094
4101,"Fenarimol, total recoverable",10753,A,78,,Y,,,,,4101
4138,Number of batches,11889,A,113,,Y,,,,,4138
4141,"Chlorine, free residual, total effluent",928,A,59,,Y,2.0,,,,4141
4146,"Isopropyl acetate, total effluent",10785,I,59,,Y,,,,,4146
4147,Methyl cellosolve,11281,A,59,,Y,,,,,4147
4150,o-Dichlorobenzene,10133,A,59,,Y,,,,,4150
4155,"Pentane, total effluent",8198,A,59,,Y,2.0,,,,4155
4157,Phosphorus [reactive as P],5889,A,59,,Y,1.0,,,,4157
4160,"Halocarbons, purgeable scan, effluent",11376,A,148,,N,,,,,4160
4161,"Halocarbons, purgeable scan, sludge",11376,A,148,,N,,,,,4161
4162,"Aromatic, purgeable scan, effluent",10830,A,148,,N,,,,,4162
4163,"Aromatic, purgeable scan, sludge",10830,A,148,,N,,,,,4163
4164,"Phenolic, total scan effluent",10397,A,148,,N,,,,,4164
4165,"Phenolic, total scan sludge",10397,A,148,,N,,,,,4165
4166,"PCB, total, scan effluent",10001,A,150,,Y,,,,,4166
4167,"PCB, total sludge, scan code",10001,A,148,,N,2.0,,,,4167
4174,Free liquids in sludge,11333,A,156,,N,,,,,4174
4175,"Phosphate, ortho [as P]",5878,A,59,,Y,1.0,"Phosphate, ortho [as P]",Uncommon,Uncommon,4175
4184,Triallate,11054,A,59,,Y,,,,,4184
4196,"U-236, total wtr",12461,A,9,,Y,,,,,4196
4223,Total residual ooxidant-discharge time,12416,A,51,,Y,,,,,4223
4224,"Dicyclohexylamine, total",11123,A,59,,Y,2.0,,,,4224
4239,"Misc. free oil in Western GOM, OCS",11682,A,42,,Y,,,,,4239
51100,"Nitrogen, total, as NO3, [water]",5713,A,59,,Y,,,,,51100
39514,"PCB-1016, bot. sed., dry weight",448,A,59,,Y,,,,,39514
39516,Polychlorinated biphenyls [PCBs],10001,A,59,,Y,2.0,Polychlorinated biphenyls [PCBs],Inorganics,Disinfectants,39516
39519,PCBs in bottom deps. [dry solids],10001,A,150,,Y,2.0,,,,39519
39524,Polybrominated diphenyl oxides,10902,A,59,,Y,2.0,,,,39524
39530,Malathion,10992,A,59,,Y,2.0,Malathion,Toxic Organics,Toxic Organics,39530
39540,Parathion,10407,A,59,,Y,2.0,Parathion,Uncommon,Uncommon,39540
39560,Demeton,12080,A,59,,Y,2.0,Demeton,Uncommon,Uncommon,39560
39570,Diazinon,10408,A,59,,Y,2.0,Diazinon,Toxic Organics,Toxic Organics,39570
39580,Guthion,10406,A,59,,Y,2.0,Guthion,Uncommon,Uncommon,39580
39600,Methyl parathion,10409,A,59,,Y,2.0,Methyl parathion,Uncommon,Uncommon,39600
39610,Mevinphos,10722,A,59,,Y,,,,,39610
39620,TEPP,11196,A,59,,Y,,,,,39620
39632,"Atrazine, dissolved",10015,A,59,,Y,2.0,,,,39632
39640,Captan,10704,A,59,,Y,2.0,,,,39640
39650,Diuron,12463,A,59,,Y,2.0,Diuron,Toxic Organics,Toxic Organics,39650
39700,Hexachlorobenzene,10159,A,59,,Y,2.0,Hexachlorobenzene,Uncommon,Uncommon,39700
39701,"Hexachlorobenzene, dry weight",10159,A,59,,Y,2.0,,,,39701
39702,Hexachlorobutadiene,10017,A,59,,Y,2.0,Hexachlorobutadiene,Toxic Organics,Toxic Organics,39702
39705,"Hexachlorobutadiene, dry weight",10017,A,59,,Y,2.0,,,,39705
39720,Picloram,10737,A,59,,Y,,Picloram,Uncommon,Uncommon,39720
39730,"2,4-Dichlorophenoxyacetic acid",10080,A,59,,Y,2.0,"2,4-Dichlorophenoxyacetic acid",Uncommon,Uncommon,39730
39740,"2,4,5-T",10079,A,59,,Y,2.0,,,,39740
39750,Sevin,10681,A,59,,Y,2.0,Sevin,Uncommon,Uncommon,39750
39755,Mirex,10014,A,59,,Y,2.0,Mirex,Uncommon,Uncommon,39755
39760,Silvex,12156,A,59,,Y,2.0,,,,39760
39770,Dacthal,10023,A,59,,Y,2.0,Dacthal,Toxic Organics,Toxic Organics,39770
39780,Dicofol,10946,A,59,,Y,,,,,39780
39782,Lindane,10228,A,59,,Y,2.0,Lindane,Uncommon,Uncommon,39782
39786,Trithion,12077,A,59,,Y,2.0,,,,39786
39793,Chloroethylenebisthiocyanate,12402,A,59,,Y,2.0,,,,39793
39794,Sodium pentachloro- phenate,12041,A,59,,Y,2.0,,,,39794
39800,Imidan,12074,A,78,,Y,,,,,39800
39810,".gamma.-Chlordane, whole water",10749,A,59,,Y,2.0,,,,39810
39930,Pyrethrins,12164,A,59,,Y,2.0,,,,39930
39941,Roundup,10297,A,59,,Y,2.0,,,,39941
39942,"Hydrocarbons, aromatic",10829,A,59,,Y,2.0,,,,39942
45013,Isopropyl acetate,10785,A,59,,Y,2.0,,,,45013
45019,Isooctane,11429,A,59,,Y,2.0,,,,45019
45022,Propyl acetate,10788,A,59,,Y,2.0,,,,45022
45025,Chlorofluoromethane,11662,A,59,,Y,,,,,45025
45028,Chlorodifluoromethane,11661,A,59,,Y,2.0,,,,45028
45040,N-Methylbenzenesulfonamide,10950,A,59,,Y,,,,,45040
45058,Methyl phenol,10394,A,59,N,Y,2.0,,,,45058
45097,Methylstyrene,10122,A,59,,Y,2.0,,,,45097
45100,Propanediol,12153,A,59,,Y,,,,,45100
45130,Alkyl benzene sulfonated [ABS],10954,A,59,,Y,2.0,,,,45130
45131,"Alkyl bensene sulfonates, linear [LAS]",10954,A,59,,Y,,,,,45131
45232,Chlorophenoxypropananol,10730,A,59,,Y,2.0,,,,45232
45265,1-Butanol,10026,A,59,,Y,2.0,,,,45265
45268,Methylenebisthiocyanate,12403,A,59,,Y,2.0,,,,45268
45316,"Butoxyethoxyethanol, total",10272,A,59,,Y,2.0,,,,45316
45364,Benzisothiazole,10636,A,59,,Y,2.0,,,,45364
45430,Methyl butenol,10743,A,59,,Y,,,,,45430
45501,"Petrol hydrocarbons, total recoverable",10307,A,59,N,Y,1.0,,,,45501
45504,"Hexane, sediment, dry weight",2049,A,59,,Y,,,,,45504
45597,Tetraethyl lead as alkyl lead,12100,A,59,,Y,,,,,45597
45599,"Temperature rise, length of excursion",12382,A,125,,Y,,,,,45599
45600,"Temperature, length of excursion",12386,A,127,,Y,,,,,45600
45601,"Equipment outage, length of downtime",11239,A,125,,Y,,,,,45601
45602,"Equipment outage, number of occurrences",11240,A,140,,Y,,,,,45602
45603,Fish feed used,11300,A,59,,Y,,,,,45603
45604,"Biomass, fish",200001221,A,59,,Y,,,,,45604
45613,"Floating solids, waste or visible foam-visual",11305,A,156,,N,,,,,45613
45614,Sanitary waste discharged-assessmnt,12197,A,156,,N,,,,,45614
45615,Intermittent discharge-assessment,11424,A,156,,N,,,,,45615
45670,Dinonyl phthalate,10632,A,59,,Y,,,,,45670
46000,Phenols,10397,A,59,,Y,2.0,Phenols,Uncommon,Uncommon,46000
46116,"Hydrocarbons, total gas chromatograph",11402,A,59,,Y,2.0,,,,46116
46225,Chloride,5033,A,59,,Y,1.0,Chloride,Solids,Dissolved Solids,46225
46227,Organic Matter,2991,A,88,,Y,,,,,46227
46232,"Phosphorus, brays",5889,A,77,,Y,,,,,46232
46312,Diethylhexyl phthalate [DEHP],10005,I,59,,Y,2.0,,,,46312
46313,Phorate,12065,A,59,,Y,2.0,,,,46313
46314,Dimethoate,12068,A,59,,Y,,Dimethoate,Toxic Organics,Toxic Organics,46314
46315,Ethyl parathion,10407,A,59,,Y,2.0,Ethyl parathion,Uncommon,Uncommon,46315
46342,"Alachlor, dissolved",10775,A,59,,Y,2.0,,,,46342
46363,"cis-1,2-Dichloroethylene, total",10281,I,59,,Y,,,,,46363
46366,"2,2-Dichloropropane",12150,A,59,,Y,2.0,,,,46366
46390,Toxicity characteristic leaching procedure,12432,A,55,,N,,,,,46390
46391,"Zinc, total sludge",6352,A,101,,Y,,,,,46391
46392,"Nickel, total sludge",2741,A,101,,Y,,,,,46392
46393,"Lead, total sludge",6562,A,101,,Y,,,,,46393
46394,"Copper, dry weight",1165,A,101,,Y,2.0,,,,46394
51014,"Solids, suspended percent removal, dry",12241,A,16,Y,Y,1.0,,,,51014
51015,"Solids, suspended percent removal, wet",12242,A,16,Y,Y,1.0,,,,51015
51016,"BOD, 5 day carbonaceous, % rmvl, dry",10840,A,16,Y,Y,1.0,,,,51016
38825,KN methyl,11052,A,78,,Y,,,,,38825
38845,Metam-sodium,11053,A,59,,Y,2.0,,,,38845
38850,"Nabam, total",11049,A,78,,Y,,,,,38850
38855,Naled,12052,A,59,,Y,,,,,38855
38865,Oxamyl,10269,A,59,,Y,,Oxamyl,Uncommon,Uncommon,38865
38877,Tetrachlorvinphos [Stirofos],12054,A,59,,Y,2.0,,,,38877
38887,"Terbutryn, total",10653,A,78,,Y,,,,,38887
38892,"Triadimefon, total",10718,A,78,,Y,,,,,38892
38897,Trichloronate,12046,A,59,,Y,,,,,38897
38917,"Ziram, total",12516,A,78,,Y,,,,,38917
38925,Dechlorane plus,10672,A,59,,Y,2.0,,,,38925
38926,Endothall salts and esters,10763,A,78,,Y,,,,,38926
38927,Methamidophos,12050,A,78,,Y,,,,,38927
38928,Ethylene thiourea,10725,A,59,,Y,2.0,,,,38928
38933,Chlorpyrifos,12079,A,59,,Y,,Chlorpyrifos,Toxic Organics,Toxic Organics,38933
39002,Benefin,10888,A,59,,Y,2.0,,,,39002
39007,Delnav,12072,A,59,,Y,2.0,,,,39007
39010,Disulfoton,10405,A,59,,Y,2.0,Disulfoton,Toxic Organics,Toxic Organics,39010
39013,Dyfonate,12045,A,59,,Y,,,,,39013
39017,Kelthane,10946,A,59,,Y,2.0,,,,39017
39030,Trifluralin,10879,A,59,,Y,2.0,Trifluralin,Toxic Organics,Toxic Organics,39030
39032,Pentachlorophenol,10396,A,59,,Y,2.0,Pentachlorophenol,Uncommon,Uncommon,39032
39033,Atrazine,10015,A,59,,Y,2.0,Atrazine,Uncommon,Uncommon,39033
39037,Propanil,12142,A,59,,Y,2.0,,,,39037
39043,"Chlor, phenoxy acid gp, none found",11085,A,59,,Y,2.0,,,,39043
39045,"2,4,5-TP[silvex] acids/salts, whole water sample",12158,A,59,,Y,2.0,,,,39045
39051,Methomyl,11274,A,59,,Y,2.0,Methomyl,Toxic Organics,Toxic Organics,39051
39053,Aldicarb,12140,A,59,,Y,2.0,Aldicarb,Toxic Organics,Toxic Organics,39053
39055,Simazine,10649,A,59,,Y,,Simazine,Toxic Organics,Toxic Organics,39055
39058,Phosphated pesticides,12043,A,59,,Y,2.0,,,,39058
39084,Total purgeable halocarbons,11376,A,59,,Y,2.0,,,,39084
39100,Di[2-ethylhexyl] phthalate [DEHP],10005,A,59,,Y,2.0,Di[2-ethylhexyl] phthalate [DEHP],Toxic Organics,Toxic Organics,39100
39102,"Di[2-ethylhexyl] phthalate [DEHP], dry wgt",10005,A,59,,Y,2.0,,,,39102
39108,Chloral hydrate,10625,A,59,,Y,2.0,,,,39108
39109,"2,2-Dichlorovinyldimethyl phosphate",12053,A,59,,Y,2.0,,,,39109
39110,Di-n-butyl phthalate,10007,A,59,,Y,2.0,Di-n-butyl phthalate,Toxic Organics,Toxic Organics,39110
39112,"Di-n-butyl phthalate, dry weight",10007,A,59,,Y,2.0,,,,39112
39117,Phthalate esters,10630,A,59,,Y,2.0,Phthalate esters,Toxic Organics,Toxic Organics,39117
39120,Benzidine,10508,A,59,,Y,2.0,Benzidine,Uncommon,Uncommon,39120
39121,"Benzidine, dry weight",10508,A,59,,Y,2.0,,,,39121
39122,Dimethoxybenzidine,10607,A,59,,Y,2.0,,,,39122
39129,Chlorendic acid,10972,A,59,,Y,2.0,,,,39129
39131,Didecyl dimethyl ammonium chloride,10678,A,59,,Y,2.0,,,,39131
39150,Dichlone,10671,A,59,,Y,2.0,,,,39150
39161,Alachlor,10775,A,59,,Y,2.0,Alachlor,Uncommon,Uncommon,39161
39175,Vinyl chloride,10282,A,59,,Y,2.0,Vinyl chloride,Uncommon,Uncommon,39175
39180,Trichloroethylene,10285,A,59,,Y,2.0,Trichloroethylene,Uncommon,Uncommon,39180
39300,"4,4'-DDT",10125,A,59,,Y,2.0,"4,4'-DDT",Toxic Organics,Toxic Organics,39300
39305,"o,p'-DDT",10143,A,59,,Y,2.0,,,,39305
39310,"4,4'-DDD",10126,A,59,,Y,2.0,"4,4'-DDD",Toxic Organics,Toxic Organics,39310
39320,"4,4'-DDE",10127,A,59,,Y,2.0,"4,4'-DDE",Toxic Organics,Toxic Organics,39320
39330,Aldrin,10024,A,59,,Y,2.0,Aldrin,Uncommon,Uncommon,39330
39333,"Aldrin, dry weight",10024,A,59,,Y,2.0,,,,39333
39336,.alpha.-BHC,11126,A,59,,Y,2.0,.alpha.-BHC,Uncommon,Uncommon,39336
39337,.alpha.-BHC,11126,I,59,,Y,2.0,.alpha.-BHC,Uncommon,Uncommon,39337
39338,.beta.-BHC,11127,A,59,,Y,2.0,.beta.-BHC,Uncommon,Uncommon,39338
39340,Gamma-BHC,10228,I,59,,Y,2.0,,,,39340
39344,.gamma.-BHC,10228,A,59,,Y,2.0,.gamma.-BHC,Uncommon,Uncommon,39344
39348,"Chlordane, .alpha.-, whole water",10747,A,59,,Y,2.0,,,,39348
39350,Chlordane [tech mix. and metabolites],11080,A,59,,Y,2.0,Chlordane [tech mix. and metabolites],Toxic Organics,Toxic Organics,39350
39351,"Chlordane [tech mix & metabs], dry wgt",11080,A,59,,Y,2.0,,,,39351
39356,Metolachlor,10075,A,59,,Y,,Metolachlor,Toxic Organics,Toxic Organics,39356
39357,Ronnel,12083,A,59,,Y,,,,,39357
39360,DDD in whole water sample,10126,A,59,,Y,2.0,,,,39360
39365,DDE,10127,A,59,,Y,2.0,,,,39365
39370,DDT,10125,A,59,,Y,2.0,DDT,Uncommon,Uncommon,39370
39373,"DDT, dry weight",10125,A,59,,Y,,,,,39373
39379,"DDT/DDD/DDE, sum of p,p' & o,p' isomers",11135,A,59,,Y,2.0,"DDT/DDD/DDE, sum of p,p' & o,p' isomers",Toxic Organics,Toxic Organics,39379
39380,Dieldrin,10039,A,59,,Y,2.0,Dieldrin,Toxic Organics,Toxic Organics,39380
39383,"Dieldrin, dry weight",10039,A,59,,Y,2.0,,,,39383
39388,"Endosulfan, total",10757,A,59,,Y,2.0,"Endosulfan, total",Uncommon,Uncommon,39388
39389,"Endosulfan, bottom deposits, dry solids",10757,A,59,,Y,,,,,39389
39390,Endrin,10040,A,59,,Y,2.0,Endrin,Toxic Organics,Toxic Organics,39390
39398,Ethion,12073,A,59,,Y,2.0,Ethion,Uncommon,Uncommon,39398
39400,Toxaphene,4234,A,59,,Y,2.0,Toxaphene,Toxic Organics,Toxic Organics,39400
39403,"Toxaphene, dry weight",4234,A,59,,Y,2.0,,,,39403
39410,Heptachlor,10748,A,59,,Y,2.0,Heptachlor,Toxic Organics,Toxic Organics,39410
39420,Heptachlor epoxide,10716,A,59,,Y,2.0,Heptachlor epoxide,Toxic Organics,Toxic Organics,39420
39460,Chlorobenzilate,10942,A,59,,Y,2.0,,,,39460
39480,Methoxychlor,10899,A,59,,Y,2.0,Methoxychlor,Uncommon,Uncommon,39480
39488,PCB-1221,4878,A,59,,Y,2.0,PCB-1221,Uncommon,Uncommon,39488
39492,PCB-1232,451,A,59,,Y,2.0,PCB-1232,Uncommon,Uncommon,39492
39495,"PCB-1232 bot. dep., dry solid",451,A,59,,Y,,,,,39495
39496,PCB-1242,4879,A,59,,Y,2.0,PCB-1242,Uncommon,Uncommon,39496
39499,"PCB-1242 bot. dep., dry solid",4879,A,59,,Y,,,,,39499
39500,PCB-1248,454,A,59,,Y,2.0,PCB-1248,Uncommon,Uncommon,39500
39502,Propham,11046,A,59,,Y,,Propham,Uncommon,Uncommon,39502
39503,"PCB-1248, bot. dep.,dry solid",454,A,59,,Y,,,,,39503
61166,"Sodium, % total cations",12228,A,16,,Y,,,,,61166
46395,"Cadmium, dry weight",776,A,101,,Y,2.0,,,,46395
46396,Process to significntly reduce pathogens,12126,A,55,,N,,,,,46396
46397,Process to further reduce pathogens,12125,A,55,,N,,,,,46397
46461,"Dioxathion, total",12072,A,78,,Y,,,,,46461
46474,"Hydroxyquinoline, total",10766,A,59,,Y,2.0,,,,46474
46475,"4-Dodecene, total effluent",11214,A,59,,Y,,,,,46475
46476,"Diethylene glycol dinitrate, total",11276,A,59,,Y,2.0,,,,46476
46477,"Metrioltrinitrate, total",10667,A,59,,Y,2.0,,,,46477
46478,Equipment inspection - visual,11238,A,148,,N,,,,,46478
46481,"Chlordane, .alpha.-, dry weight",10747,A,59,,Y,,,,,46481
46485,".gamma.-Chlordane, dry weight",10749,A,59,,Y,,,,,46485
46529,Rainfall,3575,A,105,,Y,,,,,46529
47021,Methylene blue active substances,10475,A,59,,Y,1.0,Methylene blue active substances,Uncommon,Uncommon,47021
47024,"BOD, 5-day, 20 deg C per cfs of streamflw",10845,A,107,,Y,1.0,,,,47024
47027,"Chloride, per cfs of streamflow",5033,A,107,,Y,1.0,,,,47027
48201,"Coliform, fecal MPN + membrane ftl 44.5 C",10287,A,22,,Y,,,,,48201
49013,Diffuser validation rpt % effl mix zone,11191,A,16,,Y,,,,,49013
49014,Sodium salt of acifluorofen,10962,A,59,,Y,,,,,49014
49016,Annual whole sludge application rate,10819,A,110,,Y,,,,,49016
49017,Ann. amt sludge disposed by other method,10812,A,57,,Y,,,,,49017
49018,Annual amt of sludge incinerated,10813,A,57,,Y,,,,,49018
49019,"Annual sludge production, total",10818,A,57,,Y,,,,,49019
49020,Annual amount of sludge land applied,10817,A,62,,Y,,,,,49020
49021,Annual amt. sludge disposed surface unit,10816,A,57,,Y,,,,,49021
49022,Annual amt sludge disposed in landfill,10815,A,57,,Y,,,,,49022
49023,Annual amt sludge transported interstate,10814,A,57,,Y,,,,,49023
49028,Unit w/liner/leachate collection system,11640,A,55,,N,,,,,49028
49029,Unit boundary to property line distance,12459,A,32,,Y,,,,,49029
49030,Compliance w/part 258 sludge requirement,11112,A,55,,N,,,,,49030
49031,"Selenium, sludge, total, dry weight [as Se]",3666,A,101,,Y,2.0,,,,49031
49132,"Effluent back pressure, discharge pipe",11231,A,17,,Y,,,,,49132
49146,"1,2-Dibromo-3-chloropropane",10416,A,59,,Y,,"1,2-Dibromo-3-chloropropane",Uncommon,Uncommon,49146
49153,"WWT drill fluids/cuttings, TDS",12488,A,59,,Y,,,,,49153
49154,"WWT drill fluids/cuttings, oil & grease",12496,A,59,,Y,,,,,49154
49155,"WWT drill fluids/cuttings, zinc",12493,A,59,,Y,,,,,49155
49156,"Well fluids, priority pollutants disch",12121,A,55,,N,,,,,49156
49157,"Formation test fluids, free oil",11328,A,42,,Y,,,,,49157
49158,"Excess cement slurry, free oil",11290,A,42,,Y,,,,,49158
49159,WWT drill fluids/cuttings free oil,12495,A,42,,Y,,,,,49159
49160,"Sanitary waste, BOD, 5-day",12195,A,59,,Y,,,,,49160
49161,"WWT drill fluids/cuttings, pH",12492,A,7,,N,,,,,49161
49162,"Well fluids, pH",12506,A,7,,N,,,,,49162
49163,"WWT drill fluids/cuttings, TSS",12489,A,59,,Y,,,,,49163
49164,"Sanitary waste, TSS",12196,A,59,,Y,,,,,49164
49165,"WWT drill fluids/cuttings, COD",12487,A,59,,Y,,,,,49165
49166,"WWT drill fluid/cutting, haz metal disch",12486,A,55,,N,,,,,49166
49167,"WWT drill fluids/cuttings, chromium",12491,A,59,,Y,,,,,49167
49168,"WWT drill fluids/cuttings, chlorides",12490,A,59,,Y,,,,,49168
49169,"Formation test fluids, pH",11329,A,7,,N,,,,,49169
49187,"Sanitary waste, fecal coliform",12198,A,22,,Y,,,,,49187
49206,Pentachloronitrobenzene,10935,I,59,,Y,,,,,49206
49220,Macroinvertebrate assessment,11647,A,55,,N,1.0,,,,49220
49263,"trans-1,4-Dichloro-2-butene",10720,A,59,,Y,,,,,49263
49293,"Norflurazon, total recoverable",10742,A,78,,Y,,,,,49293
49306,"Chlorothalonil, total recoverable",10656,A,78,,Y,,,,,49306
49311,"Bromoxynil, total recoverble",10966,A,78,,Y,,,,,49311
49489,"Glycol, total",10012,A,59,,Y,,,,,49489
49491,BTEX,10926,A,59,,Y,,,,,49491
49492,"Facility operated during month, # days",11139,A,134,,Y,,,,,49492
49494,"Permethrin, total",11132,A,59,,Y,2.0,"Permethrin, total",Toxic Organics,Toxic Organics,49494
49498,"Misc. discharges, free oil",11681,A,42,,Y,,,,,49498
49538,"1,1-Difluoroethane, total, water ug/L",11257,A,59,,Y,,,,,49538
49539,"Difluoromethane, total,water",11668,A,59,,Y,,,,,49539
49540,"Tetrafluroethane-1,1,1,2, total,water",11250,A,59,,Y,,,,,49540
49541,"1-Chloro-1,1,2,2,2-pentafluoroethane, water",11265,A,59,,Y,,,,,49541
49542,2-Methoxyethanol,11281,A,59,,Y,,,,,49542
49543,"N,N-Dimethylaniline",10120,A,59,,Y,,,,,49543
49561,"Silver, total dry weight, sludge mt",3714,A,101,,Y,,,,,49561
49562,Molinate,10035,A,59,,Y,,Molinate,Uncommon,Uncommon,49562
49563,Pebulate,10191,A,59,,Y,2.0,,,,49563
49564,Devrinol [Napropamide],12141,A,59,,Y,2.0,,,,49564
49565,"Arsenic total, dry weight, sludge",467,A,101,,Y,,,,,49565
49579,"Nitrogen, total Kjeldahl",2817,A,59,,Y,,,,,49579
49607,Ultraviolet light intensity,12457,A,34,,Y,,,,,49607
49699,"Betz slimicide C-31, total",12213,A,59,,Y,,,,,49699
49700,"Betz slimicide C-74, total",12214,A,59,,Y,,,,,49700
49702,Ammonium picrate,12008,A,59,,Y,,,,,49702
49813,"Flash point, deg C [40 CFR 403/261.21]",11302,A,2,,Y,,,,,49813
49875,Propylene glycol monobutyl ether,10729,A,59,,Y,,,,,49875
34408,Isophorone,10042,A,59,,Y,2.0,Isophorone,Toxic Organics,Toxic Organics,34408
34411,"Isophorone, dry weight",10042,A,59,,Y,2.0,,,,34411
34413,Methyl bromide [Bromomethane],10337,A,59,,Y,2.0,Methyl bromide [Bromomethane],Uncommon,Uncommon,34413
34416,"Methyl bromide, dry weight",10337,A,59,,Y,2.0,,,,34416
34418,Methyl chloride [Chloromethane],10338,A,59,,Y,2.0,Methyl chloride [Chloromethane],Uncommon,Uncommon,34418
34421,"Methyl chloride, dry weight",10338,A,59,,Y,2.0,,,,34421
34423,Methylene chloride,10340,A,59,,Y,2.0,Methylene chloride,Toxic Organics,Toxic Organics,34423
34425,"Methylene chloride, suspended",10340,A,59,,Y,2.0,,,,34425
34426,"Methylene chloride, dry weight",10340,A,59,,Y,2.0,,,,34426
34428,N-Nitrosodi-N-propylamine,10689,A,59,,Y,2.0,N-Nitrosodi-N-propylamine,Toxic Organics,Toxic Organics,34428
34431,"N-Nitrosodi-N-propylamine, dry weight",10689,A,59,,Y,2.0,,,,34431
34433,N-Nitrosodiphenylamine,10121,A,59,,Y,2.0,N-Nitrosodiphenylamine,Toxic Organics,Toxic Organics,34433
34436,"N-Nitrosodiphenylamine, dry weight",10121,A,59,,Y,2.0,,,,34436
34438,N-Nitrosodimethylamine [NDMA],10335,A,59,,Y,2.0,N-Nitrosodimethylamine [NDMA],Toxic Organics,Toxic Organics,34438
34441,"N-Nitrosodimethylamine, dry weight",10335,A,59,,Y,2.0,,,,34441
TTE3V,Static 1Hr Chronic Colobocentr. Atratus,4677,A,49,,Y,,,,,TTE3V
TTE3W,Static 1Hr Chronic Tripneustes Gratilla,4677,A,49,,Y,,,,,TTE3W
TTG3V,Static 1Hr Chronic Coloboentr. Atratus,4677,A,49,,Y,,,,,TTG3V
TTG3W,Static 1Hr Chronic Tripneustes Gratilla,4677,A,49,,Y,,,,,TTG3W
TTJ3L,Static 72Hr Chronic Strongyl. Purpuratus,4677,A,49,,Y,,,,,TTJ3L
TTJ3N,Static 72Hr Chronic Dendraster Excentri.,4677,A,49,,Y,,,,,TTJ3N
TTK1D,Static 48Hr Chronic Macrocystis Pyrifera,4677,A,49,,Y,,,,,TTK1D
TTK3O,Static 48Hr Chronic Crassostrea Gigas,4677,A,49,,Y,,,,,TTK3O
TTK3P,Static 48Hr Chronic Mytilis Edulis,4677,A,49,,Y,,,,,TTK3P
TTK3R,Static 48Hr Chronic Haliotis Rufescens,4677,A,49,,Y,,,,,TTK3R
TTL3N,Flow Thru 48Hr Chronic Dendraster Excentri.,4677,A,49,,Y,,,,,TTL3N
TTP3B,Static Renewal 7-Day Chronic Ceriodaphnia dubia,4677,A,49,N,Y,,,,,TTP3B
TTP3E,Static Renewal 7-Day Chronic Mysidopsis bahia,4677,A,49,N,Y,,,,,TTP3E
TTP3Q,Static Renewal 7-Day Chronic Holmesimysis costata,4677,A,49,N,Y,,,,,TTP3Q
TTP6C,Static Renewal 7-Day Chronic Pimphales promelas,4677,A,49,N,Y,,,,,TTP6C
TTP6J,Static Renewal 7-Day Chronic Menidia beryllina,4677,A,49,N,Y,,,,,TTP6J
TTP6L,Static Renewal 7-Day Chronic Atherinops affinis,4677,A,49,N,Y,,,,,TTP6L
TTR1A,Static 96Hr Chronic Selen. Capricornutum,4677,A,49,,Y,,Static 96Hr Chronic Selen. Capricornutum,Uncommon,Uncommon,TTR1A
TTR1F,Static 96Hr Chronic Thalassiosira Pseudonana Mar.Diat,4677,A,49,,Y,,Static 96Hr Chronic Thalassiosira Pseudonana Mar.Diat,Uncommon,Uncommon,TTR1F
TTS3L,Static 20Min Chronic Strongyl. Purpuratus,4677,A,49,,Y,,,,,TTS3L
TUG3V,%Fert Static 1Hr Chronic Colobocentr. Atratus,4677,A,16,,Y,,,,,TUG3V
TUG3W,%Fert Static 1Hr Chronic Tripneustes Gratilla,4677,A,16,,Y,,,,,TUG3W
TUP3B,%Fert Statre 7Da Chronic Ceriodaphnia,4677,A,16,,Y,,,,,TUP3B
TVP3B,%Repro Reduc Statre7D Chronic Ceriodaphnia,4677,A,16,,Y,,,,,TVP3B
TVP3E,%Repro Reduc Statre 7D Mysid. Bahia,4677,A,16,,Y,,,,,TVP3E
TVP3X,%Repr 7D Chronic Statre D. Ambigua,4677,A,16,,Y,,,,,TVP3X
TWP3B,Pass/Fail Sub-Lethal Static Renewal 7 Day Chronic Ceriodaphnia dubia,4677,A,55,,N,,,,,TWP3B
TWP3E,Pass/Fail Sub-Lethal Static Renewal 7 Day Chronic Americamysis bahia,4677,A,55,,N,,,,,TWP3E
TWP6B,Pass/Fail Sub-Lethal Static Renewal 7 Day Chronic Menidia menidia,4677,A,55,,N,,,,,TWP6B
TWP6C,Pass/Fail Sub-Lethal Static Renewal 7 Day Chronic Pinephales promelas,4677,A,55,,N,,,,,TWP6C
70295,"Solids, total dissolved",4151,A,59,,Y,1.0,"Solids, total dissolved",Solids,Suspended Solids,70295
70296,"Solids, total dissolved [TDS]",4151,A,108,,Y,1.0,"Solids, total dissolved [TDS]",Uncommon,Uncommon,70296
70297,"Solids, total susp. per 1000 gallons",12250,A,59,,Y,1.0,,,,70297
70300,"Solids, total dissolved- 180 deg. C",4151,A,59,,Y,1.0,,,,70300
70302,"Solids, dissolved- tons",12231,A,118,,Y,,,,,70302
70311,"pH, CaCO3 stability",12527,A,7,,N,,,,,70311
70314,Daconil [C8Cl4N2],10656,A,59,,Y,2.0,,,,70314
70316,Sediment sample [dry weight],12206,A,118,,Y,,,,,70316
70318,"Solids, total, percent",12258,A,16,,Y,,,,,70318
70319,"Solids, fixed, % of total solids",12236,A,16,,Y,,,,,70319
70321,"Sludge weight, wet",12223,A,120,,Y,,,,,70321
70322,"Solids, volatile % of total solids",12260,A,16,,Y,1.0,,,,70322
70324,"Solids, volatile susp., in mixed liquor",12261,A,59,,Y,1.0,,,,70324
70352,"Chloride, organic, total",5033,A,59,,Y,2.0,,,,70352
70353,"Organic halides, total",11908,A,59,,Y,2.0,,,,70353
70505,"Phosphate, total, color method [as P]",5889,A,59,,Y,1.0,"Phosphate, total, color method [as P]",Uncommon,Uncommon,70505
70506,"Phosphate, dissolved color method [as P]",5878,A,59,,Y,1.0,,,,70506
70507,"Phosphorous, in total orthophosphate",5889,A,59,,Y,1.0,,,,70507
71204,Salmonella,12193,A,99,,Y,,,,,71204
71260,"Taxa, total number",12367,A,131,,Y,,,,,71260
71800,Urea,4419,A,59,,Y,2.0,Urea,Uncommon,Uncommon,71800
71820,Density,11149,A,78,,Y,,,,,71820
71845,"Nitrogen, ammonia total [as NH4]",10809,A,59,,Y,1.0,"Nitrogen, ammonia total [as NH4]",Uncommon,Uncommon,71845
78939,"Fuel, diesel, #1",10292,A,59,,Y,2.0,,,,78939
77924,2-Methylpentane,11992,A,59,,Y,2.0,,,,77924
TFA6E,Half Low Flow Pass/Fail Static 48Hr Acute Lepomis Macrochirus,4677,A,16,,Y,,,,,TFA6E
TFB6E,HLF Pass/Fail Static 96Hr Acute Lepomis Macrochiru,4677,A,16,,Y,,,,,TFB6E
TFC6E,HLF Pass/Fail Static 4Day Chronic Lepomis Macrochiru,4677,A,16,,Y,,,,,TFC6E
TFD6E,HLF Pass/Fail Static 7Day Chronic Lepomis Macrochiru,4677,A,16,,Y,,,,,TFD6E
TFE6E,Half Low Flow Pass/Fail Static 1Hr Chronic Lepomis macrochirus,4677,A,16,,Y,,,,,TFE6E
51017,"BOD, 5 day carbonaceous, % rmvl, wet",10841,A,16,Y,Y,1.0,,,,51017
51018,Permission to discharge,11998,A,55,,N,,,,,51018
51019,Kappa number,11430,A,128,,Y,,,,,51019
51020,"Organic nitrogen sludge, tot dry wt.",11909,A,59,,Y,,,,,51020
51022,"3,4,6-Trichloroguaiacol",12022,A,59,,Y,2.0,,,,51022
51024,"3,4,6-Trichlorocatechol",10635,A,59,,Y,2.0,,,,51024
51025,"1,2,3,4,6,7,8,9-Octachlorodibenzofuran",11185,A,59,,Y,2.0,"1,2,3,4,6,7,8,9-Octachlorodibenzofuran",Uncommon,Uncommon,51025
51026,DMPA,12049,A,59,,Y,,,,,51026
51027,Cyclonite,10644,A,59,,Y,,,,,51027
51028,Sludge hydraulic loading,12217,A,142,,Y,,,,,51028
51029,Nalco Macrotrol 9210,11648,A,59,,Y,,,,,51029
51030,Spectrus CT 1300,12265,A,59,,Y,,,,,51030
51031,Terpineol,12392,A,59,,Y,,,,,51031
51032,Chlordane,10068,A,59,,Y,,Chlordane,Toxic Organics,Toxic Organics,51032
51033,"N,N-Dimethyl-1-butanamine",10675,A,59,,Y,,,,,51033
51034,N-[Methylpropylidenepropanamine],10728,A,59,,Y,,,,,51034
51035,N-[Methylpropylidenepropanamine],10728,A,59,,Y,,,,,51035
51036,"4-Methyl-2,6-di-tert-butylphenol",12013,A,59,,Y,,,,,51036
51037,Dimethylpropylphenol,12001,A,59,,Y,,,,,51037
51038,4-t-Amyl-2-chlorophenol,12018,A,59,,Y,,,,,51038
51039,"Dichloro-4-[1,1-dimethylpropylphenol]",12039,A,59,,Y,,,,,51039
51040,E. coli,10251,A,22,,Y,,E. coli,Pathogens,Pathogens,51040
51041,"E. coli, colony forming units [CFU]",10251,A,22,,Y,,,,,51041
51042,Carbophenothion,12077,A,59,,Y,,,,,51042
51043,Ultraviolet light transmittance,12458,A,68,,Y,1.0,Ultraviolet light transmittance,Uncommon,Uncommon,51043
51044,"1,3-Dichloropropylene",10031,I,59,,Y,2.0,,,,51044
51045,.alpha.-Terpineol,10744,I,59,,Y,,,,,51045
51046,o-Cresol,12019,I,59,,Y,,,,,51046
51047,1-Ethoxy-2-methylpropane,12146,A,59,,Y,2.0,,,,51047
51048,"Elevation, top of mine pool",11236,A,105,,Y,,,,,51048
51049,Calgon H-130M,10678,A,59,,Y,,,,,51049
51050,"Wetland overflow, y/n response",12508,A,148,,N,,,,,51050
51051,"Tin, tri-organo-",12445,A,59,,Y,2.0,,,,51051
51052,"Herbaceous vegetation, presence",11390,A,55,,N,,,,,51052
51053,"Woody vegetation, presence",12512,A,55,,N,,,,,51053
51054,"Algae, presence",4819,A,55,,N,,,,,51054
51055,"Fish, presence",11301,A,55,,N,,,,,51055
51056,"Threatened & endangered species, presence",12408,A,55,,N,,,,,51056
51057,Terramycin,10726,A,59,,Y,,,,,51057
51058,Chromium III,10215,A,59,,Y,,,,,51058
51059,TMOA,11253,A,59,,Y,,,,,51059
51060,Rhodamine WT dye,12514,A,77,,Y,,,,,51060
51061,Flow [dry weather],11313,A,65,,Y,,Flow [dry weather],Flow,Flow,51061
51062,3-Phenoxylbenzyl,10931,A,59,,Y,,,,,51062
51063,Methallyloxyphenol,12017,A,59,,Y,,,,,51063
51064,Formalin,10288,A,59,,Y,,,,,51064
51065,Ammonium perfluoroctanoate,10363,A,59,,Y,,,,,51065
51066,Diquat product,11198,A,59,,Y,,,,,51066
51067,"Chloramine, total",11079,A,59,,Y,,,,,51067
51068,Potassium permanganate,11997,A,59,,Y,,,,,51068
51069,Hatchery flow treated [GPM],11382,A,65,,Y,,,,,51069
51070,"2,2-Dimethoxypropane",12151,A,59,,Y,,,,,51070
51071,t-Butyl alcohol,10050,I,59,,Y,2.0,,,,51071
51072,Delta pH,11148,A,7,,N,,,,,51072
51073,Bromodichloromethane,11660,A,59,,Y,,,,,51073
51074,Methylcyclopentane,11130,A,59,,Y,,,,,51074
51075,Syltherm,12300,A,59,,Y,,,,,51075
51076,Trimethylorthoformate,11674,A,59,,Y,,,,,51076
51077,N-Ethylaniline,10889,A,59,,Y,,,,,51077
51078,"Hydrogen sulfide, unionized",10309,A,59,,Y,1.0,,,,51078
51079,"Benzothiazole, 2-[methythio]-",10968,A,59,,Y,,,,,51079
51080,"1,2-Benzisothiazole, 3-methoxy-",10637,A,59,,Y,,,,,51080
51081,"Dibenzothiophene, 1,2,3,4-Tetrahydro-8-methyl-",11188,A,59,,Y,,,,,51081
51082,Larvin,11273,A,59,,Y,,,,,51082
51083,"Manure remaining, gallons",2428,A,64,,Y,,,,,51083
51084,"Nitrogen, total available [water]",2817,A,59,,Y,,,,,51084
51085,"Nitrogen, ammonia [NH3-N]",375,A,59,,Y,,,,,51085
51086,"Nitrogen, nitrate [NO3], [water]",5713,A,59,,Y,,,,,51086
51087,"Nitrogen, Kjeldahl, total [TKN] [water]",2817,A,59,,Y,,,,,51087
51088,"Manure, wet tons removed",2428,A,40,,Y,,,,,51088
51089,"Manure, wet tons remaining",2428,A,40,,Y,,,,,51089
51090,"Manure, wet tons total",2428,A,40,,Y,,,,,51090
51091,"Manure solids, percent total",2428,A,16,,Y,,,,,51091
51092,"Phosphate, total [P2O5], water",11195,A,59,,Y,,,,,51092
51093,"Nitrogen, total, as NO3, [sludge]",5713,A,31,,Y,,,,,51093
51094,"Nitrogen, total available, [sludge]",2817,A,31,,Y,,,,,51094
51095,"Nitrogen, ammonia [NH3-N], [sludge]",375,A,31,,Y,,,,,51095
51096,"Nitrogen, nitrate [NO3], [sludge]",5713,A,31,,Y,,,,,51096
51097,"Nitrogen, Kjeldahl, total [TKN], [sludge]",2817,A,31,,Y,,,,,51097
51098,"Potassium, total [K2O], [sludge]",12110,A,31,,Y,,,,,51098
51099,"Phosphate, total [P2O5], sludge",11195,A,31,,Y,,,,,51099
34032,Chlorinated methanes,11675,A,59,,Y,2.0,,,,34032
34033,Chlorinated ethanes,11264,A,59,,Y,2.0,,,,34033
34641,4-Chlorophenyl phenyl ether,10916,A,59,,Y,2.0,4-Chlorophenyl phenyl ether,Uncommon,Uncommon,34641
34646,4-Nitrophenol,10389,A,59,,Y,2.0,4-Nitrophenol,Uncommon,Uncommon,34646
34649,"4-Nitrophenol, dry weight",10389,A,59,,Y,,,,,34649
34653,"p,p'-DDE - dissolved",10127,A,59,,Y,2.0,,,,34653
34655,"p,p'-DDT, dissolved",10125,A,59,,Y,2.0,,,,34655
34657,"4,6-Dinitro-o-cresol",10384,A,59,,Y,2.0,"4,6-Dinitro-o-cresol",Uncommon,Uncommon,34657
34668,Dichlorodifluoromethane,11666,A,59,,Y,2.0,,,,34668
34671,PCB-1016,448,A,59,,Y,2.0,PCB-1016,Uncommon,Uncommon,34671
34675,"2,3,7,8-Tetrachlorodibenzo-p-dioxin",10239,A,59,,Y,2.0,"2,3,7,8-Tetrachlorodibenzo-p-dioxin",Toxic Organics,Toxic Organics,34675
34677,Dioxin [TCDD] suspended,10239,A,59,,Y,2.0,,,,34677
34678,"2,3,7,8-Tetrachlorodibenzo-p-dioxin, dry",10239,A,59,,Y,,,,,34678
34679,"2,3,7,8-TCDD TEC",10710,A,59,N,Y,2.0,,,,34679
34694,Phenol,3321,A,59,,Y,2.0,Phenol,Uncommon,Uncommon,34694
34696,Naphthalene,5680,A,59,,Y,2.0,Naphthalene,Toxic Organics,Toxic Organics,34696
34697,"trans-1,3-Dichloroproprene, dry weight",10693,A,59,,Y,,,,,34697
34699,"trans-1,3-Dichloropropene",10693,A,59,,Y,2.0,"trans-1,3-Dichloropropene",Uncommon,Uncommon,34699
34704,"cis-1,3-Dichloropropene",10032,A,59,,Y,2.0,"cis-1,3-Dichloropropene",Uncommon,Uncommon,34704
34711,"Benzo[b,k]fluoranthene",10955,A,59,,Y,,,,,34711
34717,Triaryl phosphate,12061,A,59,,Y,1.0,,,,34717
34722,Bolero,11056,A,59,,Y,,Bolero,Uncommon,Uncommon,34722
34724,"Sodium polyacrylate, total",10735,A,59,,Y,2.0,,,,34724
34726,"Nitrogen, ammonia, total [as NH3]",375,A,59,N,Y,1.0,,,,34726
34728,p-Xylene,10142,A,59,,Y,2.0,,,,34728
34729,"Sodium molybdate, total",11686,A,59,N,Y,1.0,,,,34729
34730,"2,3-Dichlorophenol, total",12006,A,59,N,Y,2.0,,,,34730
34731,"Phenylphenol, 4- total",12522,A,59,N,Y,2.0,,,,34731
34750,"2,3,7,8-Tetrachlorodibenzo-p-dioxin",10239,I,59,,Y,,"2,3,7,8-Tetrachlorodibenzo-p-dioxin",Toxic Organics,Toxic Organics,34750
34753,"2,3,7,8-Tetrachlorodibenzo-p-dioxin sed,",10239,A,59,,Y,2.0,,,,34753
34782,Stream stage,12282,A,105,,Y,,,,,34782
34790,"Surfactants, as CTAS, effluent",12296,A,59,,Y,1.0,"Surfactants, as CTAS, effluent",Uncommon,Uncommon,34790
37371,Ethylbenzene,10157,I,59,,Y,2.0,Ethylbenzene,Toxic Organics,Toxic Organics,37371
38260,Surfactants [MBAS],10475,A,59,,Y,1.0,Surfactants [MBAS],Toxic Organics,Toxic Organics,38260
38402,Ametryn,10654,A,78,,Y,,,,,38402
38404,Aminocarb,12031,A,59,,Y,,Aminocarb,Uncommon,Uncommon,38404
38418,Barban,11042,A,59,,Y,,Barban,Uncommon,Uncommon,38418
38423,"Chloroneb, total",10910,A,78,,Y,,,,,38423
38432,Dalapon,12155,A,59,,Y,,Dalapon,Uncommon,Uncommon,38432
38446,"Dichloran, total",10878,A,59,,Y,2.0,,,,38446
38451,"Dichlorvos, total",12053,A,59,,Y,2.0,,,,38451
38462,Famphur,12089,A,59,,Y,,,,,38462
38467,Fenuron,12468,A,59,,Y,,Fenuron,Uncommon,Uncommon,38467
38477,Linuron,12464,A,59,,Y,,Linuron,Toxic Organics,Toxic Organics,38477
38486,MCPB,10995,A,59,,Y,,,,,38486
38500,Methiocarb,12025,A,59,,Y,,Methiocarb,Uncommon,Uncommon,38500
38506,Mexacarbate,12030,A,59,,Y,,Mexacarbate,Uncommon,Uncommon,38506
38511,Monuron,12465,A,59,,Y,,Monuron,Uncommon,Uncommon,38511
38521,Neburon,12471,A,59,,Y,,Neburon,Uncommon,Uncommon,38521
38527,PCNB,10935,A,78,,Y,,,,,38527
38528,Polyram,11679,A,59,,Y,2.0,,,,38528
38533,"Propachlor, dissolved",10774,A,59,,Y,2.0,,,,38533
38537,Propoxur,12015,A,59,,Y,,Propoxur,Uncommon,Uncommon,38537
38547,Siduron,12469,A,59,,Y,,Siduron,Uncommon,Uncommon,38547
38554,SWEP,11040,A,59,,Y,,SWEP,Uncommon,Uncommon,38554
38559,"Terbuthylazine, total",10650,A,78,,Y,,,,,38559
38564,Prothiofos,12069,A,59,,Y,,,,,38564
38578,"Propazine, total",10648,A,78,,Y,,,,,38578
38579,"Benzene, halogenated",10928,A,59,,Y,2.0,,,,38579
38580,"Sodium, % exchangeable soil, total",12227,A,16,,Y,1.0,,,,38580
38670,Xanthates,11211,A,59,,Y,2.0,,,,38670
38671,"1,1-Dichloro-2,2,2-trifluoroethane",11261,A,59,,Y,2.0,,,,38671
38672,"1,1,1,2,2-Pentafluoroethane",11269,A,59,,Y,2.0,,,,38672
38674,"1,1,1-Trichloro-2,2,2-trifluoroethane",11251,A,59,,Y,2.0,,,,38674
38675,"1,1-Dichloro-1,2,2,2-tetrafluoroethane",11255,A,59,,Y,2.0,,,,38675
38676,"1,2-Dichloroethene",10279,A,59,,Y,,,,,38676
38677,Bromomethane,10337,A,59,,Y,2.0,,,,38677
38678,Chloromethane,10338,A,59,,Y,2.0,Chloromethane,Uncommon,Uncommon,38678
38679,Dibromomethane [Methylene Bromide],11663,A,59,,Y,2.0,,,,38679
38681,2-Chlorotoluene,10914,A,59,,Y,,,,,38681
38682,"2,3,7,8-Chlorodibenzofuran",11181,A,99,,Y,2.0,,,,38682
38683,"Chlorohexane, total",11394,A,59,,Y,2.0,,,,38683
38686,Tetrachlorvinphos,12051,A,59,,Y,,,,,38686
38691,"2,3,7,8-Tetrachlorodibenzofuran",11181,A,59,,Y,2.0,"2,3,7,8-Tetrachlorodibenzofuran",Uncommon,Uncommon,38691
38693,"Bromodichloromethane, effluent",11660,A,59,,Y,,,,,38693
38705,"Benomyl, total",11045,A,78,,Y,,,,,38705
38710,"Bentazon, total",10697,A,59,,Y,2.0,"Bentazon, total",Uncommon,Uncommon,38710
38715,Bolstar,12070,A,59,,Y,,,,,38715
38720,"Busan 40, total",11048,A,78,,Y,,,,,38720
38725,"Busan 85, total",10188,A,78,,Y,,,,,38725
38740,Chlorpyrifos methyl,12084,A,59,,Y,,,,,38740
38745,"2,4-DB",10994,A,59,,Y,2.0,,,,38745
38765,DEET,10875,A,59,,Y,,,,,38765
38770,Dichlofenthion,12087,A,59,,Y,,,,,38770
38775,"Dichlorvos, total dissolved",12053,A,59,,Y,2.0,,,,38775
38776,"Dichlorvos, total suspended",12053,A,59,,Y,2.0,,,,38776
38777,"Dichlorvos, total sed dry weight",12053,A,59,,Y,2.0,,,,38777
38779,Dinoseb,12016,A,59,,Y,2.0,Dinoseb,Uncommon,Uncommon,38779
38787,"Ethalfluralin water, total",10890,A,59,,Y,2.0,,,,38787
38810,Fluometuron,12467,A,59,,Y,,Fluometuron,Uncommon,Uncommon,38810
61167,"Cations, total",11063,A,37,,Y,,,,,61167
34034,Chlorinated phenols,10390,A,59,,Y,2.0,,,,34034
34035,Isopimaric acid,10685,A,59,,Y,2.0,,,,34035
34036,Linolenic acid,10767,A,59,,Y,2.0,,,,34036
34037,"9,10-Epoxystearic acid",11922,A,59,,Y,2.0,,,,34037
34039,Monochlorodehydroabietic acid,10686,A,59,,Y,2.0,,,,34039
34040,Dichlorodehydroabietic acid,10687,A,59,,Y,2.0,,,,34040
34041,"3,4,5-Trichloroguaiacol",12021,A,59,,Y,2.0,,,,34041
34042,Isoprene,10019,A,59,,Y,2.0,,,,34042
34043,"Phenolics, total",10397,A,108,,Y,,,,,34043
34044,"Oxidants, total residual",11919,A,59,,Y,,,,,34044
34045,"Oxidants, free available",11918,A,59,,Y,,,,,34045
34046,"Oxidants released, total residual",11917,A,59,,Y,,,,,34046
34047,Oxygen transfer efficiency,11929,A,16,,Y,,,,,34047
34048,Oxygen injection diversion,11928,A,51,,Y,,,,,34048
34049,Oxygen injection interruption,11928,A,51,,Y,,,,,34049
34101,Nitroglycerin,10003,A,59,,Y,2.0,,,,34101
34102,Ethylene glycol dinitrate,10638,A,59,,Y,2.0,,,,34102
34103,"Benzene, toluene, xylene in combination",10938,A,59,,Y,2.0,,,,34103
34198,.delta.-BHC,11125,A,59,,Y,2.0,.delta.-BHC,Uncommon,Uncommon,34198
34199,n-Butylbenzene sulfonamide [in water],10949,A,59,,Y,2.0,,,,34199
34200,Acenaphthylene,246,A,59,,Y,2.0,Acenaphthylene,Uncommon,Uncommon,34200
34205,Acenaphthene,10074,A,59,,Y,2.0,Acenaphthene,Uncommon,Uncommon,34205
34208,"Acenaphthene, sed [dry weight]",10074,A,59,,Y,2.0,,,,34208
34210,Acrolein,10054,A,59,,Y,2.0,Acrolein,Toxic Organics,Toxic Organics,34210
34213,"Acrolein, dry weight",10054,A,59,,Y,2.0,,,,34213
34215,Acrylonitrile,10057,A,59,,Y,2.0,Acrylonitrile,Toxic Organics,Toxic Organics,34215
34218,"Acrylonitrile, dry weight",10057,A,59,,Y,2.0,,,,34218
34220,Anthracene,428,A,59,,Y,2.0,Anthracene,Uncommon,Uncommon,34220
34225,Asbestos [fibrous],500,A,59,,Y,2.0,,,,34225
34228,Asbestos [fibrous] dry weight,500,A,59,,Y,,,,,34228
34230,Benzo[b]fluoranthene,10110,A,59,,Y,2.0,Benzo[b]fluoranthene,Toxic Organics,Toxic Organics,34230
34235,"Benzene, dissolved",603,A,59,,Y,2.0,,,,34235
34237,"Benzene, dry weight",603,A,59,,Y,2.0,,,,34237
34242,Benzo[k]fluoranthene,10176,A,59,,Y,2.0,Benzo[k]fluoranthene,Toxic Organics,Toxic Organics,34242
34247,Benzo[a]pyrene,10174,A,59,,Y,2.0,Benzo[a]pyrene,Toxic Organics,Toxic Organics,34247
34250,"Benzo[a]pyrene, dry weight",10174,A,59,,Y,2.0,,,,34250
34253,.alpha.-BHC dissolved,11126,A,59,,Y,2.0,,,,34253
34255,".beta.-BHC, dissolved",11127,A,59,,Y,2.0,,,,34255
34259,.delta.-Benzenehexachloride,11125,A,59,,Y,2.0,,,,34259
34266,.gamma.-Lindane,10228,I,59,,Y,2.0,,,,34266
34268,Bis[chloromethyl] ether,11669,A,59,,Y,2.0,,,,34268
34271,"Bis[chloromethyl] ether, dry weight",11669,A,59,,Y,,,,,34271
34273,Bis[2-chloroethyl] ether,10254,A,59,,Y,2.0,Bis[2-chloroethyl] ether,Toxic Organics,Toxic Organics,34273
34275,Bis[2-chloro-1-methylethyl] ether,12148,A,59,,Y,,,,,34275
34278,Bis[2-chloroethoxy]methane,11248,A,59,,Y,2.0,Bis[2-chloroethoxy]methane,Toxic Organics,Toxic Organics,34278
34281,"Bis[2-chloroethoxy]methane, dry wt.",11248,A,59,,Y,2.0,,,,34281
34283,Bis[2-chloroisopropyl] ether,12149,A,59,,Y,2.0,Bis[2-chloroisopropyl] ether,Toxic Organics,Toxic Organics,34283
34290,"Bromoform, dry weight",11673,A,59,,Y,2.0,,,,34290
34292,Butyl benzyl phthalate,10006,A,59,,Y,2.0,Butyl benzyl phthalate,Uncommon,Uncommon,34292
34299,"Carbon tetrachloride, dry weight",10344,A,59,,Y,2.0,,,,34299
34301,Chlorobenzene,10151,A,59,,Y,2.0,Chlorobenzene,Toxic Organics,Toxic Organics,34301
34304,"Chlorobenzene, dry weight",10151,A,59,,Y,2.0,,,,34304
34306,Chlorodibromomethane,11664,A,59,,Y,2.0,Chlorodibromomethane,Toxic Organics,Toxic Organics,34306
34309,"Chlorodibromomethane, dry weight",11664,A,59,,Y,2.0,,,,34309
34311,"Chloroethane, total weight",10264,I,59,,Y,2.0,,,,34311
34316,"Chloroform, dissolved",10345,A,59,,Y,2.0,,,,34316
34318,"Chloroform, dry weight",10345,A,59,,Y,2.0,,,,34318
34320,Chrysene,1055,A,59,,Y,2.0,Chrysene,Uncommon,Uncommon,34320
34330,"Dichlorobromomethane, dry weight",11660,A,59,,Y,2.0,,,,34330
34334,"Dichlorodifluoromethane, dry weight",11666,A,59,,Y,,,,,34334
34336,Diethyl phthalate,10008,A,59,,Y,2.0,Diethyl phthalate,Toxic Organics,Toxic Organics,34336
34339,"Diethyl phthalate, dry weight",10008,A,59,,Y,2.0,,,,34339
34341,Dimethyl phthalate,10631,A,59,,Y,2.0,Dimethyl phthalate,Toxic Organics,Toxic Organics,34341
34342,Dimethyl phthalate,10631,A,59,,Y,2.0,Dimethyl phthalate,Toxic Organics,Toxic Organics,34342
34344,"Dimethyl phthalate, dry weight",10631,A,59,,Y,2.0,,,,34344
34346,"1,2-Diphenylhydrazine",11399,A,59,,Y,2.0,"1,2-Diphenylhydrazine",Toxic Organics,Toxic Organics,34346
34349,"1,2-Diphenylhydrazine, dry weight",11399,A,59,,Y,2.0,,,,34349
34351,Endosulfan sulfate,10756,A,59,,Y,2.0,Endosulfan sulfate,Uncommon,Uncommon,34351
34356,.beta.-Endosulfan,10758,A,59,,Y,2.0,.beta.-Endosulfan,Uncommon,Uncommon,34356
34361,.alpha.-Endosulfan,10759,A,59,,Y,2.0,.alpha.-Endosulfan,Uncommon,Uncommon,34361
34366,Endrin aldehyde,10627,A,59,,Y,2.0,Endrin aldehyde,Uncommon,Uncommon,34366
34371,Ethylbenzene,10157,A,59,,Y,2.0,Ethylbenzene,Toxic Organics,Toxic Organics,34371
34374,"Ethylbenzene, dry weight",10157,A,59,,Y,2.0,,,,34374
34376,Fluoranthene,7822,A,59,,Y,2.0,Fluoranthene,Toxic Organics,Toxic Organics,34376
34379,"Fluoranthene, dry weight",7822,A,59,,Y,2.0,,,,34379
34381,Fluorene,10072,A,59,,Y,2.0,Fluorene,Uncommon,Uncommon,34381
34384,"Fluorene, dry weight",10072,A,59,,Y,2.0,,,,34384
34386,Hexachlorocyclopentadiene,10662,A,59,,Y,2.0,Hexachlorocyclopentadiene,Toxic Organics,Toxic Organics,34386
34389,"Hexachlorocyclopentadiene, dry weight",10662,A,59,,Y,2.0,,,,34389
34391,Hexachlorobutadiene,10017,A,59,,Y,2.0,Hexachlorobutadiene,Toxic Organics,Toxic Organics,34391
34396,Hexachloroethane,10266,A,59,,Y,2.0,Hexachloroethane,Toxic Organics,Toxic Organics,34396
34399,"Hexachloroethane, dry weight",10266,A,59,,Y,2.0,,,,34399
34403,"Indeno[1,2,3-cd]pyrene",10313,A,59,,Y,2.0,"Indeno[1,2,3-cd]pyrene",Toxic Organics,Toxic Organics,34403
34406,"Indeno[1,2,3-cd]pyrene, dry weight",10313,A,59,,Y,2.0,,,,34406
38820,"Isopropalin water, total",10884,A,59,,Y,2.0,,,,38820
49878,Potassium permanganate,11997,A,35,,Y,,,,,49878
49879,Chloride [1% solution],5033,A,35,,Y,,,,,49879
49880,Chloride [3% solution],5033,A,35,,Y,,,,,49880
49881,Diquat product,11198,A,35,,Y,,,,,49881
49882,Formalin [250 mg/L application],10288,A,35,,Y,,,,,49882
49883,Formalin [1670 mg/L application],10288,A,35,,Y,,,,,49883
49884,Hatchery flow,11381,A,65,,Y,,,,,49884
49885,Hatchery flow treated,11382,A,90,,Y,,,,,49885
49886,Betz clam-trol CT-2,11099,A,59,,Y,,,,,49886
49887,Betz clam-trol CT-4,11100,A,59,,Y,,,,,49887
49888,"1,1-Dichloro-2,2-diethoxyethane",11256,A,59,,Y,,,,,49888
49889,2-Ethylbenzeneamine,10881,A,59,,Y,,,,,49889
49890,"Tetramethylurea, total",12472,A,59,,Y,,,,,49890
49922,"Diesel range organics diesel, total, wtr",11189,A,59,,Y,,,,,49922
49924,N-Methylbenzeneamine,10891,A,59,,Y,,,,,49924
50008,Priority Pollutants,12121,A,59,,Y,2.0,,,,50008
50018,"2,4-Di-tert-pentylphenol, total",12009,A,59,,Y,,,,,50018
50019,"Butylamine, total, water",10673,A,59,,Y,,,,,50019
50020,"1-Formylpiperdine, total",10688,A,59,,Y,,,,,50020
50021,"Tripropyl orthoformate, total",12143,A,59,,Y,,,,,50021
50022,"Trimethyl orthoacetate, total",11253,A,59,,Y,,,,,50022
50023,"U-Toluidine, total",10893,A,59,,Y,,,,,50023
50024,"Chlordane, CA Ocean Plan definition",11081,A,59,,Y,2.0,,,,50024
50033,"Condenser cooling, water pumping rate",11113,A,65,,Y,,,,,50033
50037,Duration,11230,A,137,,Y,,Duration,Uncommon,Uncommon,50037
50043,Plant intake as % of stream flow,12097,A,16,,Y,,,,,50043
50045,Application rate area sprayed,10825,A,145,,Y,,,,,50045
50047,"Flow, maximum during 24 hr period",11316,A,65,,Y,,,,,50047
50048,"Flow, maximum during 24 hour period",11316,I,65,,Y,,,,,50048
50049,"Flow, wastewater by-passing trtmnt plant",11325,A,65,,Y,,,,,50049
50050,"Flow, in conduit or thru treatment plant",11315,A,66,,Y,,"Flow, in conduit or thru treatment plant",Flow,Flow,50050
50056,"Injection pressure, at well head",11422,A,93,,Y,,,,,50056
50057,Pressure in annulus of waste inject well,12118,A,94,,Y,,,,,50057
50058,Chlorine dose,11090,A,59,,Y,2.0,,,,50058
50059,Chlorine rate,11092,A,59,,Y,2.0,,,,50059
50060,"Chlorine, total residual",928,A,59,,Y,2.0,"Chlorine, total residual",Inorganics,Disinfectants,50060
50064,"Chlorine, free available",928,A,59,,Y,2.0,"Chlorine, free available",Inorganics,Disinfectants,50064
50066,"Chlorine, combined available",928,A,59,,Y,2.0,,,,50066
50068,Chlorination,11086,A,154,,Y,2.0,,,,50068
50070,Chlorine dioxide,10206,A,59,,Y,2.0,,,,50070
50073,Monoboro chlorate,11082,A,59,,Y,1.0,,,,50073
50074,Chlorite,7212,A,59,,Y,1.0,,,,50074
50075,Ferricyanide,11295,A,59,,Y,2.0,,,,50075
50076,"BOD, percent removal [total]",10859,A,16,Y,Y,1.0,,,,50076
50077,5-Day sum of BOD5 discharged,10754,A,118,,Y,1.0,,,,50077
50078,7-Day sum of BOD5 discharged,10764,A,118,,Y,1.0,,,,50078
50079,7-Day sum of WLA values,10765,A,118,,Y,1.0,,,,50079
50081,WLA BOD-5 day value,12485,A,59,,Y,1.0,,,,50081
50082,5-Day sum of WLA values,10755,A,118,,Y,1.0,,,,50082
50083,Avg. of 7-day sum of BOD5 values,10834,A,59,,Y,1.0,,,,50083
50092,"Mercury, total low level",2448,A,59,,Y,2.0,,,,50092
50248,Total production - days,12429,A,134,,Y,,,,,50248
50256,"Halogens, adsorbable organic [AOX]",10091,A,103,,Y,,,,,50256
50258,"Hydrogen peroxide, total, dilution ratio",10308,A,35,,Y,1.0,,,,50258
50259,"Hydrocarbon, aqueous",11402,A,59,,Y,,,,,50259
50286,"Mercury, total [low level]",2448,A,59,,Y,2.0,,,,50286
50570,"4-Chloro-2,6-dinitrophenol",12033,A,59,,Y,,,,,50570
50572,Pentaeerythritol tetranitrate,10666,A,59,,Y,,,,,50572
50758,Triethylene glycol,11275,A,59,,Y,,,,,50758
50762,2-Propanone,10051,A,59,,Y,2.0,,,,50762
50763,Butanone,4800,A,59,,Y,2.0,,,,50763
50764,Trichloroethane,10267,I,59,,Y,2.0,,,,50764
50796,Acrylamide,6400,A,59,,Y,2.0,,,,50796
50797,Carcinogen additivity factor,11061,A,12,,N,,,,,50797
50901,Glycol [total],10012,A,59,,Y,,,,,50901
50997,Surface loading rate,12295,A,53,,Y,,Surface loading rate,Uncommon,Uncommon,50997
51000,Methyl formate,11330,A,59,,Y,2.0,,,,51000
51001,Isobutyraldehyde,12137,A,59,,Y,2.0,,,,51001
51002,n-Amyl acetate,10086,A,59,,Y,2.0,,,,51002
51003,Amyl alcohol,10682,A,59,,Y,2.0,,,,51003
51004,Boundary areas,10988,A,54,,Y,,,,,51004
51005,% of fecal coliform samples < detectable,11995,A,16,,Y,,,,,51005
51006,Spinosad [DE-105],12266,A,59,,Y,,,,,51006
51007,.beta.-BHC,11127,I,59,,Y,2.0,.beta.-BHC,Uncommon,Uncommon,51007
51008,tert-Butyl alcohol [TBA],10050,A,59,,Y,2.0,,,,51008
51009,RDX+HMX,10645,A,59,,Y,,,,,51009
51010,Methyl acrylate,10736,A,59,,Y,2.0,,,,51010
51011,Dibutyl phthalate,10007,A,59,,Y,,,,,51011
51012,"BOD, 5 day percent removal, dry",10842,A,16,Y,Y,1.0,,,,51012
51013,"BOD, 5 day percent removal, wet",10843,A,16,Y,Y,1.0,,,,51013
39504,PCB-1254,4880,A,59,,Y,2.0,PCB-1254,Uncommon,Uncommon,39504
39507,"PCB-1254, bot. dep.,dry solid",4880,A,59,,Y,,,,,39507
39508,PCB-1260,457,A,59,,Y,2.0,PCB-1260,Uncommon,Uncommon,39508
39511,"PCB-1260, bot. dep., dry solid",457,A,59,,Y,,,,,39511
THA6E,Chronic Value Static 48Hr Acute Lepomis Macrochirus,4677,A,16,,Y,,,,,THA6E
THB6E,Chv Static 96Hr Acute Lepomis Macrochirus,4677,A,16,,Y,,,,,THB6E
THC6E,Chv Static 4Day Chronic Lepomis Macrochirus,4677,A,16,,Y,,,,,THC6E
THD6E,Chv Static 7Day Chronic Lepomis Macrochirus,4677,A,16,,Y,,,,,THD6E
THE6E,Chronic Value Static 1Hr Chronic Lepomis macrochirus,4677,A,16,,Y,,,,,THE6E
THF6D,Chv Static 1Hr Chronic Salmo Gair.,4677,A,16,,Y,,,,,THF6D
THG6D,Chv Static 48Hr Chronic Salmo Gair.,4677,A,16,,Y,,,,,THG6D
THM6E,Chronic Value Static Renewal 48Hr Acute Lepomis Macrochirus,4677,A,16,,Y,,,,,THM6E
THN6E,Chv Statre 96Hr Acute Lepomis Macrochi,4677,A,16,,Y,,,,,THN6E
THO6E,Chv Statre 4Day Chronic Lepomis Macrochi,4677,A,16,,Y,,,,,THO6E
THP3B,Chv Statre 7Day Chronic Ceriodaphnia,4677,A,16,,Y,,,,,THP3B
THP6C,Chv Statre 7Day Chronic Pimephales,4677,A,16,,Y,,,,,THP6C
THP6E,Chv Statre 7Day Chronic Lepomis Macrochi,4677,A,16,,Y,,,,,THP6E
THW6E,Chv Flth 48Hr Acute Lepomis Macrochi,4677,A,16,,Y,,,,,THW6E
THX6E,Chv Flth 96Hr Acute Lepomis Macrochi,4677,A,16,,Y,,,,,THX6E
THY6E,Chv Flth 4Day Chronic Lepomis Macrochi,4677,A,16,,Y,,,,,THY6E
THZ6E,Chv Flth 7Day Chronic Lepomis Macrochi,4677,A,16,,Y,,,,,THZ6E
TIA3F,LC50 Pass/Fail Static 48Hr Acute Oyster Embryo,4677,A,16,,Y,,,,,TIA3F
TIA6E,LC50 Pass/Fail Static 48Hr Acute Lepomis Macrochirus,4677,A,16,,Y,,,,,TIA6E
TIB6E,LC50 Pass/Fail Static 96Hr Acute Lepomis Macrochiru,4677,A,16,,Y,,,,,TIB6E
TIC6E,LC50 Pass/Fail Static 4Day Chronic Lepomis Macrochiru,4677,A,16,,Y,,,,,TIC6E
TID6E,LC50 Pass/Fail Static 7Day Chronic Lepomis Macrochiru,4677,A,16,,Y,,,,,TID6E
TIE3B,LC50 Pass/Fail Static 24Hr Acute Ceriodaphnia,4677,A,55,,N,,,,,TIE3B
TIE3C,Daphnia Magna Survi-Val 24 Hr. Acute Wet,4677,A,55,,N,,,,,TIE3C
TIE3D,LC50 Pass/Fail Static 24Hr Acute D. Pulex,4677,A,55,,N,,,,,TIE3D
TIE3E,LC50 Pass/Fail Static 24Hr Acute Mysid. Bahia,4677,A,55,,N,,,,,TIE3E
TIE6A,LC50 Pass/Fail Static 24Hr Acute Cyprinodon,4677,A,55,,N,,,,,TIE6A
TIE6B,LC50 Pass/Fail Static 24Hr Acute Menidia menidia,4677,A,55,,N,,,,,TIE6B
TIE6C,LC50 Pass/Fail Static 24Hr Acute Pimphales,4677,A,55,,N,,,,,TIE6C
TIE6E,LC50 Pass/Fail Static 1Hr Chronic Lepomis macrochirus,4677,A,16,,Y,,,,,TIE6E
TIG1A,LC50 Pass/Fail 1Hr Fert. Test Chr.,4677,A,16,,Y,,,,,TIG1A
TIM3B,LC50 Statre 48Hr Acuc. Dubia,4677,A,55,,N,,,,,TIM3B
TIM3D,LC50 Pass/Fail Static Renewal 48Hr Acute Daphnia Pulex,4677,A,55,,N,,,,,TIM3D
TIM6C,LC50 Statre 48Hr Acute P. Promelas,4677,A,55,,N,,,,,TIM6C
TIM6E,LC50 Pass/Fail Static Renewal 48Hr Acute Lepomis Macrochirus,4677,A,16,,Y,,,,,TIM6E
TIN6E,LC50 Pass/Fail Statre 96Hr Acute Lepomis Macrochi,4677,A,16,,Y,,,,,TIN6E
TIO6E,LC50 Pass/Fail Statre 4Day Chronic Lepomis Macrochi,4677,A,16,,Y,,,,,TIO6E
TIP6E,LC50 Pass/Fail Statre 7Day Chronic Lepomis Macrochi,4677,A,16,,Y,,,,,TIP6E
TIW6E,LC50 Pass/Fail Flth 48Hr Acute Lepomis Macrochi,4677,A,16,,Y,,,,,TIW6E
TIX6E,LC50 Pass/Fail Flth 96Hr Acute Lepomis Macrochi,4677,A,16,,Y,,,,,TIX6E
TIY6E,LC50 Pass/Fail Flth 4Day Chronic Lepomis Macrochi,4677,A,16,,Y,,,,,TIY6E
TIZ6E,LC50 Pass/Fail Flth 7Day Chronic Lepomis Macrochi,4677,A,16,,Y,,,,,TIZ6E
TJA3B,% Mortality Static 48Hr Acute Ceriodaphnia,4677,A,16,,Y,,,,,TJA3B
TJA3E,% Mortality Static 48Hr Acute Mysid. Bahia,4677,A,16,,Y,,,,,TJA3E
TJB1B,%Mortality 96Hr Acute L. Minor,4677,A,16,,Y,,,,,TJB1B
TJE1A,%Mortality 1Hr Chronic Selen. Capr.,4677,A,16,,Y,,,,,TJE1A
TJE1B,%Mortality 1Hr Chronic L. Minor,4677,A,16,,Y,,,,,TJE1B
TJE3B,%Mortality Static 24Hr Acute Ceriodaphnia,4677,A,16,,Y,,,,,TJE3B
TJE6C,%Mortality Static 24Hr Acute Pimephales,4677,A,16,,Y,,,,,TJE6C
TJF1A,"48Hr Chr, 5-7 Day Rec. Selen. Capr.",4677,A,16,,Y,,,,,TJF1A
TJF1B,"48Hr Chr, 5-7 Day Rec. L. Minor",4677,A,16,,Y,,,,,TJF1B
TJG1A,1 Hr Fert. Test Chronic Selen. Capr.,4677,A,16,,Y,,,,,TJG1A
TJM3D,%Mortality Static Renewal 48Hr Acute Daphnia Pulex,4677,A,16,,Y,,,,,TJM3D
TJM6C,%Mortality 48Hr Acute P. Promelas Test,4677,A,16,,Y,,,,,TJM6C
TJP3B,%Mortality 7Day Chronic Ceriodaphnia,4677,A,16,,Y,,,,,TJP3B
TJP3E,%Mortality 7Day Chronic Mysid. Bahia,4677,A,16,,Y,,,,,TJP3E
TJP3X,%Mortality Static Renewal 7Day Chronic Daphnia Ambigua,4677,A,16,,Y,,,,,TJP3X
TJP6C,%Mortality Static Renewal 7Day Chronic Pimephales Promelas,4677,A,16,,Y,,,,,TJP6C
TKB1A,TU 96Hr Acute Selen. Capr.,4677,A,16,,Y,,,,,TKB1A
TKB1B,TU 96Hr Acute L. Minor,4677,A,16,,Y,,,,,TKB1B
TKE1A,TU 1Hr Chronic Selen. Capr.,4677,A,16,,Y,,,,,TKE1A
TKE1B,TU 1Hr Chronic L. Minor,4677,A,16,,Y,,,,,TKE1B
TKF1A,"TU 48Hr Chr, 5-7 Day Rec. Selen. Capr.",4677,A,16,,Y,,,,,TKF1A
TKF1B,"TU 48 Hr Chr, 5-7 Day Rec. L. Minor",4677,A,16,,Y,,,,,TKF1B
81020,Sulfate,6101,A,59,,Y,1.0,Sulfate,Uncommon,Uncommon,81020
81021,"Residue, total volatile",12255,A,59,,Y,1.0,,,,81021
81207,Seawater gel mud,12204,A,65,,Y,1.0,,,,81207
81208,"Cyanide, free not amenable to chlorin.",5123,A,59,,Y,2.0,,,,81208
81281,Kepone,10642,A,59,,Y,2.0,,,,81281
81283,Benzene hexachloride,11124,A,59,,Y,2.0,,,,81283
81284,Trifluralin [C13H16F3N3O4],10879,A,59,,Y,2.0,,,,81284
81286,"BOD, carbonaceous [5-day, 20 C][streamflow]",10107,A,107,,Y,1.0,,,,81286
81287,Dinitrobutyl phenol,12016,A,59,,Y,2.0,,,,81287
81288,"BHC, total",11124,A,59,,Y,2.0,,,,81288
81290,EPN,12048,A,59,,Y,,,,,81290
81291,Phosalone,12075,A,59,,Y,,,,,81291
81292,Azinphos-ethyl,12066,A,59,,Y,,,,,81292
81293,Coumaphos,12088,A,59,,Y,2.0,,,,81293
81295,"DEF, total",12090,A,78,,Y,,,,,81295
81299,"Organics, total",2991,A,59,,Y,2.0,,,,81299
81302,Dibenzofuran,5201,A,59,,Y,2.0,,,,81302
81308,"Hydrocarbons, nitrated",11405,A,59,,Y,2.0,,,,81308
81313,Hydrazine,2072,A,59,,Y,2.0,,,,81313
81314,"1,1-Dimethylhydrazine",11398,A,59,,Y,2.0,,,,81314
81317,Thiosulfate ion[2-],12406,A,59,,Y,2.0,,,,81317
81318,Ferrocyanide,11296,A,59,,Y,1.0,,,,81318
81322,Chlorpropham,11041,A,59,,Y,,Chlorpropham,Uncommon,Uncommon,81322
81324,"Camphor, whole water",10177,A,59,,Y,,,,,81324
81328,"Dichloroethene, total",11287,A,59,,Y,2.0,,,,81328
81329,"Hexene, total water",11397,A,59,,Y,,,,,81329
81332,"N,N-Dimethyl acetamide, whole water",10776,A,59,,Y,,,,,81332
81333,"Dichlorobenzene, isomer",10152,A,59,,Y,2.0,,,,81333
34445,"Naphthalene, dry weight",5680,A,59,,Y,2.0,,,,34445
34447,Nitrobenzene,10164,A,59,,Y,2.0,Nitrobenzene,Toxic Organics,Toxic Organics,34447
34450,"Nitrobenzene, dry weight",10164,A,59,,Y,2.0,,,,34450
34452,para-Chloro-meta-cresol,12036,A,59,,Y,2.0,,,,34452
34461,Phenanthrene,7827,A,59,,Y,2.0,Phenanthrene,Toxic Organics,Toxic Organics,34461
34464,"Phenanthrene, dry weight",7827,A,59,,Y,2.0,,,,34464
34469,Pyrene,7829,A,59,,Y,2.0,Pyrene,Toxic Organics,Toxic Organics,34469
34472,"Pyrene, dry weight",7829,A,59,,Y,2.0,,,,34472
34475,Tetrachloroethylene,10284,A,59,,Y,2.0,Tetrachloroethylene,Toxic Organics,Toxic Organics,34475
34478,"Tetrachloroethylene, dry weight",10284,A,59,,Y,2.0,,,,34478
34480,Thallium in bottom deposits [dry wgt],4068,A,59,,Y,2.0,,,,34480
34481,"Toluene, dissolved",10161,A,59,,Y,2.0,,,,34481
34483,"Toluene, dry weight",10161,A,59,,Y,2.0,,,,34483
34485,"Trichloroethylene, dissolved",10285,A,59,,Y,2.0,,,,34485
34487,"Trichloroethylene, dry weight",10285,A,59,,Y,2.0,,,,34487
34488,Trichlorofluoromethane,10346,A,59,,Y,2.0,Trichlorofluoromethane,Uncommon,Uncommon,34488
34495,"Vinyl chloride, dry weight",10282,A,59,,Y,2.0,,,,34495
34496,"1,1-Dichloroethane",10259,A,59,,Y,2.0,"1,1-Dichloroethane",Uncommon,Uncommon,34496
34499,"1,1-Dichloroethane, dry weight",10259,A,59,,Y,2.0,,,,34499
34501,"1,1-Dichloroethylene",10278,A,59,,Y,2.0,"1,1-Dichloroethylene",Toxic Organics,Toxic Organics,34501
34504,"1,1-Dichloroethylene, dry weight",10278,A,59,,Y,2.0,,,,34504
34506,"1,1,1-Trichloroethane",10256,A,59,,Y,2.0,"1,1,1-Trichloroethane",Toxic Organics,Toxic Organics,34506
34509,"1,1,1-Trichloroethane, dry weight",10256,A,59,,Y,2.0,,,,34509
34511,"1,1,2-Trichloroethane",10258,A,59,,Y,2.0,"1,1,2-Trichloroethane",Toxic Organics,Toxic Organics,34511
34514,"1,1,2-Trichloroethane, dry weight",10258,A,59,,Y,2.0,,,,34514
34516,"1,1,2,2-Tetrachloroethane",10257,A,59,,Y,2.0,"1,1,2,2-Tetrachloroethane",Toxic Organics,Toxic Organics,34516
34519,"1,1,2,2-Tetrachloroethane, dry weight",10257,A,59,,Y,2.0,,,,34519
34521,Benzo[ghi]perylene,10956,A,59,,Y,2.0,Benzo[ghi]perylene,Uncommon,Uncommon,34521
34526,Benzo[a]anthracene,10109,A,59,,Y,2.0,Benzo[a]anthracene,Uncommon,Uncommon,34526
34531,"1,2-Dichloroethane, total weight",10262,I,59,,Y,2.0,,,,34531
34534,"1,2-Dichloroethane, dry weight",10262,A,59,,Y,2.0,,,,34534
34536,"1,2-Dichlorobenzene",10133,A,59,,Y,2.0,"1,2-Dichlorobenzene",Uncommon,Uncommon,34536
34539,"1,2-Dichlorobenzene, dry weight",10133,A,59,,Y,2.0,,,,34539
34541,"1,2-Dichloropropane",10417,A,59,,Y,2.0,"1,2-Dichloropropane",Uncommon,Uncommon,34541
34544,"1,2-Dichloropropane, dry weight",10417,A,59,,Y,2.0,,,,34544
34546,"trans-1,2-Dichloroethylene",10280,A,59,,Y,2.0,"trans-1,2-Dichloroethylene",Uncommon,Uncommon,34546
34549,"1,2-trans-Dichloroethylene, dry weight",10280,A,59,,Y,2.0,,,,34549
34551,"1,2,4-Trichlorobenzene",10130,A,59,,Y,2.0,"1,2,4-Trichlorobenzene",Uncommon,Uncommon,34551
34554,"1,2,4-Trichlorobenzene, dry weight",10130,A,59,,Y,2.0,,,,34554
34556,"Dibenz[a,h]anthracene",10238,A,59,,Y,2.0,"Dibenz[a,h]anthracene",Toxic Organics,Toxic Organics,34556
34559,"Dibenzo[a,h]anthracene, dry weight",10238,A,59,,Y,2.0,,,,34559
34561,"1,3-Dichloropropene, total weight",10031,I,59,,Y,2.0,,,,34561
34566,"1,3-Dichlorobenzene",10136,A,59,,Y,2.0,"1,3-Dichlorobenzene",Uncommon,Uncommon,34566
34569,"1,3-Dichlorobenzene, dry weight",10136,A,59,,Y,2.0,,,,34569
34571,"1,4-Dichlorobenzene",10140,A,59,,Y,2.0,"1,4-Dichlorobenzene",Toxic Organics,Toxic Organics,34571
34574,"1,4-Dichlorobenzene, dry weight",10140,A,59,,Y,2.0,,,,34574
34576,"2-Chloroethyl vinyl ether, [mixed]",11286,A,59,,Y,2.0,"2-Chloroethyl vinyl ether, [mixed]",Uncommon,Uncommon,34576
34579,"2-Chloroethyl vinyl ether, dry weight",11286,A,59,,Y,2.0,,,,34579
34581,2-Chloronaphthalene,11875,A,59,,Y,2.0,2-Chloronaphthalene,Uncommon,Uncommon,34581
34586,2-Chlorophenol,10383,A,59,,Y,2.0,2-Chlorophenol,Uncommon,Uncommon,34586
34591,2-Nitrophenol,10385,A,59,,Y,2.0,2-Nitrophenol,Uncommon,Uncommon,34591
34596,Di-n-octyl phthalate,10009,A,59,,Y,2.0,Di-n-octyl phthalate,Uncommon,Uncommon,34596
34599,"Di-n-octyl phthalate, dry weight",10009,A,59,,Y,2.0,,,,34599
34601,"2,4-Dichlorophenol",12010,A,59,,Y,2.0,"2,4-Dichlorophenol",Uncommon,Uncommon,34601
34606,"2,4-Dimethylphenol",10382,A,59,,Y,2.0,"2,4-Dimethylphenol",Uncommon,Uncommon,34606
34611,"2,4-Dinitrotoluene",10144,A,59,,Y,2.0,"2,4-Dinitrotoluene",Toxic Organics,Toxic Organics,34611
34614,"2,4-Dinitrotoluene, dry weight",10144,A,59,,Y,2.0,,,,34614
34616,"2,4-Dinitrophenol",12011,A,59,,Y,2.0,"2,4-Dinitrophenol",Toxic Organics,Toxic Organics,34616
34619,"2,4-Dinitrophenol, dry weight",12011,A,59,,Y,,,,,34619
34621,"2,4,6-Trichlorophenol",12007,A,59,,Y,2.0,"2,4,6-Trichlorophenol",Toxic Organics,Toxic Organics,34621
34624,"2,4,6-Trichlorophenol, dry weight",12007,A,59,,Y,2.0,,,,34624
34626,"2,6-Dinitrotoluene",10150,A,59,,Y,2.0,"2,6-Dinitrotoluene",Uncommon,Uncommon,34626
34629,"2,6-Dinitrotoluene, dry weight",10150,A,59,,Y,2.0,,,,34629
34631,"3,3'-Dichlorobenzidine",12519,A,59,,Y,2.0,"3,3'-Dichlorobenzidine",Toxic Organics,Toxic Organics,34631
34634,"3,3'-Dichlorobenzidine, dry weight",12519,A,59,,Y,2.0,,,,34634
TDM6E,NOEAL Static Renewal 48Hr Acute Lepomis Macrochirus,4677,A,16,,Y,,,,,TDM6E
TKF3K,TU Static 1Hr Chronic Red Sea Urchin,4677,A,49,,Y,,,,,TKF3K
TKF3L,TU Static 1Hr Chronic Purple Sea Urchin,4677,A,49,,Y,,,,,TKF3L
TKF3M,TU Static 1Hr Chronic Green Sea Urchin,4677,A,49,,Y,,,,,TKF3M
TKF3N,TU Static 1Hr Chronic Dendraster Excent,4677,A,49,,Y,,,,,TKF3N
TKG1A,TU 1Hr Fert. Test Chronic Selen Capr.,4677,A,16,,Y,,,,,TKG1A
TKG1B,TU 1Hr Fert. Test Chronic L. Minor,4677,A,16,,Y,,,,,TKG1B
TKG3O,TU Static 48Hr Chronic Crassostrea Gigas,4677,A,49,,Y,,,,,TKG3O
TKG3P,TU Static 48Hr Chronic Mytilus Edulis,4677,A,49,,Y,,,,,TKG3P
TKN3H,TU Statre 96Hr Acute Pandulas Hypsinotus,4677,A,49,,Y,,,,,TKN3H
TKN3I,TU Statre 96Hr Acute Pandulas Borealis,4677,A,49,,Y,,,,,TKN3I
TKN3J,TU Statre 96Hr Acute Cancer Magister,4677,A,49,,Y,,,,,TKN3J
TKN6G,TU Statre 96Hr Acute Orcorhynchus Gorbus,4677,A,49,,Y,,,,,TKN6G
TLB1A,LF Pass/Fail Survival Test 96Hr Acute Selen. Capr,4677,A,16,,Y,,,,,TLB1A
TLE1A,LF Pass/Fail Survival Test 1Hr Chronic Selen. Capr.,4677,A,16,,Y,,,,,TLE1A
TLE1B,LF Pass/Fail Survival Test 1Hr Chronic L. Minor,4677,A,16,,Y,,,,,TLE1B
TLF1A,"LF Pass/Fail Survival Test 48Hr Chr, 5-7 Day Rec Selen. Capr.",4677,A,16,,Y,,,,,TLF1A
TLF1B,"LF Pass/Fail Survival Test 48Hr Chr, 5-7 Day Rec L. Minor",4677,A,16,,Y,,,,,TLF1B
TLG1A,LF Pass/Fail Survival Test 1Hr Fert. Test Chronic Selen. Capr,4677,A,16,,Y,,,,,TLG1A
TLG1B,LF Pass/Fail Survival Test 1Hr Fert. Test Chronic L. Minor,4677,A,16,,Y,,,,,TLG1B
TLP3B,Low Flow Pass/Fail Survival Test Static Renewal 7 Day Chronic Ceriodaphnia dubia,4677,A,55,,N,,,,,TLP3B
TLP3E,Low Flow Pass/Fail Survival Test Static Renewal 7 Day Chronic Americamysis bahia,4677,A,55,,N,,,,,TLP3E
TLP6A,Low Flow Pass/Fail Survival Test Static Renewal  7 Day Chronic Cyprinodeon variegatus,4677,A,55,,N,,,,,TLP6A
TLP6B,Low Flow Pass/Fail Survival Test Static Renewal 7 Day Chronic Menidia menidia,4677,A,55,,N,,,,,TLP6B
TLP6C,Low Flow Pass/Fail Survival Test Static Renewal 7 Day Chronic Pimephales promelas,4677,A,55,,N,,,,,TLP6C
TMB1A,LC10 96Hr Acute Selen. Capr.,4677,A,16,,Y,,,,,TMB1A
TMB1B,LC10 96Hr Acute L. Minor,4677,A,16,,Y,,,,,TMB1B
TME1A,LC10 1Hr Chronic Selen. Capr,4677,A,16,,Y,,,,,TME1A
TME1B,LC10 1Hr Chronic L. Minor,4677,A,16,,Y,,,,,TME1B
TME3B,Ceriodaphnia,4677,A,16,,Y,,,,,TME3B
TME6C,Pimephales,4677,A,16,,Y,,,,,TME6C
TMF1A,"LC10 48Hr Chr, 5-7 Day Rec Selen. Capr.",4677,A,16,,Y,,,,,TMF1A
TMF1B,"LC10 48Hr Chr, 5-7 Day Rec L. Minor",4677,A,16,,Y,,,,,TMF1B
TMG1A,LC10 1Hr Fert. Test Chronic Selen. Capr.,4677,A,16,,Y,,,,,TMG1A
TMG1B,LC10 1Hr Fert. Test Chronic L. Minor,4677,A,16,,Y,,,,,TMG1B
TMM3B,LC10 Statre 48Hr Acute Ceriodaphnia,4677,A,16,,Y,,,,,TMM3B
TMM3C,LC10 Statre 48Hr Acute D. Magna,4677,A,16,,Y,,,,,TMM3C
TMN3B,LC10 Statre 96Hr Acuceriodaphnia,4677,A,16,,Y,,,,,TMN3B
TMN3E,LC10 Statre 96Hr Acumysid. Bahia,4677,A,16,,Y,,,,,TMN3E
TMN6B,LC10 Statre 96Hr Acumenidia,4677,A,16,,Y,,,,,TMN6B
TMN6C,LC10 Statre 96Hr Acute Pimephales,4677,A,16,,Y,,,,,TMN6C
TNA3C,LC20 Static 48Hr Acute Ceriodaphnia,4677,A,16,,Y,,,,,TNA3C
TNA3E,LC20 Static 48Hr Acute Mysid. Bahia,4677,A,16,,Y,,,,,TNA3E
TNB1A,LC20 96Hr Acute Selen. Capr.,4677,A,16,,Y,,,,,TNB1A
TNB1B,LC20 96Hr Acute L. Minor,4677,A,16,,Y,,,,,TNB1B
TNB3B,LC20 Static 96Hr Acute Ceriodaphnia,4677,A,16,,Y,,,,,TNB3B
TNB3E,LC20 Static 96Hr Acute Mysid. Bahia,4677,A,16,,Y,,,,,TNB3E
TNB6B,LC20 Static 96Hr Acute Menidia,4677,A,16,,Y,,,,,TNB6B
TNB6C,LC20 Static 96Hr Acute Pimephales,4677,A,16,,Y,,,,,TNB6C
TNB6H,LC20 Static 96Hr Acute Cyprinella Leedsi,4677,A,16,,Y,,,,,TNB6H
TNC1A,LC20 4Day Chronic Selen. Capr.,4677,A,16,,Y,,,,,TNC1A
TNC1B,LC20 4Day Chr. L. Minor,4677,A,16,,Y,,,,,TNC1B
TNE1A,LC20 1Hr Chronic Selen. Capr.,4677,A,16,,Y,,,,,TNE1A
TNE1B,LC20 1Hr Chronic L. Minor,4677,A,16,,Y,,,,,TNE1B
TNF1A,"LC20 48Hr Chr, 5-7 Day Rec. Selen. Capr.",4677,A,16,,Y,,,,,TNF1A
TNF1B,"LC20 48Hr Chr, 5-7 Day Rec. L. Minor",4677,A,16,,Y,,,,,TNF1B
TNG1A,LC20 1Hr Fert. Test Chronic Selen Capr.,4677,A,16,,Y,,,,,TNG1A
TNG1B,LC20 1Hr Fert. Test Chronic L. Minor,4677,A,16,,Y,,,,,TNG1B
TNN3B,LC20 Statre 96Hr Acute Ceriodaphnia,4677,A,16,,Y,,,,,TNN3B
TNN3E,LC20 Statre 96Hr Acumysid Bahia,4677,A,16,,Y,,,,,TNN3E
TNN6B,LC20 Statre 96Hr Acumenidia,4677,A,16,,Y,,,,,TNN6B
TNN6C,LC20 Static Renewal 96Hr Acupimephales,4677,A,59,,Y,,,,,TNN6C
TNN6H,LC20 Statre 96Hr Acucyprinella Leedsi,4677,A,16,,Y,,,,,TNN6H
TNP3C,LC20 Statre 7Day Chrceriodaphnia,4677,A,16,,Y,,,,,TNP3C
TNP3E,LC20 Statre 7Day Chrmysid. Bahia,4677,A,16,,Y,,,,,TNP3E
TOM3C,NOEC Lethal Static Renewal 48HR Acute Daphnia magna,4677,A,16,N,Y,,,,,TOM3C
TOM3D,NOEC Lethal Static Renewal 48HR Acute Daphnia pulex,4677,A,16,N,Y,,,,,TOM3D
TOM3E,NOEC Lethal Static Renewal 48HR Acute Americamysis bahia,4677,A,16,N,Y,,,,,TOM3E
TOM6A,NOEC Lethal Static Renewal 48HR Acute Cyprinodeon variegatus,4677,A,16,N,Y,,,,,TOM6A
TOM6B,NOEC Lethal Static Renewal 48HR Acute Menidia menidia,4677,A,16,N,Y,,,,,TOM6B
TOM6C,NOEC Lethal Static Renewal 48HR Acute Pimephales promelas,4677,A,16,N,Y,,,,,TOM6C
TOP3B,NOEC Lethal Static Renewal 7 Day Chronic Ceriodaphnia dubia,4677,A,16,N,Y,,,,,TOP3B
TOP3E,NOEC Lethal Static Renewal 7 Day Chronic Americamysis bahia,4677,A,16,N,Y,,,,,TOP3E
61189,"Carbosulfan, total",11043,A,59,,Y,2.0,,,,61189
61194,"Halogen, total residual",11377,A,59,,Y,2.0,,,,61194
61209,Perchlorate [ClO4],3215,A,59,,Y,,Perchlorate [ClO4],Uncommon,Uncommon,61209
61210,"Fats, oils & grease [total o & g less TPH]",12427,A,59,,Y,,,,,61210
61211,Enterococci,11237,A,22,,Y,,Enterococci,Pathogens,Pathogens,61211
61216,Time of bromine addition,12411,A,126,,Y,,,,,61216
61217,Time of ferrous sulfate addition,12412,A,126,,Y,,,,,61217
61224,Diazoxon,12058,A,59,,Y,,,,,61224
61230,Cryptosporidium,1274,A,22,,Y,,Cryptosporidium,Uncommon,Uncommon,61230
61237,"Chlorinated hydrocarbons, total",10306,A,59,,Y,,,,,61237
61400,Bioassay [24 hr.],10974,A,151,,Y,,,,,61400
61401,Bioassay [48 hr.],10975,A,151,,Y,,,,,61401
61402,Bioassay [96 hr.],10976,A,151,,Y,,,,,61402
61406,"Toxicity, final conc toxicity units",12437,A,49,,Y,,,,,61406
61425,"Toxicity [acute], Ceriodaphnia dubia",4245,A,153,,Y,,,,,61425
61426,"Toxicity [chronic], Ceriodaphnia dubia",4245,A,153,,Y,,,,,61426
61427,"Toxicity [acute], Pimephales promelas [Fathead Minnow]",4245,A,153,,Y,,,,,61427
61428,"Toxicity [chronic], Pimephales promelas [Fathead Minnow]",4245,A,153,,Y,,,,,61428
61453,"Biological diversity, Shannon-Weaver index",10978,A,39,,N,,,,,61453
61491,"Lindane, dry weight",10228,A,59,,Y,,,,,61491
61503,"Lead, sludge solid",6562,A,59,,Y,2.0,,,,61503
61504,"Lead, sludge total",6562,A,59,,Y,2.0,,,,61504
61506,"Copper, sludge solid",1165,A,59,,Y,2.0,,,,61506
61507,"Copper, sludge total",1165,A,59,,Y,2.0,,,,61507
61509,"Zinc, sludge solid",6352,A,59,,Y,2.0,,,,61509
61510,"Zinc, sludge total",6352,A,59,,Y,2.0,,,,61510
61512,"Chromium, sludge solid",1012,A,59,,Y,2.0,,,,61512
61513,"Chromium, sludge total",1012,A,59,,Y,2.0,,,,61513
61515,"Nickel, sludge solid",2741,A,59,,Y,2.0,,,,61515
61516,"Nickel, sludge total",2741,A,59,,Y,2.0,,,,61516
61518,"Selenium, sludge solid",3666,A,59,,Y,2.0,,,,61518
61521,"Arsenic, sludge tot. dry wt [as As]",467,A,59,,Y,,,,,61521
61524,"Beryllium, sludge, tot. dry wt [as Be]",4915,A,59,,Y,,,,,61524
61527,"Cadmium, sludge solid",776,A,59,,Y,2.0,,,,61527
61528,"Cadmium, sludge total",776,A,59,,Y,2.0,,,,61528
61533,Nitrogen sludge solid,2817,A,59,,Y,1.0,,,,61533
61534,Nitrogen sludge total,2817,A,59,,Y,1.0,,,,61534
61536,"Nitrogen, ammonia, sludge solid",375,A,59,N,Y,1.0,,,,61536
61539,Nitrogen [as NO3] sludge solid,5713,A,59,,Y,1.0,,,,61539
61553,"Solids, total, sludge, percent",12259,A,16,,Y,,,,,61553
61556,"Cyanide, sludge solid",5123,A,59,,Y,2.0,,,,61556
61565,"Phenolic compounds, sludge total, dry weight",10397,A,59,,Y,2.0,,,,61565
61574,Ammonia [as N] + unionized ammonia,375,A,59,,Y,1.0,,,,61574
61575,Net rate of additionof heat,11881,A,74,,Y,,,,,61575
61576,Temp. diff. between intake and discharge,12371,A,76,,Y,,,,,61576
61577,Temp. diff. between intake and discharge,12371,A,71,,Y,,,,,61577
61579,Orthene,10399,A,59,,Y,2.0,,,,61579
61730,Inorganic suspended solids,12297,A,59,,Y,,,,,61730
61736,"Turbidity, time above limit",12454,A,125,,Y,,"Turbidity, time above limit",Color and Turbidity,Turbidity,61736
61916,"1,3-Diaminourea",11060,A,59,,Y,2.0,,,,61916
61938,Ultraviolet light dosage,12456,A,38,,Y,,Ultraviolet light dosage,Uncommon,Uncommon,61938
61941,"pH, maximum",12530,A,7,,N,,,,,61941
61942,"pH, minimum",12531,A,7,,N,,,,,61942
70002,Phenylpropanolamine,10944,A,59,,Y,2.0,,,,70002
70003,Acetaminophen,10778,A,59,,Y,2.0,,,,70003
70004,Phenyltoloxamine,11243,A,59,,Y,2.0,,,,70004
70005,Chloroxazone,10709,A,59,,Y,2.0,,,,70005
70006,Chlorpheniramine,10738,A,59,,Y,2.0,,,,70006
70007,Methocarbamol,10641,A,59,,Y,2.0,,,,70007
70008,Ephedrine sulfate,10945,A,59,,Y,2.0,,,,70008
70009,Bromochloromethane,11659,A,59,,Y,2.0,,,,70009
70010,Dichlorofluoromethane,11667,A,59,,Y,2.0,,,,70010
70011,Isodecyl diphenyl phosphate,12060,A,59,,Y,2.0,,,,70011
70012,4-Chloro-3-methylphenol,12036,A,59,,Y,2.0,4-Chloro-3-methylphenol,Uncommon,Uncommon,70012
70013,"Temp. difference, summer [deg. F]",12375,A,8,,Y,,,,,70013
70014,"Temp. difference, winter [deg. F]",12376,A,8,,Y,,,,,70014
70015,"Freon, total",11095,A,59,,Y,2.0,,,,70015
70017,Hexachloropentadiene,10662,A,59,,Y,2.0,,,,70017
70018,Isoxsuprine,10947,A,59,,Y,2.0,,,,70018
70019,Hydroxyzine,11278,A,59,,Y,2.0,,,,70019
70022,"1,2,4-Trichlorobenzene, total",10130,A,59,,Y,2.0,,,,70022
70023,Chromium hexavalent [as Cr],10214,A,77,,Y,,,,,70023
70024,"Solids, large fraction, suspended",12237,A,65,,Y,,,,,70024
70025,"Solids, small fraction, suspended",12239,A,65,,Y,,,,,70025
70026,"BOD, 5-day, total",10178,A,80,,Y,,,,,70026
70027,"COD, 25N K2Cr207, tot",11074,A,77,,Y,,,,,70027
70028,"Chromium, total [as Cr]",1012,A,77,,Y,,"Chromium, total [as Cr]",Uncommon,Uncommon,70028
70029,"Phenolic compounds, total",10397,A,59,N,Y,2.0,,,,70029
70030,"Oil & grease, total recoverable",10364,A,77,,Y,,,,,70030
70031,"Solids, total suspended",10486,I,77,,Y,,"Solids, total suspended",Solids,Suspended Solids,70031
70226,Current direction deg from true north,11119,A,81,,N,,,,,70226
TDM6C,Noael Statre 48Hr Acute Pimephales,4677,A,16,,Y,,,,,TDM6C
TDN1A,Noael Statre 96Hr Acute Selen. Capr.,4677,A,16,,Y,,,,,TDN1A
TDN1B,Noael Statre 96Hr Acute L. Minor,4677,A,16,,Y,,,,,TDN1B
TDN1C,Noael Statre 96Hr Acu. Champia,4677,A,16,,Y,,,,,TDN1C
TDN3A,Noael Statre 96Hr Acute Arbacia,4677,A,16,,Y,,,,,TDN3A
TDN3B,Noael Statre 96Hr Acute Ceriodaphnia,4677,A,16,,Y,,,,,TDN3B
TDN3C,Noael Statre 96Hr Acute D. Magna,4677,A,16,,Y,,,,,TDN3C
TDN3D,Noael Statre 96Hr Acute D. Pulex,4677,A,16,,Y,,,,,TDN3D
TDN3E,Noael Statre 96Hr Acute Mysid. Bahia,4677,A,16,,Y,,,,,TDN3E
TDN6A,Noael Statre 96Hr Acute Cyprinodon,4677,A,16,,Y,,,,,TDN6A
TDN6B,Noael Statre 96Hr Acute Menidia,4677,A,16,,Y,,,,,TDN6B
TDN6C,Noael Statre 96Hr Acute Pimephales,4677,A,16,,Y,,,,,TDN6C
TDN6E,Noael Statre 96Hr Acute Lepomis Macrochi,4677,A,16,,Y,,,,,TDN6E
TDO1A,Noael Statre 4Day Chronic Selen. Capr.,4677,A,16,,Y,,,,,TDO1A
TDO1B,Noael Statre 4Day Chronic L. Minor,4677,A,16,,Y,,,,,TDO1B
TDO1C,Noael Statre 4Day Chronic Champia,4677,A,16,,Y,,,,,TDO1C
TDO3A,Noael Statre 4Day Chronic Arbacia,4677,A,16,,Y,,,,,TDO3A
TDO3B,Noael Statre 4Day Chronic Ceriodaphnia,4677,A,16,,Y,,,,,TDO3B
TDO3C,Noael Statre 4Day Chronic D. Magna,4677,A,16,,Y,,,,,TDO3C
TDO3D,Noael Statre 4Day Chronic D. Pulex,4677,A,16,,Y,,,,,TDO3D
TDO3E,Noael Statre 4Day Chronic Mysid. Bahia,4677,A,16,,Y,,,,,TDO3E
TDO6A,Noael Statre 4Day Chronic Cyprinodon,4677,A,16,,Y,,,,,TDO6A
TDO6B,Noael Statre 4Day Chronic Menidia,4677,A,16,,Y,,,,,TDO6B
TDO6C,Noael Statre 4Day Chronic Pimephales,4677,A,16,,Y,,,,,TDO6C
TDO6E,Noael Statre 4Day Chronic Lepomis Macrochi,4677,A,16,,Y,,,,,TDO6E
TDP1A,Noael Statre 7Day Chronic Selen. Capr.,4677,A,16,,Y,,,,,TDP1A
TDP1B,Noael Statre 7Day Chronic L. Minor,4677,A,16,,Y,,,,,TDP1B
TDP1C,Noael Statre 7Day Chronic Champia,4677,A,16,,Y,,,,,TDP1C
TDP3A,Noael Statre 7Day Chronic Arbacia,4677,A,16,,Y,,,,,TDP3A
TDP3B,Noael Statre 7Day Chronic Ceriodaphnia,4677,A,16,,Y,,,,,TDP3B
TDP3C,Noael Statre 7Day Chronic D. Magna,4677,A,16,,Y,,,,,TDP3C
TDP3D,Noael Statre 7Day Chronic D. Pulex,4677,A,16,,Y,,,,,TDP3D
TDP3E,Noael Statre 7Day Chronic Mysid. Bahia,4677,A,16,,Y,,,,,TDP3E
TDP6A,Noael Statre 7Day Chronic Cyprinodon,4677,A,16,,Y,,,,,TDP6A
TDP6B,Noael Statre 7Day Chronic Menidia,4677,A,16,,Y,,,,,TDP6B
TDP6C,Noael Statre 7Day Chronic Pimephales,4677,A,16,,Y,,,,,TDP6C
TDP6E,Noael Statre 7Day Chronic Lepomis Macrochi,4677,A,16,,Y,,,,,TDP6E
TDW6E,Noael Flth 48Hr Acute Lepomis Macrochi,4677,A,16,,Y,,,,,TDW6E
TDX6E,Noael Flth 96Hr Acute Lepomis Macrochi,4677,A,16,,Y,,,,,TDX6E
TDY6E,Noael Flth 4Day Chronic Lepomis Macrochi,4677,A,16,,Y,,,,,TDY6E
TDZ6E,Noael Flth 7Day Chronic Lepomis Macrochi,4677,A,16,,Y,,,,,TDZ6E
TEA6E,Low Flow Pass/Fail Static 48Hr Acute Lepomis Macrochirus,4677,A,16,,Y,,,,,TEA6E
TEB6E,LF Pass/Fail Static 96Hr Acute Lepomis Macrochirus,4677,A,16,,Y,,,,,TEB6E
TEC6E,LF Pass/Fail Static 4Day Chronic Lepomis Macrochirus,4677,A,16,,Y,,,,,TEC6E
TED6E,LF Pass/Fail Static 7Day Chronic Lepomis Macrochirus,4677,A,16,,Y,,,,,TED6E
TEE3D,Low Flow Pass/Fail Static 1Hr Chronic Daphnia pulex,4677,A,55,,N,,,,,TEE3D
TEE6C,Low Flow Pass/Fail Static 1Hr Chronic Pimephales promelas,4677,A,55,,N,,,,,TEE6C
TEE6E,Low Flow Pass/Fail Static 1 Hr Chronic Lepomis macrochirus,4677,A,16,,Y,,,,,TEE6E
TEI3B,Low Flow Pass/Fail Static 24Hr Acute Ceriodaphnia Dubia,4677,A,55,,N,,,,,TEI3B
TEI3E,LF Pass/Fail Statre 7Day Chronic Mysid. Bahia,4677,A,55,,N,,,,,TEI3E
TEI6A,LF Pass/Fail Statre 7Day Chronic Cyprinodon,4677,A,55,,N,,,,,TEI6A
TEI6C,LF Pass/Fail Statre 7Day Chronic Pimephales,4677,A,55,,N,,,,,TEI6C
TEM3C,LF Pass/Fail Statre 48Hr Acute Daphnia Magna,4677,A,55,,N,,,,,TEM3C
TEM3D,Low Flow Pass/Fail Static Renewal 48Hr Acute Daphnia pulex,4677,A,55,,N,,,,,TEM3D
TEM3E,LF Pass/Fail Statre 48Hr Acute Mysidopis Bahia,4677,A,55,,N,,,,,TEM3E
TEM6A,LF Pass/Fail Statre 48Hr Acute Cyprinodon Variega,4677,A,55,,N,,,,,TEM6A
TEM6B,Low Flow Pass/Fail Static Renewal 48Hr Acute Menidia menidia,4677,A,55,,N,,,,,TEM6B
TEM6C,LF Pass/Fail Statre 48Hr Acute Pimephales Promela,4677,A,55,,N,,,,,TEM6C
TEM6E,Low Flow Pass/Fail Static Renewal 48Hr Acute Lepomis Macrochirus,4677,A,16,,Y,,,,,TEM6E
TEN6E,LF Pass/Fail Statre 96Hr Acute Lepomis Macrochi,4677,A,16,,Y,,,,,TEN6E
TEO3E,LF Pass/Fail Statre 7Day Chronic Mysidopsis Bahia,4677,A,55,,N,,,,,TEO3E
TEO6A,LF Pass/Fail Statre 7Day Chronic Cyprinodon Variega,4677,A,55,,N,,,,,TEO6A
TEO6E,LF Pass/Fail Statre 4Day Chronic Lepomis Macrochi,4677,A,16,,Y,,,,,TEO6E
TEP3B,Low Flow Pass/Fail Static Renewal 7Day Chronic Ceriodaphnia Dubia,4677,A,55,,N,,,,,TEP3B
TEP6C,LF Pass/Fail Statre 7Day Chronic Pimephales,4677,A,55,,N,,,,,TEP6C
TEP6E,LF Pass/Fail Statre 7Day Chronic Lepomis Macrochi,4677,A,16,,Y,,,,,TEP6E
TEW6E,LF Pass/Fail Flth 48Hr Acute Lepomis Macrochi,4677,A,16,,Y,,,,,TEW6E
TEX6E,LF Pass/Fail Flth 96Hr Acute Lepomis Macrochi,4677,A,16,,Y,,,,,TEX6E
78938,Isopropylidine dioxyphenol,10659,A,59,,Y,2.0,,,,78938
TFM3C,HLF Pass/Fail Statre 48Hr Acute Daphnia Magna,4677,A,55,,N,,,,,TFM3C
TFM3D,HLF Pass/Fail Statre 48Hr Acute Daphnia Pulex,4677,A,55,,N,,,,,TFM3D
TFM3E,HLF Pass/Fail Statre 48Hr Acute Mysidopis Bahia,4677,A,55,,N,,,,,TFM3E
TFM6A,HLF Pass/Fail Statre 48Hr Acute Cyprinodon Varie,4677,A,55,,N,,,,,TFM6A
TFM6C,HLF Pass/Fail Statre 48Hr Acute Pimephales Prome,4677,A,55,,N,,,,,TFM6C
TFM6E,Half Low Flow Pass/Fail Static Renewal 48Hr Acute Lepomis Macrochirus,4677,A,16,,Y,,,,,TFM6E
TFN6E,HLF Pass/Fail Statre 96Hr Acute Lepomis Macrochi,4677,A,16,,Y,,,,,TFN6E
TFO3E,HLF Pass/Fail Statre 7Day Chronic Mysidopsis Bahia,4677,A,55,,N,,,,,TFO3E
TFO6A,HLF Pass/Fail Statre 7Day Chronic Cyprinodon Varie,4677,A,55,,N,,,,,TFO6A
TFO6E,HLF Pass/Fail Statre 4Day Chronic Lepomis Macrochi,4677,A,16,,Y,,,,,TFO6E
TFP3B,HLF Pass/Fail Statre 7Day Chronic Ceriodaphnia,4677,A,55,,N,,,,,TFP3B
TFP6C,HLF Pass/Fail Statre 7Day Chronic Pimephales,4677,A,55,,N,,,,,TFP6C
TFP6E,HLF Pass/Fail Statre 7Day Chronic Lepomis Macrochi,4677,A,16,,Y,,,,,TFP6E
TFW6E,HLF Pass/Fail Flth 48Hr Acute Lepomis Macrochi,4677,A,16,,Y,,,,,TFW6E
TFX6E,HLF Pass/Fail Flth 96Hr Acute Lepomis Macrochi,4677,A,16,,Y,,,,,TFX6E
TFY6E,HLF Pass/Fail Flth 4Day Chronic Lepomis Macrochi,4677,A,16,,Y,,,,,TFY6E
TFZ6E,HLF Pass/Fail Flth 7Day Chronic Lepomis Macrochi,4677,A,16,,Y,,,,,TFZ6E
TGA3B,Pass/Fail Static 48Hr Acute Ceriodaphnia,4677,A,55,,N,,,,,TGA3B
TGA3D,Pass/Fail Static 48Hr Acute D. Pulex,4677,A,55,,N,,,,,TGA3D
TGA3E,Pass/Fail Static 48Hr Acute Mysidopsis Bahia,4677,A,55,,N,,,,,TGA3E
TGA3X,Pass/Fail Static 48Hr Acute D. Ambigua,4677,A,55,,N,,,,,TGA3X
TGA6B,Pass/Fail Static 48Hr Acute Menidia,4677,A,55,,N,,,,,TGA6B
TGA6C,Pass/Fail Static 48Hr Acute Pimephales,4677,A,55,,N,,,,,TGA6C
TGA6E,Pass/Fail Static 48Hr Acute Lepomis Macrochirus,4677,A,16,,Y,,,,,TGA6E
TGA6H,Pass/Fail Static 48Hr Acute Cyprinella Leedsi,4677,A,16,,Y,,,,,TGA6H
TGB3B,Pass/Fail Static 96Hr Acute Ceriodaphnia Dubia,4677,A,55,,N,,Pass/Fail Static 96Hr Acute Ceriodaphnia Dubia,Aquatic Toxicity,Aquatic Toxicity,TGB3B
TGB6A,Pass/Fail Static 96 Hr Acute Cyprinodon Variega,4677,A,55,,N,,Pass/Fail Static 96 Hr Acute Cyprinodon Variega,Uncommon,Uncommon,TGB6A
TGB6C,Pass/Fail Static 96 Hr Acute Pimephales Promelas,4677,A,55,,N,,Pass/Fail Static 96 Hr Acute Pimephales Promelas,Uncommon,Uncommon,TGB6C
TGB6E,Pass/Fail Static 96Hr Acute Lepomis Macrochirus,4677,A,16,,Y,,,,,TGB6E
TGC3D,Pass/Fail Static 4 Day Chronic Daphnia Pulex,4677,A,55,,N,,,,,TGC3D
TGC3E,Pass/Fail Static 4 Day Chronic Mysidopsis Bahia,4677,A,55,,N,,,,,TGC3E
TGC6A,Pass/Fail Static 4 Day Chronic Cyprinodon Variega,4677,A,55,,N,,,,,TGC6A
TGC6C,Pass/Fail Static 4 Day Chronic Pimephales Promelas,4677,A,55,,N,,,,,TGC6C
TGC6E,Pass/Fail Static 4 Day Chronic Lepomis macrochirus,4677,A,16,,Y,,,,,TGC6E
TGD6E,Pass/Fail Static 7Day Chronic Lepomis Macrochirus,4677,A,16,,Y,,,,,TGD6E
TGE3D,Pass/Fail Static 24Hr Acute Daphnia Pulex,4677,A,55,,N,,,,,TGE3D
TGE3E,Pass/Fail Static 24Hr Acute Mysid. Bahia,4677,A,55,,N,,,,,TGE3E
TGE6A,Pass/Fail Static 1Hr Chronic Cyprinodon variegatus,4677,A,55,,N,,,,,TGE6A
TGE6C,Pass/Fail Static 24Hr Acute Pimephales,4677,A,55,,N,,,,,TGE6C
TGE6E,Pass/Fail Static 1Hr Chronic Lepomis macrochirus,4677,A,16,,Y,,,,,TGE6E
TGM3B,Pass/Fail Statre 48Hr Acute Ceriodaphnia,4677,A,55,,N,,,,,TGM3B
TGM3E,Pass/Fail Statre 48Hr Acute Mysidopsis Bahia,4677,A,55,,N,,,,,TGM3E
TGM3G,Pass/Fail Statre 48Hr Acute Daphnia Species,4677,A,55,,N,,,,,TGM3G
TGM6B,Pass/Fail Statre 48Hr Acute Menidia,4677,A,55,,N,,,,,TGM6B
TGM6C,Pass/Fail Statre 48Hr Acute Pimephales Promelas,4677,A,55,,N,,,,,TGM6C
TGM6E,Pass/Fail Static Renewal 48Hr Acute Lepomis Macrochirus,4677,A,16,,Y,,,,,TGM6E
TGN3B,Pass/Fail Static Renewal 96Hr Acute Ceriodaphnia,4677,A,55,,N,,,,,TGN3B
TGN3E,Pass/Fail Static Renewal 96Hr Acute Mysid. Bahia,4677,A,55,,N,,,,,TGN3E
TGN6B,Pass/Fail Static Renewal 96Hr Acute Menidia,4677,A,55,,N,,,,,TGN6B
TGN6C,Pass/Fail Static Renewal 96Hr Acute Pimephales Promelas,4677,A,55,,N,,Pass/Fail Static Renewal 96Hr Acute Pimephales Promelas,Uncommon,Uncommon,TGN6C
TGN6E,Pass/Fail Static Renewal 96Hr Acute Lepomis Macrochi,4677,A,16,,Y,,,,,TGN6E
TGN6H,Pass/Fail Static Renewal 96Hr Acute Cyprinella Leedsi,4677,A,55,,N,,,,,TGN6H
TGO6E,Pass/Fail Statre 4Day Chronic Lepomis Macrochi,4677,A,16,,Y,,,,,TGO6E
TGP3B,Pass/Fail Static Renewal 7 Day Chronic Ceriodaphnia,4677,A,55,,N,,,,,TGP3B
TGP3E,Pass/Fail Static Renewal 7 Day Chronic Americamysis bahia,4677,A,55,,N,,,,,TGP3E
TGP3X,Pass/Fail Static Renewal 7 Day Chronic D. Ambigua,4677,A,55,,N,,,,,TGP3X
TGP6A,Pass/Fail Statre 7Day Chronic Cyprinodon,4677,A,55,,N,,,,,TGP6A
TGP6B,Pass/Fail Statre 7Day Chronic Menidia,4677,A,55,,N,,,,,TGP6B
TGP6C,Pass/Fail Statre 7Day Chronic Pimephales Promelas,4677,A,55,,N,,,,,TGP6C
TGP6E,Pass/Fail Statre 7Day Chronic Lepomis Macrochi,4677,A,16,,Y,,,,,TGP6E
TGP6H,Pass/Fail Statre 7Day Chronic Cyprinella Leedsi,4677,A,16,,Y,,,,,TGP6H
77161,"1,2-Dichloropropene",10692,A,59,,Y,2.0,,,,77161
TOP6A,NOEC Lethal Static Renewal 7 Day Chronic Cyprinodeon variegatus,4677,A,16,N,Y,,,,,TOP6A
TOP6B,NOEC Lethal Static Renewal 7 Day Chronic Menidia menidia,4677,A,16,N,Y,,,,,TOP6B
TOP6C,NOEC Lethal Static Renewal 7 Day Chronic Pimephales promelas,4677,A,16,N,Y,,,,,TOP6C
TPB1A,Noel Sub-Leth 96Hr Acute Selen. Capr.,4677,A,16,,Y,,,,,TPB1A
TPB1B,Noel Sub-Leth 96Hr Acute L. Minor,4677,A,16,,Y,,,,,TPB1B
TPC1A,Noel Sub-Leth 4Day Chronic Selen. Capr,4677,A,16,,Y,,,,,TPC1A
TPC1B,Noel Sub-Leth 4Day Chronic L. Minor,4677,A,16,,Y,,,,,TPC1B
TPE1A,Noel Sub-Leth 1Hr Chronic Selen. Capr.,4677,A,16,,Y,,,,,TPE1A
TPE1B,Noel Sub-Leth 1Hr Chronic L. Minor,4677,A,16,,Y,,,,,TPE1B
TPF1A,"Noel Sub-Leth 48Hr Chr, 5-7 Day Rec. Selen. Capr.",4677,A,16,,Y,,,,,TPF1A
TPF1B,"Noel Sub-Leth 48Hr Chr, 5-7 Day Rec. L. Minor",4677,A,16,,Y,,,,,TPF1B
TPG1A,Noel Sub-Leth 1Hr Fert. Test Chronic Selen. Capr.,4677,A,16,,Y,,,,,TPG1A
TPG1B,Noel Sub-Leth 1Hr Fert. Test Chronic L. Minor,4677,A,16,,Y,,,,,TPG1B
TPP3B,NOEC Sub-Lethal Static Renewal 7 Day Chronic Ceriodaphnia dubia,4677,A,16,N,Y,,,,,TPP3B
TPP3E,NOEC Sub-Lethal Static Renewal 7 Day Chronic Americamysis bahia,4677,A,16,N,Y,,,,,TPP3E
TPP6A,NOEC Sub-Lethal Static Renewal 7 Day Chronic Cyprinodeon variegatus,4677,A,16,N,Y,,,,,TPP6A
TPP6B,NOEC Sub-Lethal Static Renewal 7 Day Chronic Menidia menidia,4677,A,16,N,Y,,,,,TPP6B
TPP6C,NOEC Sub-Lethal Static Renewal 7 Day Chronic Pimephales promelas,4677,A,16,N,Y,,,,,TPP6C
TQB1A,Coef Of Var 96Hr Acute Selen. Capr.,4677,A,16,,Y,,,,,TQB1A
TQB1B,Coef Of Var 96Hr Acute L. Minor,4677,A,16,,Y,,,,,TQB1B
TQC1A,Coef Of Var 4Day Chronic Selen. Capr.,4677,A,16,,Y,,,,,TQC1A
TQC1B,Coef Of Var 4Day Chronic L. Minor,4677,A,16,,Y,,,,,TQC1B
TQE1A,Coef Of Var 1Hr Chronic Selen. Capr.,4677,A,16,,Y,,,,,TQE1A
TQE1B,Coef Of Var 1Hr Chronic L. Minor,4677,A,16,,Y,,,,,TQE1B
TQF1A,"Coef Of Var 48Hr Chr, 5-7 Day Rec. Selen. Capr",4677,A,16,,Y,,,,,TQF1A
TQF1B,"Coef Of Var 48Hr Chr, 5-7 Day Rec. L. Minor",4677,A,16,,Y,,,,,TQF1B
TQG1A,Coef Of Var 1Hr Fert Test Chronic Selen. Capr.,4677,A,16,,Y,,,,,TQG1A
TQG1B,Coef Of Var 1Hr Fert Test Chronic L. Minor,4677,A,16,,Y,,,,,TQG1B
TQM3D,Coef Of Var Statre 48Hr Acute D. Pulex,4677,A,16,,Y,,,,,TQM3D
TQM3E,Coef Of Var Statre 48Hr Acute Mysid. Bahia,4677,A,16,,Y,,,,,TQM3E
TQM6A,Coef Of Var Statre 48Hr Acute Cyprinodon,4677,A,16,,Y,,,,,TQM6A
TQM6B,Coef Of Var Static Renewal 48Hr Acute Menidia menidia,4677,A,16,,Y,,,,,TQM6B
TQM6C,Coef Of Var Statre 48Hr Acute Pimephales,4677,A,16,,Y,,,,,TQM6C
TQP3B,Coef Of Var Statre 7Day Chronic Ceriodaphnia,4677,A,16,,Y,,,,,TQP3B
TQP3E,Coef Of Var Statre 7Day Chronic Mysid. Bahia,4677,A,16,,Y,,,,,TQP3E
TQP6A,Coef Of Var Statre 7Day Chronic Cyprinodon,4677,A,16,,Y,,,,,TQP6A
TQP6B,Coef Of Var Static Renewal 7Day Chronic Menidia menidia,4677,A,16,,Y,,,,,TQP6B
TQP6C,Coef Of Var Statre 7Day Chronic Pimephales,4677,A,16,,Y,,,,,TQP6C
TR000,"Toxicity, Acute, % Survival",4677,A,16,,Y,,,,,TR000
TRA3D,%Surv Static 48Hr Acute Daphnia Pulex,4677,A,16,,Y,,,,,TRA3D
TRB3B,%Surv Static 96Hr Acute Ceriodaphnia Dubia,4677,A,16,,Y,,,,,TRB3B
TRB3U,%Surv Static 96Hr Acute Penaeus Vannamei,4677,A,16,,Y,,,,,TRB3U
TRB6C,%Surv Static 96Hr Acute Pimphales Promelas,4677,A,16,,Y,,%Surv Static 96Hr Acute Pimphales Promelas,Aquatic Toxicity,Aquatic Toxicity,TRB6C
TRB6I,%Surv Static 96Hr Acute Oncorhynchus Mykiss,4677,A,16,,Y,,%Surv Static 96Hr Acute Oncorhynchus Mykiss,Aquatic Toxicity,Aquatic Toxicity,TRB6I
TRB6K,%Surv Static 96Hr Acute Gasterost. Aculeatus,4677,A,16,,Y,,,,,TRB6K
TRB6M,%Surv Static 96Hr Acute Tilapia Mossambica,4677,A,16,,Y,,,,,TRB6M
TRM3B,%Srv Statre 48Hr Acute Ceriodaphnia Dubia,4677,A,16,,Y,,,,,TRM3B
TRM3C,%Surv Statre 48Hr Acute Daphnia Magna,4677,A,16,,Y,,,,,TRM3C
TRM3D,%Surv Statre 48Hr Acute Daphnia Pulex,4677,A,16,,Y,,,,,TRM3D
TRM6C,% Surv Statre 48Hr Acute Pimepha Promelas,4677,A,16,,Y,,,,,TRM6C
TRN3B,96Hr Acute Ceriodaphn. Dubia % Srv,4677,A,16,,Y,,96Hr Acute Ceriodaphn. Dubia % Srv,Aquatic Toxicity,Aquatic Toxicity,TRN3B
TRN3U,%Surv Statre 96Hr Acute Panaeus Vannamei,4677,A,16,,Y,,,,,TRN3U
TRN6C,% Survival Static Renewal 96Hr Acute Pimephales promelas,4677,A,16,,Y,,% Survival Static Renewal 96Hr Acute Pimephales promelas,Toxic Organics,Toxic Organics,TRN6C
TRN6D,%Surv Statre 96 Hr Acute Salmo Gairderi,4677,A,16,,Y,,,,,TRN6D
TRN6I,%Surv Statre 96Hr Oncorhynchus Mykiss,4677,A,16,,Y,,,,,TRN6I
TRN6K,%Surv Statre 96Hr Gasterost. Aculeatus,4677,A,16,,Y,,,,,TRN6K
TRN6L,% Surv Statre 96Hr Acute Atherinops Affns,4677,A,16,,Y,2.0,,,,TRN6L
TRP3B,IC25 Static Renewal 7 Day Chronic Chrceriodaphnia,4677,A,16,,Y,,,,,TRP3B
TRP6C,IC25 Static Renewal 7 Day Chronic Chrpimephales,4677,A,16,,Y,,,,,TRP6C
TRX6C,% Survival Flow Through 96Hr Acute Pimephales promelas,4677,A,16,N,Y,,% Survival Flow Through 96Hr Acute Pimephales promelas,Aquatic Toxicity,Aquatic Toxicity,TRX6C
TRX6I,% Survival Flow Through 96Hr Acute Oncorhynchus mykiss,4677,A,16,N,Y,,% Survival Flow Through 96Hr Acute Oncorhynchus mykiss,Aquatic Toxicity,Aquatic Toxicity,TRX6I
TRX6K,% Survival Flow Through 96Hr Acute Gasterosteus aculeatus,4677,A,16,N,Y,,,,,TRX6K
TS000,"Toxicity, Acute",4677,A,49,,Y,,,,,TS000
TSA3B,Static 48Hr Acute Ceriodaphnia Dubia,4677,A,49,,Y,,,,,TSA3B
TSA3C,Static 48Hr Acute Daphnia Magna,4677,A,49,,Y,,,,,TSA3C
TSA3D,Static 48Hr Acute Daphnia Pulex,4677,A,49,,Y,,,,,TSA3D
TSA6C,Static 48Hr Acute Pimephales Promelas,4677,A,49,,Y,,,,,TSA6C
TSB3Q,Static 96Hr Acute Holmesimysis costata,4677,A,49,,Y,,Static 96Hr Acute Holmesimysis costata,Uncommon,Uncommon,TSB3Q
TSB3U,Static 96Hr Acute Penaeus vannamei,4677,A,49,,Y,,,,,TSB3U
TSB6C,Static 96Hr Acute Pimphales promelas,4677,A,49,,Y,,,,,TSB6C
TSB6J,Static 96Hr Acute Medinia beryllina,4677,A,49,,Y,,,,,TSB6J
TGR1A,Pass/Fail Static 96Hr Chronic Selen. Capricornutum,4677,A,55,,N,,Pass/Fail Static 96Hr Chronic Selen. Capricornutum,Uncommon,Uncommon,TGR1A
TGW6E,Pass/Fail Flth 48Hr Acute Lepomis Macrochi,4677,A,16,,Y,,,,,TGW6E
TGX6E,Pass/Fail Flth 96Hr Acute Lepomis Macrochi,4677,A,16,,Y,,,,,TGX6E
TGY6E,Pass/Fail Flth 4Day Chronic Lepomis Macrochi,4677,A,16,,Y,,,,,TGY6E
TGZ6E,Pass/Fail Flth 7Day Chronic Lepomis Macrochi,4677,A,16,,Y,,,,,TGZ6E
78008,"Endrin ketone, in water",10715,A,59,,Y,1.0,,,,78008
78024,Hexahydroazepinone,10740,A,59,,Y,2.0,,,,78024
78028,Tetrachlorobenzene,10166,A,59,,Y,2.0,,,,78028
78032,"Propane, 2-methoxy-2-methyl",10418,A,59,,Y,2.0,,,,78032
78036,Methyl ethyl sulfide,11247,A,59,,Y,2.0,,,,78036
78080,Sulfonyl-bis-benzene,10903,A,59,,Y,,,,,78080
78099,Trimethoxymethane,11674,A,59,,Y,,,,,78099
78109,"Allyl chloride, total",10033,A,59,,Y,,,,,78109
78111,"N,N-Dimethylformamide",10289,A,59,,Y,2.0,,,,78111
78113,Ethylbenzene,10157,I,59,,Y,2.0,Ethylbenzene,Toxic Organics,Toxic Organics,78113
78115,"Halogen, total organic",1976,A,59,,Y,2.0,,,,78115
78121,o-Xylene + p-Xylene,10904,A,59,,Y,,,,,78121
78124,Benzene [volatile analysis],603,A,59,,Y,2.0,,,,78124
78132,"1,4-Xylene",10142,A,59,,Y,2.0,,,,78132
78133,4-Methyl-2-pentanone,10046,A,59,N,Y,2.0,,,,78133
78136,Trimethylbenzene,10167,A,59,,Y,2.0,,,,78136
78141,"Organics, total toxic [TTO]",10487,A,59,,Y,2.0,,,,78141
78143,Monochlorobenzyl trifluoride,10913,A,59,,Y,2.0,,,,78143
78144,"Toluene-2,4-diisocyanate",10146,A,59,,Y,2.0,,,,78144
78145,Tetrasodium EDTA,11349,A,59,,Y,2.0,,,,78145
78146,Aminotrol methylene phosphate,10807,A,59,,Y,2.0,,,,78146
78147,Bis[trichloromethyl] sulfone,11671,A,59,,Y,2.0,,,,78147
78148,"Chloramine, residual",11079,A,59,,Y,2.0,,,,78148
78149,Diethylaminoethanol,11277,A,59,,Y,2.0,,,,78149
78150,Dyphylline,10707,A,59,,Y,2.0,,,,78150
78151,EDTA,11347,A,59,,Y,2.0,,,,78151
78152,Guafensin,10640,A,59,,Y,2.0,,,,78152
78153,Hydroxyacetophenone,11284,A,59,,Y,2.0,,,,78153
78154,Mercaptobenzothiazole,10708,A,59,,Y,2.0,,,,78154
78155,Dichlorobenzyl trifluoride,10923,A,59,,Y,2.0,,,,78155
78156,N-Alkyldimethylbenzylammonium chloride,12168,A,59,,Y,2.0,,,,78156
78157,Naphthenic acid,11879,A,59,,Y,2.0,,,,78157
78159,Niacinamide,10746,A,59,,Y,2.0,,,,78159
78160,Nitrostyrene,10896,A,59,,Y,2.0,,,,78160
78161,Polymethylacrylic acid,10733,A,59,,Y,2.0,,,,78161
78162,"Aromatics, substituted",10831,A,59,,Y,2.0,,,,78162
78163,Sulfabenzamide,10876,A,59,,Y,2.0,,,,78163
78164,Sulfacetamide,10781,A,59,,Y,2.0,,,,78164
78165,Sulfathiazole,10948,A,59,,Y,2.0,,,,78165
78166,"Tetrahydro-3,5-dimethyl-2-hydro-1,3,5-thione",10739,A,59,,Y,2.0,,,,78166
78167,Theophylline,10706,A,59,,Y,2.0,,,,78167
78168,Carbamates,11047,A,59,,Y,2.0,,,,78168
78169,Sodium-o-PPTH,12518,A,59,,Y,2.0,,,,78169
78171,"Aromatics, total purgeable",10830,A,59,,Y,2.0,,,,78171
78194,Trichloromethane,10345,A,59,,Y,2.0,,,,78194
78198,Heptane,2040,A,59,,Y,2.0,,,,78198
78200,N-Nitrosodiethylamine,11246,A,59,,Y,2.0,,,,78200
78202,Ethylene chlorohydrin,11279,A,59,,Y,2.0,,,,78202
78203,"Halogenated hydrocarbons, total",11404,A,59,,Y,2.0,,,,78203
78204,Monochlorotoluene,10921,A,59,,Y,2.0,,,,78204
78205,Paraben [methyl and propyl],11989,A,59,,Y,2.0,,,,78205
78206,N-Nitrosopyrrolidine,12166,A,59,,Y,2.0,,,,78206
78207,N-Nitrosodibutylamine,10677,A,59,,Y,2.0,,,,78207
78213,Monochloroacetic acid [MCAA],10083,A,59,,Y,2.0,Monochloroacetic acid [MCAA],Uncommon,Uncommon,78213
78214,Diethylbenzene,10925,A,59,,Y,2.0,,,,78214
78215,o-Chlorobenzyl chloride,10912,A,59,,Y,2.0,,,,78215
78216,Aldrin + Dieldrin,10794,A,59,,Y,2.0,,,,78216
78217,"Chlorinated pesticides, total",11999,A,59,,Y,2.0,,,,78217
78218,"Phenolic compounds, unchlorinated",10397,A,59,,Y,2.0,"Phenolic compounds, unchlorinated",Inorganics,Disinfectants,78218
78219,Isothiazolone,10741,A,59,,Y,2.0,,,,78219
78221,Organic pesticide chemicals [40 CFR455],11910,A,59,,Y,2.0,,,,78221
78222,Organic active ingredients [40 CFR455],11905,A,59,,Y,2.0,,,,78222
78223,Total toxic organics [TTO] [40 CFR413],10487,A,59,,Y,2.0,,,,78223
78224,Total toxic organics [TTO] [40 CFR433],10487,A,59,,Y,2.0,,,,78224
78225,Total toxic organics [TTO] [40 CFR464a],10487,A,59,,Y,2.0,,,,78225
78226,Total toxic organics [TTO] [40 CFR464b],10487,A,59,,Y,2.0,,,,78226
78227,Total toxic organics [TTO] [40 CFR464c],10487,A,59,,Y,2.0,,,,78227
78228,Total toxic organics [TTO] [40 CFR464d],10487,A,59,,Y,2.0,,,,78228
78229,Total toxic organics [TTO] [40 CFR465],10487,A,59,,Y,2.0,,,,78229
78230,Total toxic organics [TTO] [40 CFR467],10487,A,59,,Y,2.0,,,,78230
78231,Total toxic organics [TTO] [40 CFR468],10487,A,59,,Y,2.0,,,,78231
78232,Total toxic organics [TTO] [40 CFR469],10487,A,59,,Y,2.0,,,,78232
82202,Rotenone,12523,A,59,,Y,2.0,,,,82202
82203,HMX,10643,A,59,,Y,2.0,,,,82203
79146,4-Methylphenol,10388,I,59,,Y,2.0,,,,79146
79531,"3,4-Benzofluoranthene",10110,A,59,,Y,2.0,,,,79531
79539,"Acetone, in waste",10051,A,59,,Y,2.0,,,,79539
TCO3C,%Effect Statre 4Day Chronic D. Magna,4677,A,16,,Y,,,,,TCO3C
79618,".beta.-Endosulfan, in waste",10758,A,59,,Y,2.0,,,,79618
79732,"2,4,5-TP",12156,A,59,,Y,2.0,"2,4,5-TP",Uncommon,Uncommon,79732
79743,"Glyphosate, total",10297,A,59,,Y,2.0,"Glyphosate, total",Uncommon,Uncommon,79743
79744,"Panthalium, total",11986,A,59,,Y,2.0,,,,79744
79745,Neptune Blue,11880,A,78,,Y,2.0,,,,79745
79746,MCPA 2-ethylhexyl ester,12629,A,78,,Y,2.0,,,,79746
81579,"Dimethyl sulfide, total",11672,A,59,,Y,2.0,,,,81579
81580,"Dimethyl disulfide, total [DMDS]",11210,A,59,,Y,2.0,,,,81580
81582,Dioxane,6390,A,59,,Y,2.0,Dioxane,Uncommon,Uncommon,81582
81585,Ethyl acetate,10078,A,59,,Y,2.0,,,,81585
81586,Ethylmethyldioxolane,10663,A,59,,Y,2.0,,,,81586
81588,Furfural,10043,A,59,,Y,2.0,,,,81588
81590,Hexane,2049,A,59,,Y,2.0,,,,81590
81595,Methyl ethyl ketone,4800,A,59,,Y,2.0,,,,81595
81596,Methyl isobutyl ketone,10046,A,59,,Y,2.0,,,,81596
81597,Methyl methacrylate,10060,A,59,,Y,2.0,,,,81597
81604,n-Pentane,8198,A,59,,Y,2.0,,,,81604
81607,Tetrahydrofuran,11336,A,59,,Y,2.0,,,,81607
81610,Trichloropropane,12152,A,59,,Y,,,,,81610
81611,Trichlorotrifluoroethane,11271,A,59,,Y,2.0,,,,81611
81612,Sulfate in sediment,6101,A,59,,Y,1.0,,,,81612
81621,"Sulfide, total",6106,I,59,,Y,1.0,"Sulfide, total",Uncommon,Uncommon,81621
81639,"Nitrogen Kjeldahl, total [TKN]",2817,A,100,,Y,,,,,81639
81646,Surfactants [linear alkylate sulfonate],10954,A,59,,Y,1.0,,,,81646
81649,PCB-1262,4881,A,59,,Y,2.0,,,,81649
81651,Bisphenol-A,10387,A,59,,Y,2.0,,,,81651
81676,ortho-Cresol,12019,I,59,,Y,2.0,,,,81676
81678,Dehydroabietic acid,10684,A,59,,Y,2.0,,,,81678
81679,Epichlorohydrin,11921,A,59,,Y,2.0,,,,81679
81680,Dichloroethane,11266,A,59,,Y,,,,,81680
81685,2-Ethoxyethanol,11280,A,59,,Y,,,,,81685
81686,"cis-1,2-Dichloroethene",10281,A,59,,Y,,,,,81686
81688,Ethylene glycol,10012,I,59,,Y,2.0,,,,81688
81690,Cyclohexanone,11129,A,59,,Y,2.0,,,,81690
81706,Propylene oxide,10370,A,59,,Y,2.0,,,,81706
81708,Styrene,10155,A,59,,Y,2.0,Styrene,Uncommon,Uncommon,81708
81710,.meta.-Xylene,10139,A,59,,Y,2.0,,,,81710
81711,ortho-xylene,10134,A,59,,Y,2.0,,,,81711
81758,Ethoprop,12071,A,59,,Y,,,,,81758
81769,"2,4-D, isobutyl ester in sediments",10783,A,59,,Y,,,,,81769
81795,"Sulfur dioxide, total",12289,A,59,,Y,1.0,"Sulfur dioxide, total",Uncommon,Uncommon,81795
81799,"Flow, average stream per composite sample",11311,A,66,,Y,,,,,81799
81815,Orthene,10399,A,59,,Y,2.0,,,,81815
81848,Trichlorophenol,12042,A,59,,Y,2.0,,,,81848
81853,Trichloroethane,10267,A,59,,Y,2.0,,,,81853
81870,Tetrachloroguaiacol [4cg] in whole water,12003,A,59,,Y,2.0,,,,81870
81879,Tetrachlorobiphenyl,12393,A,59,N,Y,2.0,,,,81879
81885,Hexachlorobiphenyl,10624,A,59,,Y,2.0,,,,81885
81888,Disulfoton,10405,A,59,,Y,,Disulfoton,Toxic Organics,Toxic Organics,81888
81890,Monocrotophos,12059,A,59,,Y,,,,,81890
81892,Cycloate,11055,A,59,,Y,2.0,,,,81892
81894,S-Ethyl dipropylthiocarbamate [EPTC],10192,A,59,,Y,2.0,,,,81894
81899,Sevin in tissue,10681,A,59,,Y,2.0,,,,81899
82028,Ratio of fecal coliform to fecal streptoc,11294,A,22,,Y,,,,,82028
82035,"Sodium, total [as Na]",6802,I,59,N,Y,1.0,"Sodium, total [as Na]",Uncommon,Uncommon,82035
82044,"Ethylene, dissolved [C2H4]",11285,A,59,,Y,2.0,,,,82044
82051,Chloramben,10961,A,59,,Y,2.0,,,,82051
82052,Dicamba,10960,A,59,N,Y,2.0,,,,82052
82056,"Aluminum, total",360,A,114,,Y,1.0,,,,82056
82057,"Boron, total",10987,A,115,,Y,1.0,"Boron, total",Uncommon,Uncommon,82057
82058,"Chromium, total percent removal",1012,A,16,Y,Y,2.0,,,,82058
82059,"Chromium, total",1012,A,114,,Y,2.0,,,,82059
82060,"Manganese, total",2423,A,114,,Y,1.0,,,,82060
82061,"Vanadium, total",4448,A,114,,Y,1.0,,,,82061
82062,"Zinc, total",6352,A,114,,Y,2.0,,,,82062
82063,"Residue, total filterable",4151,A,114,,Y,1.0,,,,82063
82064,Ferrous sulfate,10468,A,59,,Y,1.0,,,,82064
82065,Propargite,12292,A,59,,Y,1.0,,,,82065
82067,"Rhodium, total",12188,A,59,,Y,2.0,,,,82067
82073,"Time, starting [hhmmusing 24-hour clock]",12414,A,14,,N,,,,,82073
82074,"Time, ending [hhmm using 24-hour clock]",12413,A,14,,N,,,,,82074
82077,"Radiation, gross alpha",10804,A,9,,Y,,"Radiation, gross alpha",Other,Other,82077
82079,"Turbidity, lab, NTU",6638,A,30,,N,,,,,82079
82080,"Trihalomethane, tot.",10489,A,59,,Y,2.0,"Trihalomethane, tot.",Toxic Organics,Toxic Organics,82080
82088,Terbufos [counter] total,12076,A,59,,Y,2.0,,,,82088
82093,Phytoplankton,12093,A,22,,Y,,,,,82093
82126,"Tritium, total",12446,A,9,,Y,,"Tritium, total",Other,Radiation,82126
82126,"Tritium, total",12446,A,9,,Y,,"Tritium, total",Other,Radiation,82126
82153,Dichlorodibromomethane,11665,A,59,,Y,2.0,,,,82153
82173,Oil & grease aromatic,10364,A,59,,Y,1.0,,,,82173
82180,"Hydrocarbons, petroleum",10307,A,59,N,Y,1.0,"Hydrocarbons, petroleum",Uncommon,Uncommon,82180
82181,"Hydrocarbons, total petroleum",10307,A,59,N,Y,1.0,,,,82181
82183,Benzene hexachloride,11128,A,59,,Y,2.0,,,,82183
82189,Nitrocellulose,11066,A,59,,Y,2.0,,,,82189
82190,Triethanolamine,10270,A,59,,Y,2.0,,,,82190
82191,2-Naphthylamine,10727,A,59,,Y,2.0,,,,82191
82192,Diethylstilbesterol,12028,A,59,,Y,2.0,,,,82192
82193,Estradiol,11241,A,59,,Y,2.0,,,,82193
82194,Phenoxyacetic acid,10787,A,59,,Y,2.0,,,,82194
82195,Thiocarbamates,12399,A,59,,Y,2.0,,,,82195
82196,Hexamethylphosphoramide [HMPA],12063,A,59,,Y,2.0,,,,82196
82197,N-2-mercaptoethylbenzenesulfamide,12064,A,59,,Y,2.0,,,,82197
82198,Bromacil,10037,A,59,,Y,2.0,,,,82198
82199,Ordram,10035,A,59,,Y,2.0,,,,82199
71850,"Nitrogen, nitrate total [as NO3]",5713,A,59,,Y,1.0,"Nitrogen, nitrate total [as NO3]",Uncommon,Uncommon,71850
74052,"Chlorinated hydrocarbons, general",10306,A,59,,Y,2.0,,,,74052
74053,"Pesticides, general",6662,A,59,,Y,2.0,,,,74053
74054,"Streptococci, fecal general",11293,A,22,,Y,,,,,74054
74055,"Coliform, fecal general",10287,A,96,,Y,,"Coliform, fecal general",Toxic Organics,Toxic Organics,74055
74056,"Coliform, total general",4146,A,22,,Y,,"Coliform, total general",Toxic Organics,Toxic Organics,74056
74057,"Coliform, fecal, colony forming units",10287,A,22,,Y,,,,,74057
74058,"Coliform, total colony forming units",11103,A,22,,Y,,,,,74058
74060,Flow rate,6599,A,65,,Y,,,,,74060
74061,Overflows [days per month],11914,A,134,,Y,,,,,74061
74062,Overflows,11915,A,141,,Y,,,,,74062
74063,"Overflow volume [SS0 volume, CSO volume]",11916,A,123,,Y,,,,,74063
74069,"Stream flow, estimated",12279,I,66,,Y,,"Stream flow, estimated",Uncommon,Uncommon,74069
74071,Flow,5350,A,140,,Y,,,,,74071
74076,Flow,5350,A,66,,Y,,,,,74076
75044,"Heptachlor, dry weight",10748,A,59,,Y,2.0,,,,75044
75062,"Isopropyl alcohol [C3H8O], sed.",10047,A,59,,Y,2.0,,,,75062
75166,2-Hexanone,10723,A,59,,Y,2.0,,,,75166
75565,.alpha.-Terpineol,10744,I,59,,Y,,,,,75565
76023,"Chlorinated dibenzo-furans, effluent",11182,A,59,,Y,2.0,,,,76023
76024,"Chlorinated dibenzo-furans, sludge",11182,A,59,,Y,2.0,,,,76024
76025,"Chlorinated dibenzo-p-dioxins, effluent",10240,A,59,,Y,2.0,,,,76025
76026,"Chlorinated dibenzo-p-dioxins, sludge",10240,A,59,,Y,2.0,,,,76026
76028,"Base neutrals & acid [Method 625], efflnt",10868,A,59,,Y,2.0,,,,76028
76029,"Organics, tot purgeables [Method 624]",11911,A,59,,Y,2.0,,,,76029
76030,"Base neutrals & acid [Method 625], total",10868,A,59,,Y,2.0,,,,76030
76982,"4-Chloro-3,5-dimethylphenol",12035,A,59,,Y,2.0,,,,76982
76993,"2,2-Dibromo-3-nitrilopropionamide",10773,A,59,,Y,2.0,,,,76993
76994,Methane,6901,A,59,,Y,2.0,,,,76994
76996,Methylamine,11657,A,59,,Y,2.0,,,,76996
76997,Methyl cyanide [acetonitrile],278,A,59,,Y,2.0,,,,76997
76998,"Propene, total",10030,A,59,,Y,,,,,76998
76999,Ethylene oxide,3049,A,59,,Y,2.0,,,,76999
77001,Acetaldehyde,250,A,59,,Y,2.0,,,,77001
77002,"Ethylamine, whole water",11242,A,59,,Y,,,,,77002
77003,Dimethylamine,10334,A,59,,Y,2.0,,,,77003
77004,Ethanol,5286,A,59,,Y,,,,,77004
77006,Formic acid,6758,A,59,,Y,2.0,,,,77006
77015,Isopropanol,10047,A,59,,Y,2.0,,,,77015
77018,n-Propyl alcohol,10690,A,59,,Y,,,,,77018
77023,Ethylene glycol,10012,A,59,,Y,2.0,,,,77023
77028,Crotonaldehyde,10719,A,59,,Y,,,,,77028
77030,Diethylamine,11244,A,59,,Y,2.0,,,,77030
77031,"Propionic acid, total",10420,A,59,,Y,,,,,77031
77032,Methyl acetate,10085,A,59,,Y,2.0,,,,77032
77033,Isobutyl alcohol,10028,A,59,,Y,2.0,,,,77033
77034,1-Butanol,10026,I,59,,Y,,,,,77034
77035,2-Methyl-2-propanol,10050,I,59,,Y,2.0,,,,77035
77038,"1,2-Propanediol",10639,A,59,,Y,2.0,,,,77038
77041,Carbon disulfide,817,A,59,,Y,2.0,,,,77041
77042,"Dimethyl sulfoxide, total",11670,A,59,,Y,,,,,77042
77045,Pyridine,3541,A,59,,Y,2.0,,,,77045
77046,2-Chloroethanol,11279,A,59,,Y,2.0,,,,77046
77052,Methylcyclopentane,11130,A,59,,Y,2.0,,,,77052
77053,"Piperdin, total",12094,A,59,,Y,,,,,77053
77055,3-Methylpentane,11993,A,59,,Y,2.0,,,,77055
77057,Vinyl acetate,10077,A,59,,Y,2.0,,,,77057
77063,Butanoic acid,10993,A,59,,Y,2.0,,,,77063
77066,"2-Methyl-1,3-dioxolane",10664,A,59,,Y,,,,,77066
77081,Oxalic acid,11272,A,59,,Y,2.0,,,,77081
77082,1-Methoxy-2-propanol,10731,A,78,,Y,,,,,77082
77086,3-Methylpyridine,12165,A,59,,Y,2.0,,,,77086
77088,2-Methylpyridine,10425,A,59,,Y,2.0,,,,77088
77089,Aniline,10113,A,59,,Y,2.0,,,,77089
77093,"cis-1,2-Dichloroethylene",10281,A,59,,Y,,"cis-1,2-Dichloroethylene",Uncommon,Uncommon,77093
77097,Cyclohexanone,11129,A,59,,Y,2.0,,,,77097
77101,Cyclohexylamine,11122,A,59,,Y,2.0,,,,77101
77102,N-Methyl-2-pyrrolidone,10063,A,59,,Y,2.0,,,,77102
77103,2-Hexanone,10723,A,59,,Y,2.0,,,,77103
77110,"N,N-Dimethylformamide",10289,A,59,,Y,2.0,,,,77110
77111,Triethylamine,10252,A,59,,Y,2.0,,,,77111
77115,Pentanoic acid,11994,A,78,,Y,,,,,77115
77117,Isopropyl ether,12147,A,59,,Y,2.0,,,,77117
77124,Benzonitrile,10965,A,59,,Y,2.0,,,,77124
77128,"Styrene, total",10155,I,59,,Y,2.0,,,,77128
77135,o-Xylene,10134,A,59,N,Y,2.0,,,,77135
77142,o-Toluidine,10115,A,59,,Y,2.0,,,,77142
77146,p-Cresol,10388,A,59,,Y,2.0,,,,77146
77147,Benzyl alcohol,10943,A,59,,Y,2.0,,,,77147
77151,3-Methylphenol,10386,A,59,,Y,,,,,77151
81017,Chemical Oxygen Demand [COD],905,A,59,,Y,1.0,Chemical Oxygen Demand [COD],Uncommon,Uncommon,81017
82205,Specific gravity,12264,A,79,,Y,,,,,82205
81018,"Oxygen demand, total",11926,A,107,,Y,1.0,,,,81018
TAX3B,LC50 Flth 96Hr Acute Ceriodaphnia,4677,A,16,,Y,,,,,TAX3B
TAX3C,LC50 Flth 96Hr Acute D. Magna,4677,A,16,,Y,,,,,TAX3C
TAX3D,LC50 Flth 96Hr Acute D. Pulex,4677,A,16,,Y,,,,,TAX3D
TAX3E,LC50 Flth 96Hr Acute Mysid. Bahia,4677,A,16,,Y,,,,,TAX3E
TAX6A,LC50 Flth 96Hr Acute Cyprinodon,4677,A,16,,Y,,,,,TAX6A
TAX6B,LC50 Flth 96Hr Acute Menidia,4677,A,16,,Y,,,,,TAX6B
TAX6C,LC50 Flth 96Hr Acute Pimephales,4677,A,16,,Y,,,,,TAX6C
TAX6D,LC50 Flth 96Hr Acute Salmo Gair.,4677,A,16,,Y,,,,,TAX6D
TAX6E,LC50 Flth 96Hr Acute Lepomis Macrochi,4677,A,16,,Y,,,,,TAX6E
TAY6E,LC50 Flth 4Day Chronic Lepomis Macrochi,4677,A,16,,Y,,,,,TAY6E
TAZ6E,LC50 Flth 7Day Chronic Lepomis Macrochi,4677,A,16,,Y,,,,,TAZ6E
TB1AA,LC50 Mycd Shrimp Fl-Thru Defn,4677,A,16,,Y,,,,,TB1AA
TB1BA,LC50 Shee Minnow Fl-Thru Defn,4677,A,16,,Y,,,,,TB1BA
TB1CA,LC50 Fthd Minnow Fl-Thru Defn,4677,A,16,,Y,,,,,TB1CA
TBA6E,NOEL Static 48Hr Acute Lepomis Macrochirus,4677,A,16,,Y,,,,,TBA6E
TBB6E,Noel Static 96Hr Acute Lepomis Macrochirus,4677,A,16,,Y,,,,,TBB6E
TBC1A,Noel Static 4Day Chronic Selen. Capr.,4677,A,16,,Y,,,,,TBC1A
TBC1B,Noel Static 4Day Chronic L. Minor,4677,A,16,,Y,,,,,TBC1B
TBC1C,Noel Static 4Day Chronic Champia,4677,A,16,,Y,,,,,TBC1C
TBC3A,Noel Static 4Day Chronic Arbacia,4677,A,16,,Y,,,,,TBC3A
TBC3B,Noel Static 4Day Chronic Ceriodaphnia,4677,A,16,,Y,,,,,TBC3B
TBC3C,Noel Static 4Day Chronic D. Magna,4677,A,16,,Y,,,,,TBC3C
TBC3D,Noel Static 4Day Chronic D. Pulex,4677,A,16,,Y,,,,,TBC3D
TBC3E,Noel Static 4Day Chronic Mysid. Bahia,4677,A,16,,Y,,,,,TBC3E
TBC6A,Noel Static 4Day Chronic Cyprinodon,4677,A,16,,Y,,,,,TBC6A
TBC6B,Noel Static 4Day Chronic Menidia,4677,A,16,,Y,,,,,TBC6B
TBC6C,Noel Static 4Day Chronic Pimephales,4677,A,16,,Y,,,,,TBC6C
TBC6D,Noel Static 4Day Chronic Salmo Gair.,4677,A,16,,Y,,,,,TBC6D
TBC6E,Noel Static 4Day Chronic Lepomis Macrochirus,4677,A,16,,Y,,,,,TBC6E
TBD1A,Noel Static 7Day Chronic Selen. Capr.,4677,A,16,,Y,,,,,TBD1A
TBD1B,Noel Static 7Day Chronic L. Minor,4677,A,16,,Y,,,,,TBD1B
TBD1C,Noel Static 7Day Chronic Champia,4677,A,16,,Y,,,,,TBD1C
81356,Cation exchange capacity,11062,A,21,,Y,,,,,81356
81358,"Trinitrotoluene [TNT], dissolved",10149,A,59,,Y,2.0,,,,81358
81360,"Trinitrotoluene [TNT], total",10149,A,59,,Y,2.0,,,,81360
81362,"RDX, dissolved",10644,A,59,,Y,2.0,,,,81362
81364,"RDX, total",10644,A,59,,Y,2.0,,,,81364
81375,Halogenated organics,1976,A,59,,Y,2.0,,,,81375
81380,Velocity of discharge,12475,A,24,,Y,,,,,81380
81381,Duration of discharge,11230,A,126,,Y,,Duration of discharge,Uncommon,Uncommon,81381
81382,"Nitrogenous oxygen demand [20-day, 20 C]",11884,A,59,,Y,1.0,,,,81382
81383,"Carbonaceous oxygen demand, % removal",10853,A,16,Y,Y,1.0,"Carbonaceous oxygen demand, % removal",Organics,COD,81383
81384,"Nitrogenous oxygen demand, % removal",11885,A,16,Y,Y,1.0,,,,81384
81385,"BOD, 20-day, percent removal",10838,A,16,Y,Y,1.0,,,,81385
81386,Heat [summer] [per hour],11384,A,74,,Y,,,,,81386
81387,Heat [winter] [per hour],11386,A,74,,Y,,,,,81387
81389,"Temp. difference, summer [deg. C]",12377,A,2,,Y,,,,,81389
81390,"Temp. difference, winter [deg. C]",12378,A,2,,Y,,,,,81390
81391,Recirculation flow,12180,A,65,,Y,,,,,81391
81392,Gallons distilled,11340,A,65,,Y,,,,,81392
81393,"Nitrogen, total Kjeldahl, % removal",2817,A,16,Y,Y,1.0,,,,81393
81394,Ballast water flow,10865,A,65,,Y,,,,,81394
81395,Storm water flow,12277,A,65,,Y,,,,,81395
81396,"Organic compounds, chloroform extract.",2991,A,59,,Y,2.0,,,,81396
81397,Chlorinated organic compounds,10205,A,59,,Y,2.0,,,,81397
81398,Heat [summer] [per day],11383,A,74,,Y,,,,,81398
81399,Heat [winter] [per day],11385,A,72,,Y,,,,,81399
81400,Chlorine usage,11093,A,59,,Y,2.0,Chlorine usage,Uncommon,Uncommon,81400
81401,Enteric viruses,12477,A,22,,Y,,,,,81401
81402,Settleable solids percent removal,12209,A,16,Y,Y,1.0,,,,81402
81403,Chlorpyrifos,12079,A,59,,Y,,Chlorpyrifos,Toxic Organics,Toxic Organics,81403
81405,Carbofuran,10071,A,59,,Y,2.0,Carbofuran,Uncommon,Uncommon,81405
81410,Sutan,10190,A,59,,Y,2.0,,,,81410
81436,Caffeine,10705,A,59,,Y,2.0,,,,81436
81501,Pentachloroethane,11268,A,59,,Y,2.0,,,,81501
81512,Benzothiazole,10967,A,59,,Y,,,,,81512
81513,"Biphenyl, total",10609,A,59,,Y,,,,,81513
81518,Chloronitrobenzene,10922,A,59,,Y,2.0,,,,81518
81520,Chloroprene,10018,A,59,,Y,2.0,,,,81520
81524,Dichlorobenzene,10152,A,59,,Y,2.0,Dichlorobenzene,Toxic Organics,Toxic Organics,81524
81531,Dimethylnaphthalene,11877,A,59,,Y,2.0,,,,81531
81533,Dinitrotoluene,10932,A,59,,Y,2.0,,,,81533
81547,Methyl naphthalene,11878,A,59,,Y,2.0,,,,81547
81549,"Tetrachloroethane, total",11270,A,59,,Y,2.0,,,,81549
81551,Xylene [mix of m+o+p],10153,A,59,,Y,2.0,Xylene [mix of m+o+p],Uncommon,Uncommon,81551
81552,Acetone,10051,A,59,,Y,2.0,,,,81552
81553,Acetophenone,11283,A,59,,Y,2.0,,,,81553
81555,"Bromo benzene, total",10919,A,59,,Y,2.0,,,,81555
81557,1-Bromo-2-chloroethane,10263,A,59,,Y,2.0,,,,81557
81559,Bromodichloroethane,11262,A,59,,Y,2.0,,,,81559
81561,"Butadiene, total",137,A,59,,Y,2.0,,,,81561
81563,Butane,743,A,59,,Y,2.0,,,,81563
81570,Cyclohexane,6756,A,59,,Y,2.0,,,,81570
81572,Dicyclopentadiene,10069,A,59,,Y,2.0,,,,81572
81574,"1,2-cis-Dichloroethylene",10281,I,59,,Y,2.0,,,,81574
81576,Diethyl ether [ethoxyethane],10253,A,59,,Y,,,,,81576
78236,Organics-tot voltile [NJAC reg.7:23-17e],10366,A,59,,Y,2.0,,,,78236
78237,"Organics, volatile [NJAC reg. 7:23-17e]",10366,A,59,,Y,2.0,,,,78237
78238,"Explosive limit, lower",11646,A,16,,Y,2.0,,,,78238
78239,"Metals, tox priority pollutants, total",11655,A,59,,Y,2.0,,,,78239
78240,"Metals, total",12426,A,59,,Y,2.0,,,,78240
78242,Anesthetics,10810,A,59,,Y,,,,,78242
78244,"Cadmium [Cd], in barite, dry weight",776,A,59,,Y,,,,,78244
78245,"Mercury [Hg], in barite, dry weight",2448,A,59,,Y,2.0,,,,78245
78246,"Solids, floating - visual determination",11305,A,170,,Y,1.0,,,,78246
78247,"Chromium, hexavalent tot recoverable",10214,A,59,,Y,2.0,"Chromium, hexavalent tot recoverable",Uncommon,Uncommon,78247
78248,"Cyanide, total recoverable",5123,A,59,,Y,2.0,"Cyanide, total recoverable",Inorganics,Toxic Inorganics,78248
78299,"2-Nitroaniline, in sed., dry weight",10882,A,59,,Y,,,,,78299
78300,3-Nitroaniline,10883,A,59,,Y,2.0,,,,78300
78306,2-Nitroaniline,10882,A,59,,Y,2.0,,,,78306
78356,2-Butanone,4800,A,59,,Y,2.0,,,,78356
78376,"trans-1,2-Dichloroethene",10280,A,59,,Y,,,,,78376
78389,Tetrachloroethene,10284,I,59,,Y,2.0,,,,78389
78391,Trichloroethene,10285,A,59,,Y,2.0,,,,78391
78395,o-Cresol [2-Methylphenol],12019,A,59,,Y,2.0,,,,78395
78396,4-Methylphenol,10388,A,59,,Y,2.0,,,,78396
78401,"2,4,5-Trichlorophenol, dry weight",10380,A,59,,Y,,,,,78401
78428,.alpha.-Endosulfan,10759,I,59,,Y,2.0,.alpha.-Endosulfan,Uncommon,Uncommon,78428
78454,"Ethane, 1,2-bis[2- chloroethoxy]-, homologous sum",11258,A,59,,Y,2.0,,,,78454
78455,"Explosives, combined TNT + RDX + tetryl",11292,A,59,,Y,2.0,,,,78455
78456,Halomethanes,11379,A,59,,Y,2.0,Halomethanes,Toxic Organics,Toxic Organics,78456
78463,"Boron, sludge, total, dry weight [as B]",10987,A,59,,Y,1.0,,,,78463
78464,"Sodium, sludge, total, dry weight [as Na]",6802,A,59,,Y,1.0,,,,78464
78465,"Molybdenum, sludge, total, dry weight [as Mo]",6658,A,101,,Y,1.0,,,,78465
78466,"Barium, sludge, total, dry weight [as Ba]",572,A,59,,Y,1.0,,,,78466
78467,"Zinc, sludge, total, dry weight [as Zn]",6352,A,101,,Y,2.0,,,,78467
78468,"Lead, sludge, total, dry weight [as Pb]",6562,A,101,,Y,2.0,,,,78468
78469,"Nickel, sludge, total, dry weight [as Ni]",2741,A,101,,Y,1.0,,,,78469
78470,"Nitrogen, sludge, total, dry weight [as N]",2817,A,59,,Y,1.0,,,,78470
78471,"Mercury, sludge, total, dry weight [as Hg]",2448,A,101,,Y,2.0,,,,78471
78472,"Potassium, sludge, total, dry weight [as K]",5948,A,59,,Y,,,,,78472
78473,"Chromium, sludge, total, dry weight [as Cr]",1012,A,101,,Y,2.0,,,,78473
78474,"Iron, sludge, total, dry weight [as Fe]",2215,A,59,,Y,1.0,,,,78474
78475,"Copper, sludge, total, dry weight [as Cu]",1165,A,101,,Y,1.0,,,,78475
78476,"Cadmium, sludge, total, dry weight [as Cd]",776,A,101,,Y,2.0,,,,78476
78477,"Solids, sludge, total, dry weight",12238,A,118,,Y,1.0,,,,78477
78478,"Phosphorus, sludge, total, dry weight [as P]",5889,A,59,,Y,,,,,78478
78480,Effluent dilution ratio,11232,A,16,,Y,,Effluent dilution ratio,Flow,Flow,78480
78531,Butyl acetate,10082,A,59,,Y,2.0,,,,78531
78656,Nitrosodiphenylamine,10121,A,59,,Y,2.0,,,,78656
78720,"Flow, recycled",11321,A,66,,Y,,,,,78720
78721,"Phthalates, total",10630,A,59,,Y,2.0,,,,78721
78722,Pressure difference,12117,A,17,,Y,,,,,78722
78723,"Amines, organic total",11906,A,59,,Y,2.0,,,,78723
78724,"4-Nitro-N-methylphthalimide, total",10702,A,59,,Y,2.0,,,,78724
78725,"Hydrocarbons, nitrated, total",11405,A,59,,Y,2.0,,,,78725
78726,"Sodium dimethyldithiocarbamate, total",10189,A,59,,Y,2.0,,,,78726
78727,"Isothiazolone, total",10741,A,59,,Y,2.0,,,,78727
78728,Alkyl dimethylbenzyl ammonium chloride,12168,A,59,,Y,2.0,,,,78728
78729,Alkyl dimethyl ethyl ammonium bromide,10803,A,59,,Y,2.0,,,,78729
78730,"N-Nitroso compounds, volatile",11691,A,59,,Y,2.0,,,,78730
78731,"N-Nitroso compounds, volatile",11691,A,59,,Y,2.0,,,,78731
78732,"Volatile compounds, [GC/MS]",12479,A,59,,Y,2.0,,,,78732
78733,Volatile fraction organics [EPA 624],11911,A,59,,Y,2.0,,,,78733
78734,Tributhylamine,10674,A,59,,Y,2.0,,,,78734
78735,Octylphenoxy polyethoxyethanol,12105,A,59,,Y,2.0,,,,78735
78736,"Isopropylbiphenyl, total",10610,A,59,,Y,2.0,,,,78736
78737,Thermal discharge,4073,I,3,,Y,,,,,78737
78738,Chlorination frequency,11088,A,52,,Y,,,,,78738
78739,Chlorination duration,11087,A,126,,Y,,,,,78739
78760,Methylethylbenzene,10927,A,59,,Y,2.0,,,,78760
78774,3-Methylhexane,11393,A,59,,Y,2.0,,,,78774
78867,"4-Chloroaniline, in sediment",10885,A,59,,Y,,,,,78867
78868,2-Methylnaphthalene,11876,A,59,,Y,2.0,2-Methylnaphthalene,Toxic Organics,Toxic Organics,78868
78869,"3-Nitroaniline, dry weight",10883,A,59,,Y,,,,,78869
78870,4-Nitroaniline,10118,A,59,,Y,,,,,78870
78881,Phosphamidon,12056,A,59,,Y,,,,,78881
78885,Reglone,11197,A,59,,Y,,,,,78885
78886,"Flow, process wastewater",11319,A,66,,Y,,,,,78886
78887,"Precipitation, monthly accumulation",12115,A,69,,Y,,,,,78887
78888,"2,4-Toluenediamine",10655,A,59,,Y,2.0,,,,78888
78889,"2,5-Toluenediamine",10668,A,59,,Y,2.0,,,,78889
78920,"Gasoline, regular",11209,A,59,,Y,2.0,,,,78920
78932,"Flow, augmented water",11310,A,66,N,Y,,,,,78932
78933,"Flow, well water",11326,A,65,,Y,,,,,78933
85779,Paper production,11987,A,59,,Y,,,,,85779
85780,Fine bleached kraft,11298,A,59,,Y,,,,,85780
81577,Diisopropyl ether,12147,A,59,,Y,2.0,,,,81577
71855,"Nitrogen, nitrite total [as NO2]",2806,A,59,,Y,1.0,"Nitrogen, nitrite total [as NO2]",Uncommon,Uncommon,71855
71865,Iodide [as I],11425,A,59,,Y,1.0,,,,71865
71867,"Iodine, residual",2208,A,59,,Y,2.0,,,,71867
77163,"1,3-Dichloropropene",10031,A,59,,Y,2.0,"1,3-Dichloropropene",Uncommon,Uncommon,77163
77164,Resorcinol,10657,A,59,,Y,2.0,,,,77164
77165,Hydroquinone,10670,A,59,,Y,2.0,,,,77165
77166,"2,3-Dichloropropylene",10694,A,59,,Y,2.0,,,,77166
77173,"1,3-Dichloropropane",12145,A,59,,Y,2.0,,,,77173
77179,5-Methyl-2-hexanone,10724,A,59,,Y,,,,,77179
77183,"n-Octane, total",11893,A,59,,Y,,,,,77183
77189,n-Butyl acetate,10082,A,59,,Y,2.0,,,,77189
77190,Hexanoic acid,11396,A,59,,Y,,,,,77190
77201,Isobutyl acetate,10786,A,59,,Y,2.0,,,,77201
77202,Indene,10701,A,59,,Y,2.0,,,,77202
77222,"1,2,4-Trimethylbenzene",10132,A,59,,Y,2.0,,,,77222
77223,Isopropylbenzene,10123,A,59,,Y,2.0,,,,77223
77224,n-Propylbenzene,10936,A,59,,Y,2.0,,,,77224
77226,"1,3,5-Trimethylbenzene",10135,A,59,,Y,2.0,,,,77226
77234,N-Ethylbenzenamine,10889,A,59,,Y,,,,,77234
77237,Dimethylaniline,10120,A,59,,Y,2.0,,,,77237
77243,"3,4-Dimethylphenol",12024,A,59,,Y,,,,,77243
77247,"Benzoic acids, total",10964,A,59,,Y,,,,,77247
77275,Orthochlorotoluene,10914,A,59,,Y,2.0,,,,77275
77285,"1,4-Dichlorobutane",10990,A,59,,Y,2.0,,,,77285
77287,2-Chloroaniline,10880,A,59,,Y,2.0,,,,77287
77295,3-Chlorophenol,12026,A,59,,Y,2.0,,,,77295
77296,4-Chlorophenol,12032,A,59,,Y,,,,,77296
77299,Quinoline,12169,A,59,,Y,2.0,,,,77299
77300,"Dibutylamine, whole water",10676,A,59,,Y,,,,,77300
77311,2-Ethyl-1-hexanol,10679,A,59,,Y,2.0,,,,77311
77335,1-Methyl-2-isopropylbenzene,10918,A,59,,Y,,,,,77335
77337,"1,2,4,5-Tetramethylbenzene",10907,A,59,,Y,2.0,,,,77337
77342,n-Butylbenzene,10920,A,59,,Y,2.0,,,,77342
77350,Sec-butylbenzene,10895,A,59,,Y,,,,,77350
77353,tert-Butylbenzene,10894,A,59,,Y,,,,,77353
77402,2-Phenoxyethanol,11282,A,59,,Y,,,,,77402
77416,2-Methylnaphthalene,11876,A,59,,Y,2.0,2-Methylnaphthalene,Toxic Organics,Toxic Organics,77416
77418,1-Methylnaphthalene,11874,A,59,,Y,2.0,,,,77418
77421,2-Methyl-4-chlorophenol,12034,A,59,,Y,2.0,,,,77421
77427,n-Decane,11144,A,59,,Y,,,,,77427
77443,"1,2,3-Trichloropropane",12144,A,59,,Y,2.0,"1,2,3-Trichloropropane",Uncommon,Uncommon,77443
77447,Chloral,10772,A,59,,Y,2.0,,,,77447
77453,Phthalic anhydride,10665,A,59,,Y,2.0,,,,77453
77493,.alpha.-Terpineol,10744,A,59,,Y,2.0,,,,77493
77517,Benzenesulphonic acid,10952,A,59,,Y,2.0,,,,77517
77533,"2,3-Dichloroaniline",10877,A,59,,Y,,,,,77533
77540,"2,5-Dichlorophenol",12012,A,59,,Y,,,,,77540
77541,"2,6-Dichlorophenol",12014,A,59,,Y,,,,,77541
77542,Hexamethylbenzene,10929,A,59,,Y,2.0,,,,77542
77545,Safrole,10660,A,59,,Y,2.0,,,,77545
77562,"1,1,1,2-Tetrachloroethane",11249,A,59,,Y,2.0,,,,77562
77566,Phthalic acid,10629,A,59,,Y,2.0,,,,77566
77571,Carbazole,10771,A,59,,Y,,,,,77571
77579,Diphenylamine,10892,A,59,,Y,,,,,77579
77581,p-Aminobiphenyl,12521,A,59,,Y,2.0,,,,77581
77588,n-Dodecane,11213,A,59,,Y,,,,,77588
77613,"1,2,3-Trichlorobenzene",10905,A,59,,Y,2.0,,,,77613
77625,Azobenzene,10236,A,59,,Y,2.0,,,,77625
77647,Freon 113,11254,A,59,,Y,2.0,,,,77647
77651,Ethylene dibromide,10261,A,59,,Y,2.0,Ethylene dibromide,Uncommon,Uncommon,77651
77652,"1,1,2-Trichloro-1,2,2-trifluoroethane",11254,A,59,,Y,2.0,"1,1,2-Trichloro-1,2,2-trifluoroethane",Uncommon,Uncommon,77652
77653,"1,2-Bis[2-chloroethoxy] ethane",11258,A,59,,Y,2.0,,,,77653
77666,Citric acid,10626,A,59,,Y,2.0,,,,77666
77672,Dimethyl terephthalate,10669,A,59,,Y,,,,,77672
77676,Trichlorotoluene,10940,A,59,,Y,2.0,,,,77676
77687,"2,4,5-Trichlorophenol",10380,A,59,,Y,2.0,,,,77687
77691,n-Tetradecane,12394,A,59,,Y,,,,,77691
77700,"Carbaryl, total",10681,A,59,,Y,2.0,,,,77700
77734,"1,2,4,5-Tetrachlorobenzene",10906,A,59,,Y,2.0,,,,77734
77757,Hexadecane,11392,A,59,,Y,2.0,,,,77757
77763,Bisphenol-A [.alpha.],10387,A,59,,Y,2.0,,,,77763
77770,"2,3,4,6-Tetrachlorophenol",12004,A,59,,Y,2.0,,,,77770
77779,Dibromodichloromethane,11665,A,59,,Y,2.0,,,,77779
77781,n-Heptadecane,11389,A,59,,Y,2.0,,,,77781
77793,Pentachlorobenzene,10165,A,59,,Y,2.0,,,,77793
77804,n-Octadecane,11891,A,59,,Y,,,,,77804
77819,Tri-n-butyl phosphate,3356,A,59,N,Y,2.0,,,,77819
77825,Alachlor,10775,A,59,,Y,,Alachlor,Uncommon,Uncommon,77825
77828,Linoleic acid,10768,A,59,,Y,2.0,,,,77828
77830,n-Eicosane,11233,A,59,,Y,,,,,77830
77832,Oleic acid,10769,A,59,,Y,2.0,,,,77832
77835,"Hexachlorocyclohexane, total",11128,A,59,,Y,2.0,"Hexachlorocyclohexane, total",Toxic Organics,Toxic Organics,77835
77856,Abietic acid,10683,A,59,,Y,2.0,,,,77856
77859,Docosane,11212,A,59,,Y,2.0,,,,77859
77860,Butachlor,10779,A,59,,Y,2.0,,,,77860
77881,Triphenyl phosphate,12062,A,59,,Y,2.0,,,,77881
77885,"Methanol, total",5617,A,59,,Y,2.0,,,,77885
77889,Octachlorocyclopentene,11131,A,59,,Y,2.0,,,,77889
77901,n-Hexacosane,11391,A,59,,Y,,,,,77901
79750,"DCBP, total",10611,A,59,,Y,2.0,,,,79750
79751,Guanidine nitrate,11352,A,59,,Y,2.0,,,,79751
79752,"N,N'-Diethylcarbanilide",12466,A,59,,Y,2.0,,,,79752
79753,Nitroguanidine,11353,A,59,,Y,2.0,,,,79753
79774,"Suspended solids, total discharge",12299,A,118,,Y,1.0,,,,79774
79775,"Suspended solids, total annual",12298,A,59,,Y,1.0,,,,79775
79776,"Oil and Grease, calculated limit",10364,A,59,,Y,2.0,,,,79776
79777,Precipitation volume,12114,A,69,,Y,,,,,79777
79778,Cresol,10394,A,59,,Y,2.0,,,,79778
79779,"Manure removed, gallons",2428,A,123,,Y,,,,,79779
79780,Tetramethylbenzene,10937,A,59,,Y,2.0,,,,79780
79781,Time each pumping rate utilized,12410,A,125,,Y,,,,,79781
79783,Quarternary ammonium compounds,12167,A,59,,Y,2.0,,,,79783
79817,"3,4-Dichlorophenol",12023,A,59,,Y,,,,,79817
79818,Flusilazole,10695,A,59,,Y,2.0,,,,79818
79819,Polychlorinated biphenyls [PCB] pg/L,10001,A,59,,Y,,,,,79819
79834,"Produced water, free oil",12132,A,42,,Y,,,,,79834
79848,"2,3,7,8-Tetrachlorodibenzofuran",11181,A,59,,Y,,"2,3,7,8-Tetrachlorodibenzofuran",Uncommon,Uncommon,79848
79849,Trichlorosyringol,12020,I,59,,Y,,,,,79849
79850,Tetrachlorocatechol,10633,A,59,,Y,,,,,79850
79851,sec-Butyldiphenylmethane,10933,A,59,,Y,,,,,79851
79852,"Isopropyl-1,1-diphenylethane",10901,A,59,,Y,,,,,79852
79853,"Isopropyl-1,2-diphenylethane",10897,A,59,,Y,,,,,79853
79854,"sec-Butyl-1,2-diphenylethane",10898,A,59,,Y,,,,,79854
79855,Adsorbable organic halides [AOX],10091,A,59,,Y,,,,,79855
79856,"sec-Butyl-1,1-diphenylethane",10900,A,59,,Y,,,,,79856
79857,Certified operator name,11070,I,158,,N,,,,,79857
79858,Certified operator number,11071,I,158,,N,,,,,79858
79859,Certified operator class,11069,I,158,,N,,,,,79859
79860,Certified operator certification exp.,11068,I,158,,N,,,,,79860
79861,Diethylhydroxylamine,11245,A,59,N,Y,2.0,,,,79861
79862,n-Heptane,2040,A,59,,Y,,,,,79862
80000,Alpha activity,10804,A,36,,Y,2.0,,,,80000
80029,Alpha gross radioactivity,10804,A,9,,Y,,,,,80029
80030,Radiation-gross alpha tot dissolved,10804,A,9,,Y,,,,,80030
80040,Radiation-gross alpha tot suspended,10804,A,9,,Y,,,,,80040
80045,"Alpha, gross particle activity",10804,A,112,,Y,,"Alpha, gross particle activity",Other,Other,80045
80082,"BOD, carbonaceous [5 day, 20 C]",10107,A,59,,Y,1.0,"BOD, carbonaceous [5 day, 20 C]",Organics,COD,80082
80087,"BOD, carbonaceous [20 day, 20 C]",10847,A,59,,Y,1.0,,,,80087
80089,"BOD, carbonaceous [40 day, 20 C]",10848,A,59,,Y,,,,,80089
80091,"BOD, carb-5 day, 20 deg C, percent removal",10852,A,90,Y,Y,1.0,"BOD, carb-5 day, 20 deg C, percent removal",Organics,COD,80091
80092,"Dechlorination reagent, gen",11145,A,59,,Y,,"Dechlorination reagent, gen",Uncommon,Uncommon,80092
80093,Dilution factor,11193,A,85,,Y,,Dilution factor,Uncommon,Uncommon,80093
80103,Chemical oxygen demand [COD],905,A,108,,Y,,,,,80103
80107,"Sulfur, total",3917,A,59,,Y,1.0,,,,80107
80108,Chemical oxygen demand [COD],905,I,59,,Y,1.0,,,,80108
80114,"Color, concentration at wavelength",11108,A,59,,Y,,,,,80114
80115,Chem. oxygen demand [COD] % removal,11077,A,16,Y,Y,1.0,,,,80115
80116,"Chemical oxygen demand, soluble",905,A,59,,Y,1.0,,,,80116
80126,"BOD, carbonaceous [5 day, 5 C]",10849,A,59,,Y,1.0,,,,80126
80273,"BOD, carbonaceous [25-day, 20 C]",10850,A,59,,Y,1.0,,,,80273
80276,"BOD, carbonaceous [28 day, 20 C]",10851,A,59,,Y,1.0,,,,80276
80278,Non-nitrogenous BOD,10107,A,59,,Y,1.0,,,,80278
80279,CBOD5+NH3-N,10998,A,59,,Y,1.0,,,,80279
80280,"Carbonaceous BOD, 5 day, 20 deg C filtrd",10854,A,59,,Y,1.0,,,,80280
80355,"1,1,2,2-Tetrachloroethylene",10284,I,59,,Y,2.0,,,,80355
80357,"Chromium, trivalent dissolved, as Cr",10215,A,59,,Y,,,,,80357
80358,"BOD, carbonaceous, percent removal",10853,A,90,Y,Y,1.0,,,,80358
80887,Ferrochrome lignosulfonated frwtr mud,11228,A,65,,Y,1.0,,,,80887
80888,Lightly treated lignosulfonated mud,11644,A,65,,Y,1.0,,,,80888
80991,Sludge waste from secondary clarifiers,12222,A,123,,Y,,,,,80991
80996,Spray irrigation,12267,A,51,,Y,,,,,80996
80998,Bypass valve,10997,A,141,,Y,,,,,80998
80999,Bypass of treatment,10997,A,138,,Y,,,,,80999
81005,"Recirculation, percent of plant flow",12181,A,16,,Y,,,,,81005
81009,"Solids, volatile suspended, % removal",12262,A,16,Y,Y,1.0,,,,81009
81010,"BOD, 5-day, percent removal",10846,A,90,Y,Y,1.0,"BOD, 5-day, percent removal",Organics,COD,81010
81011,"Solids, suspended percent removal",12240,A,90,Y,Y,1.0,"Solids, suspended percent removal",Solids,Suspended Solids,81011
81012,"Phosphorus, total percent removal",5889,A,16,Y,Y,1.0,,,,81012
81013,"Residue, volatile nonfilterable",12244,A,59,,Y,1.0,,,,81013
81014,"Sludge return rate, % of plant flow",12218,A,16,,Y,,,,,81014
81015,"Residue, total filterable",4151,A,59,,Y,1.0,,,,81015
74024,Caustic in drilling fluids,11064,A,59,,Y,,,,,74024
74025,"Temperature, summer [deg. C]",12387,A,2,,Y,,,,,74025
74026,"Temperature, winter [deg. C]",12390,A,2,,Y,,,,,74026
74027,"Temperature, summer [deg. F]",12388,A,8,,Y,,,,,74027
74028,"Temperature, winter [deg. F]",12391,A,8,,Y,,,,,74028
74029,Temperature rate of change deg. F/hour,12381,A,147,,Y,,,,,74029
74030,Flashpoint temp of oil/solv ASTM 93-77,11303,A,2,,Y,,,,,74030
74051,"Algicides, general",10798,A,59,,Y,1.0,,,,74051
TEY6E,LF Pass/Fail Flth 4Day Chronic Lepomis Macrochi,4677,A,16,,Y,,,,,TEY6E
TEZ6E,LF Pass/Fail Flth 7Day Chronic Lepomis Macrochi,4677,A,16,,Y,,,,,TEZ6E
79617,".alpha.-Endosulfan, in waste",10759,I,59,,Y,2.0,,,,79617
TSB6K,Static Renewal 96Hr Acute Gasterost aculeatus,4677,A,49,,Y,,,,,TSB6K
TSB6N,Static 96Hr Acute Citharichys sitigmae,4677,A,49,,Y,,,,,TSB6N
TSM3B,Static Renewal 48Hr Acute Ceriodaphnia Dubia,4677,A,49,,Y,,,,,TSM3B
TSM3C,Static Renewal 48Hr Acute Daphnia Magna,4677,A,49,,Y,,,,,TSM3C
TSN3B,Static Renewal 96Hr Acute Ceriodaphnia Dubia,4677,A,49,,Y,,,,,TSN3B
TSN6C,Static Renewal 96Hr Acute Pimphales Promelas,4677,A,49,,Y,,,,,TSN6C
TSN6I,Static Renewal 96Hr Acute Oncorhynchus Mykiss,4677,A,49,,Y,,,,,TSN6I
TSN6J,Static Renewal 96Hr Acute Menidia Beryllina,4677,A,49,,Y,,,,,TSN6J
TSN6L,Static Renewal 96Hr Acute Atherinops Affinis,4677,A,49,,Y,,,,,TSN6L
TSX6K,Flth 96Hr Acute Gasterost Aculeatus,4677,A,49,,Y,2.0,,,,TSX6K
TT000,"Toxicity, Chronic",4677,A,49,,Y,,,,,TT000
TTA1D,Static 48Hr Chronic Macrocystis Pyrifera,4677,A,49,,Y,,,,,TTA1D
TTC1A,Static 4Day Chronic Selen. Capricornutum,4677,A,49,,Y,,Static 4Day Chronic Selen. Capricornutum,Uncommon,Uncommon,TTC1A
TTC1E,Static 4 Day Chronic Raphidocelis subcapitata,4677,A,49,,Y,,,,,TTC1E
TTD3B,Static 7Day Chronic Ceriodaphnia Dubia,4677,A,49,,Y,,,,,TTD3B
TTD6C,Static 7Day Chronic Pimephales Promelas,4677,A,49,,Y,,Static 7Day Chronic Pimephales Promelas,Aquatic Toxicity,Aquatic Toxicity,TTD6C
TTD6J,Static 7Day Chronic Menidia beryllina,4677,A,49,,Y,,,,,TTD6J
TTE3L,Static 1Hr Chronic Strongyl. Purpuratus,4677,A,49,,Y,,,,,TTE3L
73179,p-Dimethylaminoazobenzene,10886,A,59,,Y,2.0,,,,73179
73183,Phenacetin,10777,A,59,,Y,2.0,,,,73183
73184,Ethyl methanesulfonate,11676,A,59,,Y,2.0,,,,73184
73185,"Aniline, dry weight",10113,A,59,,Y,,,,,73185
73188,"Ethanol, dry weight",5286,A,59,,Y,,,,,73188
73189,"1,2-Dichlorobenzene, dry weight",10133,A,59,,Y,,,,,73189
73190,Methyl methanesulfonate,11677,A,59,,Y,2.0,,,,73190
73191,"Acetone, dry weight",10051,A,59,,Y,2.0,,,,73191
73199,"Methoxychlor, dry weight",10899,A,59,,Y,,,,,73199
73202,"Bromoethane, dry weight",11263,A,59,,Y,,,,,73202
73207,Acetonitrile,278,A,59,,Y,,,,,73207
73209,"Carbon disulfide, dry weight",817,A,59,,Y,,,,,73209
73211,"Bromodichloromethane, dry weight",11660,A,59,,Y,,,,,73211
73214,"Trichlorofluoromethane, dry weight",10346,A,59,,Y,,,,,73214
73281,"Styrene, dry weight",10155,A,59,,Y,,,,,73281
73282,"Benzyl alcohol, dry weight",10943,A,59,,Y,,,,,73282
73292,"1,2-Dibromomethane",10261,A,59,,Y,2.0,,,,73292
73299,"Vinyl acetate, dry weight",10077,A,59,,Y,,,,,73299
73304,"Chloromethane, dry weight",10338,A,59,,Y,,,,,73304
73312,"Pyridine, dry weight",3541,A,59,,Y,,,,,73312
73334,"Dimethyl phthalate, dry weight",10631,A,59,,Y,,,,,73334
73335,"Dibenzofuran, dry weight",5201,A,59,,Y,,,,,73335
73354,"Benzo[b]fluoranthene, dry weight",10110,A,59,,Y,,,,,73354
73382,"Xylenes [total], dry weight",10153,A,59,,Y,,"Xylenes [total], dry weight",Uncommon,Uncommon,73382
73403,"cis-1,3-Dichloropropene, dry weight",10693,A,59,,Y,,,,,73403
73404,"trans-1,3-Dichloropropene, dry weight",10693,A,59,,Y,,,,,73404
73427,"Endrin ketone, dry weight",10715,A,59,,Y,,,,,73427
73525,2-Butanone peroxide,10041,A,59,,Y,2.0,,,,73525
73529,"Benzenamine, 4-chloro-",10885,A,59,,Y,,,,,73529
73593,Methyl hydrazine,11400,A,59,,Y,2.0,,,,73593
73603,Nickel carbonyl,11882,A,59,,Y,,,,,73603
73609,N-Nitrosodi-n-butylamine,10677,A,59,,Y,2.0,,,,73609
73617,N-Nitrosomorpholine,11690,A,59,,Y,,,,,73617
73619,1-Nitrosopiperidine,12095,A,59,,Y,2.0,,,,73619
73652,"Phosphorothioic acid, O,O,O-triethyl ester",12078,A,78,,Y,2.0,,,,73652
73653,"1,3,5-Trinitrobenzene",10909,A,78,,Y,,,,,73653
73676,"Flow, restrictive",11322,A,59,,Y,,,,,73676
74002,Population served,12108,A,157,,Y,,,,,74002
74006,Inert plastic spheres in drill fluids,11420,A,59,,Y,,,,,74006
74007,Nutshells in drilling fluids,11890,A,59,,Y,,,,,74007
74008,Power plant load in megawatts,12112,A,3,,Y,,,,,74008
74009,Torq trim it in drilling fluids,12415,A,59,,Y,,,,,74009
74010,"Iron, total [as Fe]",2215,A,59,,Y,1.0,"Iron, total [as Fe]",Uncommon,Uncommon,74010
74011,"Drill cutting, [oil rigs]",11218,A,65,,Y,,,,,74011
74012,Condenser cooling water temp. increase,11114,A,8,,Y,,,,,74012
74013,Calculated limit,12385,A,149,,Y,,,,,74013
74014,Applicable temperature limitation,10820,A,8,,Y,,,,,74014
74015,"Phenols, chlorinated",10390,A,59,,Y,2.0,"Phenols, chlorinated",Inorganics,Disinfectants,74015
74020,"Flow, pump out",11320,A,66,,Y,,,,,74020
77936,"Bromochloroethane, in water",10263,A,59,,Y,,,,,77936
77957,"Chlorobenzoic acid, in water",10963,A,59,,Y,,,,,77957
77963,Chloromethylbenzene,10921,A,59,,Y,2.0,,,,77963
77969,Chlorpyrifos,12079,A,59,,Y,2.0,Chlorpyrifos,Toxic Organics,Toxic Organics,77969
77970,Chlorotoluene,10921,A,59,,Y,2.0,,,,77970
77981,"Dichlorophenol, in water, ug/L",12038,A,59,,Y,,,,,77981
77983,Dichlorotoluene,10924,A,59,,Y,2.0,,,,77983
77984,Dichlorotrifluoroethane,11267,A,59,,Y,2.0,,,,77984
77986,Diethylmethylbenzenesulfonamide,10951,A,59,,Y,2.0,,,,77986
TAB3C,LC50 Static 96Hr Acute D. Magna,4677,A,16,,Y,,,,,TAB3C
TAB3D,LC50 Static 96Hr Acute D. Pulex,4677,A,16,,Y,,,,,TAB3D
TAB3E,LC50 Static 96Hr Acute Mysid. Bahia,4677,A,16,,Y,,,,,TAB3E
TAB6A,LC50 Static 96Hr Acute Cyprinodon,4677,A,16,,Y,,,,,TAB6A
TAB6B,LC50 Static 96Hr Acute Menidia,4677,A,16,,Y,,,,,TAB6B
TAB6C,LC50 Static 96Hr Acute Pimephales,4677,A,16,,Y,,,,,TAB6C
TAB6D,LC50 Static 96Hr Acute Salmo Gair.,4677,A,16,,Y,,,,,TAB6D
TAB6E,LC50 Static 96Hr Acute Lepomis Macrochirus,4677,A,16,,Y,,,,,TAB6E
TAB6H,LC50 Static 96Hr Acute Cyprinella Leedsi,4677,A,16,,Y,,,,,TAB6H
TAC6E,LC50 Static 4Day Chronic Lepomis Macrochirus,4677,A,16,,Y,,,,,TAC6E
TAD6E,LC50 Static 7Day Chronic Lepomis Macrochirus,4677,A,16,,Y,,,,,TAD6E
TAE3B,LC50 Static 1Hr Chronic Ceriodaphnia Dubia,4677,A,16,,Y,,,,,TAE3B
TAE3E,LC50 Static 1Hr Chronic Ceriodaphnia,4677,A,16,,Y,,,,,TAE3E
TAE6B,LC50 Static 1Hr Chronic Menidia Menidia,4677,A,16,,Y,,,,,TAE6B
TAE6C,LC50 Static 1Hr Chronic Pimephales,4677,A,16,,Y,,,,,TAE6C
TAE6E,LC50 Static 1Hr Chronic Lepomis Macrochiru,4677,A,16,,Y,,,,,TAE6E
TAE6H,LC50 Static 1Hr Chronic Cyprinella Leedsi,4677,A,16,,Y,,,,,TAE6H
TAM1A,LC50 Statre 48Hr Acute Selen. Capr.,4677,A,16,,Y,,,,,TAM1A
TAM1B,LC50 Static Renewal 48Hr Acute Lemna minor,4677,A,16,,Y,,,,,TAM1B
TAM1C,LC50 Static Renewal 48Hr Acute Champia parvula,4677,A,16,,Y,,,,,TAM1C
TAM3A,LC50 Static Renewal 48Hr Acute Arbacia punctulata,4677,A,16,,Y,,,,,TAM3A
TAM3B,LC50 Static Renewal 48Hr Acute Ceriodaphnia dubia,4677,A,16,,Y,,,,,TAM3B
TAM3C,LC50 Static Renewal 48Hr Acute Daphnia magna,4677,A,16,,Y,,,,,TAM3C
TAM3D,LC50 Static Renewal 48Hr Acute Daphnia pulex,4677,A,16,,Y,,,,,TAM3D
TAM3E,LC50 Statre 48Hr Acute Mysid. Bahia,4677,A,16,,Y,,,,,TAM3E
TAM3U,LC50 Static Renewal 48Hr Acupenaeus vannamei,4677,A,16,,Y,,,,,TAM3U
TAM6A,LC50 Static Renewal 48Hr Acute Cyprinodon variegatus,4677,A,16,,Y,,,,,TAM6A
TAM6B,LC50 Statre 48Hr Acute Menidia,4677,A,16,,Y,,,,,TAM6B
TAM6C,LC50 Statre 48Hr Acute Pimephales,4677,A,16,,Y,,,,,TAM6C
TAM6D,LC50 Statre 48Hr Acute Salmo Gair.,4677,A,16,,Y,,,,,TAM6D
TAM6E,LC50 Static Renewal 48Hr Acute Lepomis macrochirus,4677,A,16,,Y,,,,,TAM6E
TAN1A,LC50 Statre 96Hr Acute Selen. Capr.,4677,A,16,,Y,,,,,TAN1A
TAN1B,LC50 Statre 96Hr Acute L. Minor,4677,A,16,,Y,,,,,TAN1B
TAN1C,LC50 Statre 96Hr Acute Champia,4677,A,16,,Y,,,,,TAN1C
TAN3A,LC50 Statre 96Hr Acute Arbacia,4677,A,16,,Y,,,,,TAN3A
TAN3B,LC50 Statre 96Hr Acute Ceriodaphnia,4677,A,16,,Y,,,,,TAN3B
TAN3C,LC50 Statre 96Hr Acute D. Magna,4677,A,16,,Y,,,,,TAN3C
TAN3D,LC50 Statre 96Hr Acute D. Pulex,4677,A,16,,Y,,,,,TAN3D
TAN3E,LC50 Statre 96Hr Acute Mysid. Bahia,4677,A,16,,Y,,,,,TAN3E
TAN3H,LC50 Statre 96Hr Acute Pandulas Hypsinotus,4677,A,16,,Y,,,,,TAN3H
TAN3I,LC50 Statre 96Hr Acute Pandulas Borealis,4677,A,16,,Y,,,,,TAN3I
TAN3J,LC50 Statre 96Hr Acute Cancer Magister,4677,A,16,,Y,,,,,TAN3J
TAN6A,LC50 Statre 96Hr Acute Cyprinodon,4677,A,16,,Y,,,,,TAN6A
TAN6B,LC50 Statre 96Hr Acute Menidia,4677,A,16,,Y,,,,,TAN6B
TAN6C,LC50 Statre 96Hr Acute Pimephales,4677,A,16,,Y,,,,,TAN6C
TAN6D,LC50 Statre 96Hr Acute Salmo Gair.,4677,A,16,,Y,,,,,TAN6D
TAN6E,LC50 Statre 96Hr Acute Lepomis Macrochi,4677,A,16,,Y,,,,,TAN6E
TAN6G,LC50 Statre 96Hr Acute Orcorhynchus Gorbus,4677,A,16,,Y,,,,,TAN6G
TAN6H,LC50 Statre 96Hr Acucyprinella Leedsi,4677,A,16,,Y,,,,,TAN6H
TAN6J,LC50 Statre 96Hr Acumenidia beryllina,4677,A,16,,Y,,,,,TAN6J
TAO6E,LC50 Statre 4Day Chronic Lepomis Macrochi,4677,A,16,,Y,,,,,TAO6E
TAP3B,LC50 Statre 7Day Chrceriodaphnia,4677,A,16,,Y,,,,,TAP3B
TAP6E,LC50 Statre 7Day Chronic Lepomis Macrochi,4677,A,16,,Y,,,,,TAP6E
TAW1A,LC50 Flth 48Hr Acute Selen. Capr.,4677,A,16,,Y,,,,,TAW1A
TAW1B,LC50 Flth 48Hr Acute L. Minor,4677,A,16,,Y,,,,,TAW1B
TAW1C,LC50 Flth 48Hr Acute Champia,4677,A,16,,Y,,,,,TAW1C
TAW3A,LC50 Flth 48Hr Acute Arbacia,4677,A,16,,Y,,,,,TAW3A
TAW3B,LC50 Flth 48Hr Acute Ceriodaphnia,4677,A,16,,Y,,,,,TAW3B
TAW3C,LC50 Flth 48Hr Acute D. Magna,4677,A,16,,Y,,,,,TAW3C
TAW3D,LC50 Flth 48Hr Acute D. Pulex,4677,A,16,,Y,,,,,TAW3D
TAW3E,LC50 Flth 48Hr Acute Mysid. Bahia,4677,A,16,,Y,,,,,TAW3E
TAW6A,LC50 Flth 48Hr Acute Cyprinodon,4677,A,16,,Y,,,,,TAW6A
TAW6B,LC50 Flth 48Hr Acute Menidia,4677,A,16,,Y,,,,,TAW6B
TAW6C,LC50 Flth 48Hr Acute Pimephales,4677,A,16,,Y,,,,,TAW6C
TAW6D,LC50 Flth 48Hr Acute Salmo Gair.,4677,A,16,,Y,,,,,TAW6D
TAW6E,LC50 Flth 48Hr Acute Lepomis Macrochi,4677,A,16,,Y,,,,,TAW6E
TAX1A,LC50 Flth 96Hr Acute Selen. Capr.,4677,A,16,,Y,,,,,TAX1A
TAX1B,LC50 Flth 96Hracu L. Minor,4677,A,16,,Y,,,,,TAX1B
TAX1C,LC50 Flth 96Hr Acute Champia,4677,A,16,,Y,,,,,TAX1C
TAX3A,LC50 Flth 96Hr Acute Arbacia,4677,A,16,,Y,,,,,TAX3A
84,Color,11106,A,59,,Y,,Color,Color and Turbidity,Color,84
85,Odor [Threshold Number],11898,A,23,,N,,Odor [Threshold Number],Uncommon,Uncommon,85
86,Odor [threshold no. at 60 deg. C],11896,A,23,,N,,,,,86
87,Odor [threshold no. at 40 deg cent],11895,A,23,,N,,,,,87
90,Redox [oxidation reduction potential],11920,A,43,,Y,,,,,90
91,"Flow, minimum flow range",11318,A,66,,Y,,,,,91
92,"Flow, maximum flow range",11317,A,65,,Y,1.0,,,,92
94,Conductivity,1130,A,6,,Y,,,,,94
95,Specific conductance,12263,A,89,,Y,,Specific conductance,Solids,Dissolved Solids,95
111,Ratio fecal coliform & streptococci,11294,A,22,,Y,,,,,111
132,Dry days preceding precipitation event,11229,A,126,,Y,,,,,132
135,Rainfall duration,12176,A,127,,Y,,,,,135
136,Temperature of sample upon arrival at lab,12379,A,2,,Y,,,,,136
139,Hydrogen peroxide,10308,A,59,,Y,1.0,,,,139
140,"BOD, 5-day, 20 deg. C per production",10857,A,104,,Y,1.0,,,,140
141,"Solids, total susp per production",12252,A,104,,Y,1.0,,,,141
142,Hydrogen cyanide,11408,A,59,,Y,2.0,,,,142
143,Methyl mercaptan,10348,A,59,,Y,2.0,,,,143
144,Combined metals sum,11111,A,59,,Y,2.0,,,,144
145,Total production - mass,12429,A,63,,Y,,,,,145
146,Chem. oxygen demand per production,11073,A,103,,Y,1.0,,,,146
147,"Iron, total per production",2215,A,103,,Y,1.0,,,,147
148,"Herbicides, total",2041,A,59,,Y,2.0,,,,148
149,"Alpha emitting radium isotopes, dissolved",12172,A,9,,Y,,,,,149
150,"Solids, total susp. per cfs of streamflw",12253,A,107,,Y,1.0,,,,150
151,"Nitrogen, ammonia per cfs of streamflow",375,A,107,,Y,1.0,,,,151
152,Oil and grease per production,10364,A,104,,Y,1.0,,,,152
153,Oil and grease per cfs of streamflow,10364,A,107,,Y,1.0,,,,153
154,Sulfate [as S],6101,A,59,,Y,1.0,,,,154
155,Isooctyl silvex,12157,A,59,,Y,2.0,,,,155
156,"Isooctyl 2,4,5-T",10782,A,59,,Y,2.0,,,,156
157,"Solids, total volatile, percent removal",12256,A,16,Y,Y,1.0,,,,157
159,"Copper, total per batch",1165,A,114,,Y,2.0,,,,159
160,"Iron, total per batch",2215,A,114,,Y,1.0,,,,160
161,"Nickel, total per batch",2741,A,114,,Y,2.0,,,,161
162,"Silver, total per batch",3714,A,114,,Y,2.0,,,,162
163,"Solids, total susp. per batch",12251,A,114,,Y,1.0,,,,163
164,"Flow, gallons/batch",11314,A,116,,Y,,,,,164
165,Sludge volume index [SVI],12221,A,139,,N,,,,,165
166,"Chloride, percent removal",5033,A,16,Y,Y,1.0,,,,166
167,"Solids, dry, discharge to sol. handling sys.",12233,A,118,,Y,1.0,,,,167
168,"Production, total, megawatts",12136,A,72,,Y,,,,,168
169,"Solids, dry, incin.as%ofdrysol.fromtrmtplt",12234,A,16,,Y,1.0,,,,169
170,"Solids, dry, removed from sol. handling sys.",12235,A,118,,Y,1.0,,,,170
171,Septage discharged to treatment fac.,12207,A,121,,Y,,Septage discharged to treatment fac.,Uncommon,Uncommon,171
172,"Digester solids content, percent",11192,A,16,,Y,1.0,,,,172
173,"Sludge, rate of wasting",12225,A,57,,Y,1.0,,,,173
175,"Nitrogen, ammonia, percent removal",375,A,16,Y,Y,1.0,"Nitrogen, ammonia, percent removal",Nutrients,Nitrogen,175
176,"Oxygen demand, ult., percent removal",11927,A,16,Y,Y,1.0,,,,176
177,"Oxygen demand, dissolved",11923,A,59,,Y,1.0,,,,177
178,Nicotine sulfate,10427,A,59,,Y,2.0,,,,178
179,Waste heat rejection rate,12494,A,72,,Y,,,,,179
180,Plant capacity fact. percent of capacity,12096,A,90,,Y,,,,,180
181,"Oxygen demand, ultimate",10860,A,59,,Y,1.0,,,,181
182,Oil and grease,10364,A,91,,Y,1.0,Oil and grease,Other,Fuel,182
183,"Chlorine, total residual, duration of violation",11094,A,125,,Y,2.0,"Chlorine, total residual, duration of violation",Inorganics,Disinfectants,183
184,Coagulants added,11102,A,59,,Y,,,,,184
185,"Particulates, floating",11990,A,26,,Y,,,,,185
186,"Particulates, floating, dry weight",11991,A,59,,Y,,,,,186
187,Toxicity,4245,A,59,,Y,,Toxicity,Aquatic Toxicity,Aquatic Toxicity,187
188,"Chlorinated pesticides, total & PCB's",12000,A,59,,Y,2.0,,,,188
189,Radioactivity,3565,A,9,,Y,,Radioactivity,Uncommon,Uncommon,189
190,Bis ether,10980,A,59,,Y,2.0,,,,190
191,Hydrogen ion,11409,A,59,,Y,,,,,191
192,"Oxygen demand, ult. carbonaceous [UCOD]",10861,A,59,,Y,1.0,,,,192
193,"Precipitation, total defined period/in",12113,A,105,,Y,,,,,193
195,Plume surface area,12101,A,144,,Y,,,,,195
208,"Chlorine, total residual [dsg. time]",928,A,138,,Y,2.0,,,,208
300,"Oxygen, dissolved [DO]",3051,A,59,,Y,,"Oxygen, dissolved [DO]",Nutrients,Dissolved Oxygen,300
301,"Oxygen, dissolved percent saturation",11205,A,168,,Y,,"Oxygen, dissolved percent saturation",Uncommon,Uncommon,301
310,"BOD, 5-day, 20 deg. C",10178,A,59,,Y,1.0,"BOD, 5-day, 20 deg. C",Organics,COD,310
311,"BOD, 5-day, dissolved",10854,A,59,,Y,1.0,,,,311
314,"BOD, nitrogen inhib 5-day [20 deg. C]",10856,A,59,,Y,1.0,,,,314
318,"BOD, 5-day",10178,A,101,,Y,1.0,,,,318
319,"BOD, [ult. all stages]",10860,A,59,,Y,1.0,,,,319
320,"BOD, [ult. 1st stage]",10862,A,59,,Y,1.0,,,,320
321,"BOD, [ult. 2nd stage]",10863,A,59,,Y,1.0,,,,321
324,"BOD, 20-day [20 deg. C]",10837,A,59,,Y,1.0,,,,324
327,"BOD, 11-day [20 deg. C]",10836,A,59,,Y,1.0,,,,327
335,"Oxygen demand, chem. [low level] [COD]",11075,A,59,,Y,1.0,,,,335
340,"Oxygen demand, chem. [high level] [COD]",11074,A,59,,Y,1.0,,,,340
341,"Oxygen demand, chem. [COD], dissolved",11076,A,59,,Y,1.0,,,,341
343,"Oxygen demand, total [tod]",11926,A,59,,Y,1.0,,,,343
352,"BOD, 35-day [20 deg. C]",10839,A,59,,Y,1.0,,,,352
359,"BOD, filtered, 5 day, 20 deg C",10854,A,59,,Y,1.0,,,,359
370,"Chlorine demand, 1 hr",11089,A,59,,Y,1.0,,,,370
386,Ozone - residual,3054,A,59,,Y,1.0,Ozone - residual,Uncommon,Uncommon,386
387,Ozone,3054,A,59,,Y,1.0,,,,387
388,"Oxygen demand, sum product",11925,A,59,,Y,1.0,,,,388
398,Dissolved oxygen injected,11206,A,57,,Y,,,,,398
399,"Oxygen, dissolved, % of time violated",11930,A,16,,Y,,,,,399
400,pH,10510,A,7,,N,,pH,pH,pH,400
403,"pH, lab",12529,I,7,,N,,,,,403
404,Non-ionic dispersant [Nalsperse 7348],11887,A,59,,Y,1.0,,,,404
405,Carbon dioxide [as CO2],814,A,59,,Y,1.0,,,,405
410,"Alkalinity, total [as CaCO3]",10799,A,59,,Y,1.0,"Alkalinity, total [as CaCO3]",Uncommon,Uncommon,410
415,"Alkalinity, phenolphthaline method",10802,A,59,,Y,1.0,,,,415
425,"Alkalinity, bicarbonate [as CaCO3]",10800,A,59,,Y,1.0,,,,425
430,"Alkalinity, carbonate [as CaCO3]",10801,A,59,,Y,1.0,,,,430
435,"Acidity, total [as CaCO3]",10791,A,59,,Y,1.0,,,,435
436,Acidity-mineral methyl orange [as CaCO3],10790,A,59,,Y,1.0,,,,436
437,"Acidity, CO2 phenol [as CaCO3]",10791,A,59,,Y,1.0,,,,437
438,Hydrochloric acid,5474,A,59,,Y,1.0,,,,438
439,Hydrochloric acid,5474,A,65,,Y,1.0,,,,439
440,Bicarbonate ion- [as HCO3],11059,A,59,,Y,1.0,Bicarbonate ion- [as HCO3],Uncommon,Uncommon,440
441,"Sulphur, total elemental",3917,A,59,,Y,1.0,,,,441
442,"Phosphorous, total elemental",5889,A,59,,Y,1.0,,,,442
445,Carbonate ion- [as CO3],11058,A,59,,Y,1.0,Carbonate ion- [as CO3],Uncommon,Uncommon,445
475,Viscosity,12478,A,82,,Y,,,,,475
480,Salinity,12192,A,59,,Y,,Salinity,Solids,Dissolved Solids,480
497,Flashpoint temp of oil/solvents ASTM,11303,A,8,,Y,,,,,497
924,"Magnesium, in bottom deposits",6699,A,59,,Y,1.0,,,,924
925,"Magnesium, dissolved [as Mg]",6699,A,59,,Y,1.0,,,,925
927,"Magnesium, total [as Mg]",6699,A,59,,Y,1.0,"Magnesium, total [as Mg]",Uncommon,Uncommon,927
929,"Sodium, total [as Na]",6802,A,59,,Y,1.0,"Sodium, total [as Na]",Uncommon,Uncommon,929
930,"Sodium, dissolved [as Na]",6802,A,59,,Y,1.0,,,,930
931,Sodium adsorption ratio,12226,A,15,,Y,1.0,,,,931
932,"Sodium, %",6802,A,16,,Y,1.0,"Sodium, %",Uncommon,Uncommon,932
934,Sodium in bottom dep [as Na] [dry wgt],6802,A,59,,Y,1.0,,,,934
935,"Potassium, dissolved [as K]",5948,A,59,,Y,1.0,,,,935
937,"Potassium, total [as K]",5948,A,59,,Y,1.0,"Potassium, total [as K]",Uncommon,Uncommon,937
938,"Potassium, in bottom deposits",5948,A,59,,Y,1.0,,,,938
942,"Chloride, sludge, total dry weight",5033,A,59,,Y,1.0,,,,942
945,"Sulfate, total [as SO4]",6101,A,59,,Y,1.0,"Sulfate, total [as SO4]",Solids,Dissolved Solids,945
TBD3A,Noel Static 7Day Chronic Arbacia,4677,A,16,,Y,,,,,TBD3A
TBD3B,Noel Static 7Day Chronic Ceriodaphnia,4677,A,16,,Y,,,,,TBD3B
TBD3C,Noel Static 7Day Chronic D. Magna,4677,A,16,,Y,,,,,TBD3C
TBD3D,Noel Static 7Day Chronic D. Pulex,4677,A,16,,Y,,,,,TBD3D
TBD3E,Noel Static 7Day Chronic Mysid. Bahia,4677,A,16,,Y,,,,,TBD3E
TBD6A,Noel Static 7Day Chronic Cyprinodon,4677,A,16,,Y,,,,,TBD6A
TBD6B,Noel Static 7Day Chronic Menidia,4677,A,16,,Y,,,,,TBD6B
TBD6C,Noel Static 7Day Chronic Pimephales,4677,A,16,,Y,,,,,TBD6C
TBD6D,Noel Static 7Day Chronic Salmo Gair.,4677,A,16,,Y,,,,,TBD6D
TBD6E,Noel Static 7Day Chronic Lepomis Macrochirus,4677,A,16,,Y,,,,,TBD6E
TBE6E,NOEL Static 1Hr Chronic Lepomis macrochirus,4677,A,16,,Y,,,,,TBE6E
TBF3K,Noel Static 1Hr Chronic Red Sea Urchin,4677,A,16,,Y,,,,,TBF3K
TBF3L,Noel Static 1Hr Chronic Purple Sea Urchin,4677,A,16,,Y,,,,,TBF3L
TBF3M,Noel Static 1Hr Chronic Green Sea Urchin,4677,A,16,,Y,,,,,TBF3M
TBF3N,Noel Static 1Hr Chronic Dendraster Excent,4677,A,16,,Y,,,,,TBF3N
TBG1C,Noel Static 48Hr Chronic Champia,4677,A,16,,Y,,,,,TBG1C
TBG3O,Noel Static 48Hr Chronic Crassostrea Gigas,4677,A,16,,Y,,,,,TBG3O
TBG3P,Noel Static 48Hr Chronic Mytilus Edulis,4677,A,16,,Y,,,,,TBG3P
TBH3A,Noel Static 1Hr Fert. Chronic Arbacia,4677,A,16,,Y,,,,,TBH3A
TBM6E,NOEL Static Renewal 48Hr Acute Lepomis Macrochirus,4677,A,16,,Y,,,,,TBM6E
TBN6E,Noel Statre 96Hr Acute Lepomis Macrochi,4677,A,16,,Y,,,,,TBN6E
TBO1A,Noel Statre 4Day Chronic Selen. Capr.,4677,A,16,,Y,,,,,TBO1A
TBO1B,Noel Statre 4Day Chronic L. Minor,4677,A,16,,Y,,,,,TBO1B
TBO1C,Noel Statre 4Day Chronic Champia,4677,A,16,,Y,,,,,TBO1C
TBO3A,Noel Statre 4Day Chronic Arbacia,4677,A,16,,Y,,,,,TBO3A
TBO3B,Noel Statre 4Day Chronic Ceriodaphnia,4677,A,16,,Y,,,,,TBO3B
TBO3C,Noel Statre 4Day Chronic D. Magna,4677,A,16,,Y,,,,,TBO3C
TBO3D,Noel Statre 4Day Chronic D. Pulex,4677,A,16,,Y,,,,,TBO3D
TBO3E,Noel Statre 4Day Chronic Mysid. Bahia,4677,A,16,,Y,,,,,TBO3E
TBO6A,Noel Statre 4Day Chronic Cyprinodon,4677,A,16,,Y,,,,,TBO6A
TBO6B,Noel Statre 4Day Chronic Menidia,4677,A,16,,Y,,,,,TBO6B
TBO6C,Noel Statre 4Day Chronic Pimephales,4677,A,16,,Y,,,,,TBO6C
TBO6D,Noel Statre 4Day Chronic Salmo Gair.,4677,A,16,,Y,,,,,TBO6D
TBO6E,Noel Statre 4Day Chronic Lepomis Macrochi,4677,A,16,,Y,,,,,TBO6E
TBP1A,Noel Statre 7Day Chronic Selen. Capr.,4677,A,16,,Y,,,,,TBP1A
TBP1B,Noel Statre 7Day Chronic L. Minor,4677,A,16,,Y,,,,,TBP1B
TBP1C,Noel Statre 7Day Chronic Champia,4677,A,16,,Y,,,,,TBP1C
TBP3A,Noel Statre 7Day Chronic Arbacia,4677,A,16,,Y,,,,,TBP3A
TBP3B,Noel Statre 7Day Chronic Ceriodaphnia,4677,A,16,,Y,,,,,TBP3B
TBP3C,Noel Statre 7Day Chronic D. Magna,4677,A,16,,Y,,,,,TBP3C
82206,Acidity,301,A,59,,Y,1.0,,,,82206
82207,Differential pressure annular well head,11190,A,93,,Y,,,,,82207
82208,Sodium arsenite,10832,A,59,,Y,1.0,,,,82208
82209,Chlorides + Sulfates,11083,A,59,,Y,1.0,,,,82209
82210,Oxygen demand first stage,10862,A,59,,Y,1.0,,,,82210
82211,"Mercaptans, total",11653,A,59,,Y,2.0,,,,82211
82212,"Resin acids, total",12186,A,59,,Y,2.0,,,,82212
82213,Dimethylbenzidine,12520,A,59,,Y,2.0,,,,82213
82214,pH change [range],12524,A,7,,N,,,,,82214
82215,"Algal, biomass percent",10797,A,16,,Y,,,,,82215
82216,"Spray irrigation, application rate",12268,A,95,,Y,,,,,82216
82218,"Iron, total percent removal",2215,A,16,Y,Y,1.0,,,,82218
82219,Sludge settleability 30 minute,12219,A,59,,Y,1.0,,,,82219
82220,"Flow, total",11324,A,66,,Y,,"Flow, total",Uncommon,Uncommon,82220
82221,"Flow volume daily, into a well",11308,A,65,,Y,,,,,82221
82222,Sludge volume daily into a well,12220,A,59,,Y,,,,,82222
82223,Area of disposal- used,10828,A,144,,Y,,,,,82223
82224,"Pressure, bottom-at well bottom",12119,A,93,,Y,,,,,82224
82225,Dichlorobutene [isomers],10996,A,59,,Y,2.0,,,,82225
82226,"2-sec-Butyl-4,6-dinitrophenol",12016,A,59,,Y,2.0,,,,82226
82227,Trichlorophenate- [isomers],12042,A,59,,Y,2.0,,,,82227
82228,EDTA ammoniated,11348,A,59,,Y,2.0,,,,82228
82229,Free acid,11331,A,16,,Y,,,,,82229
82230,Ammonia & ammonium- total,10808,A,59,,Y,1.0,Ammonia & ammonium- total,Uncommon,Uncommon,82230
82231,Chlorodimeform,11678,A,59,,Y,2.0,,,,82231
82232,2-Ethyl-2-methyldioxolane,10663,A,59,,Y,2.0,,,,82232
82234,Temperature rate of change deg. C/hr,12380,A,130,,Y,,,,,82234
82235,"Turbidity, % increas over intake",12453,A,16,,Y,,,,,82235
82236,"BOD, 5 lb/cu ft process",10844,A,59,,Y,1.0,,,,82236
82237,Total susp. solids- lb/cu ft process,12430,A,59,,Y,1.0,,,,82237
82238,Mixed liquor,11684,A,59,,Y,,,,,82238
82239,Microscopic analysis,11680,A,151,,Y,1.0,,,,82239
82241,"Nitrobodies, total",11883,A,59,N,Y,2.0,,,,82241
82287,"Solids, total non- volatile, non-fixed",12248,A,78,,Y,1.0,,,,82287
82289,Lagoon observation visual,11638,A,156,,N,,,,,82289
82290,"Calcium hypochlorite, weight/application grams",11037,A,59,,Y,,,,,82290
82291,"Calcium hypochlorite, number of applications",11036,A,59,,Y,,,,,82291
82293,4-Nitro-m-cresol,12027,A,59,,Y,2.0,,,,82293
82066,"Radioactivity, gross",3565,A,9,,Y,,"Radioactivity, gross",Uncommon,Uncommon,82066
82294,"Nitrogen, ammonia, sludge, tot dry wgt",375,A,59,,Y,1.0,,,,82294
82295,"Chloride, dissolved [as Cl]",5033,A,59,,Y,1.0,,,,82295
82303,"Radon, total in water",3572,A,9,,Y,,,,,82303
82318,"Tantalum, total",4008,A,59,,Y,,,,,82318
82322,"Samarium, total [as Sm in water]",12194,A,59,,Y,2.0,,,,82322
82326,"Ruthenium, total",12191,A,59,,Y,,,,,82326
82357,Ethylene,11285,A,59,,Y,2.0,,,,82357
82358,"Proprane, total",3494,A,59,,Y,2.0,,,,82358
82370,Dissolved radioactive gasses,11207,A,9,,Y,,,,,82370
82375,Solids accumulation rate tot dry weight,12229,A,111,,Y,1.0,,,,82375
82385,Nitrogen oxides [as N],2817,A,59,,Y,1.0,,,,82385
82386,"Nitrogen, oxidized",2817,A,59,,Y,1.0,,,,82386
82387,"First stage oxygen demand, % removal",10853,A,16,Y,Y,1.0,,,,82387
82388,"1,4-Dioxane",6390,A,59,,Y,2.0,"1,4-Dioxane",Toxic Organics,Toxic Organics,82388
82389,"Sodium sulfate, total",12290,A,59,,Y,1.0,,,,82389
82390,"Free acid, total",11332,A,59,,Y,1.0,,,,82390
82391,Water treatment additives,12503,A,59,,Y,,,,,82391
82392,Aluminum sulfate,10464,A,59,,Y,1.0,,,,82392
82394,"Hardness, tot calc. [Ca, Mg, Fe] as CaC03",11380,A,59,N,Y,1.0,,,,82394
82399,"Chromium, hexavalent",10214,A,114,,Y,2.0,,,,82399
82416,Paraquat,10067,A,59,,Y,2.0,Paraquat,Toxic Organics,Toxic Organics,82416
82424,"BOD, % over influent",10858,A,16,,Y,1.0,,,,82424
82501,"Iron, dissolved from dry deposition",2215,A,59,,Y,1.0,,,,82501
82516,Trichlorobenzene,10939,A,59,,Y,2.0,,,,82516
82517,Duration of discharge,11230,A,42,,Y,,Duration of discharge,Uncommon,Uncommon,82517
82529,Dichlorobutadiene,10661,A,59,,Y,2.0,,,,82529
82539,"Nitrogen, Kjeldahl",2817,A,100,,Y,,,,,82539
82540,MB 121,11652,A,59,,Y,2.0,,,,82540
82541,Polyacrylamide chloride,12106,A,59,,Y,2.0,,,,82541
82545,Water level relative to mean sea level,12500,A,105,,Y,,,,,82545
82546,Elevation of original ground,11234,A,105,,Y,,,,,82546
82550,"Osmotic pressure, total, unf whl wtr",11912,A,18,,Y,,,,,82550
82558,Volatile halogenated hydrocarbons,12480,A,59,,Y,2.0,,,,82558
82559,Volatile hydrocarbons,11407,A,59,,Y,2.0,,,,82559
82560,Total pesticides,6662,A,59,,Y,2.0,,,,82560
82561,"Conductivity, net",11115,A,6,,Y,,,,,82561
82564,Lagoon freeboard,11637,A,32,,Y,,,,,82564
82565,Ciodrin,10721,A,59,,Y,,,,,82565
82575,pH exchange [su],12525,A,7,,N,,,,,82575
82576,Daily excursion time [min],11137,A,42,,Y,,,,,82576
82577,Month excursion time [min],11688,A,126,,Y,,,,,82577
82578,Day - max excursion time [min],11138,A,42,,Y,,,,,82578
82581,"pH range excursions, > 60 minutes",12526,A,141,,Y,,"pH range excursions, > 60 minutes",pH,pH,82581
82582,"pH range excursions, monthly total accum",12532,A,126,,Y,,"pH range excursions, monthly total accum",pH,pH,82582
82583,"pH, in soil",12528,A,7,,N,,,,,82583
82589,"Drilling fluids, free oil",11224,A,42,,Y,,,,,82589
82590,"Drilling fluids, toxicity",11226,A,55,,N,,,,,82590
82591,"Drilling fluids, end of well toxicity",11223,A,55,,N,,,,,82591
82592,"Drilling fluids, discharge rate",11222,A,65,,Y,,,,,82592
82593,"Drilling fluids, oil content",11225,A,16,,Y,,,,,82593
82594,"Drilling fluids, volume",11227,A,121,,Y,,,,,82594
82595,"Drill cuttings, free oil",11217,A,42,N,Y,,,,,82595
82596,"Drilling cuttings, volume",11219,A,121,,Y,,,,,82596
82597,"Deck drainage, free oil",11146,A,42,,Y,,,,,82597
82598,"Deck drainage, volume",11147,A,121,,Y,,,,,82598
82599,"Produced water, oil and grease",10364,A,59,,Y,,,,,82599
82600,"Produced water, flow",12131,A,65,,Y,,,,,82600
82601,"Produced sand, free oil",12127,A,42,,Y,,,,,82601
82602,"Produced sand, weight",12128,A,59,,Y,,,,,82602
82603,"Well fluids, free oil",12505,A,42,,Y,,,,,82603
82604,"Well fluids, volume",12507,A,121,,Y,,,,,82604
82605,"Sanitary waste, residual chlorine",12200,A,59,,Y,,,,,82605
82606,"Sanitary waste, flow",12199,A,65,,Y,,,,,82606
82607,"Sanitary waste, solids",12201,A,42,,Y,,,,,82607
82608,"Domestic waste, foam and floating solids",11215,A,42,,Y,,,,,82608
82609,"Desalinization unit, free oil",11153,A,42,,Y,,,,,82609
82616,Azinphos-methyl,10406,A,59,,Y,,Azinphos-methyl,Uncommon,Uncommon,82616
82625,Dibromochloropropane,10416,A,59,,Y,,Dibromochloropropane,Uncommon,Uncommon,82625
82627,p-Chloro-m-cresol,12036,A,59,,Y,,p-Chloro-m-cresol,Uncommon,Uncommon,82627
82629,"Backwash cycles, total number of",10864,A,84,,Y,,,,,82629
82630,Metribuzin,10628,A,59,,Y,2.0,,,,82630
82635,"Volatile halogenated organics [VHO], tot",12481,A,59,,Y,2.0,,,,82635
82637,"Benzene, 1-chloro-4-[trifluoromethyl]-",10915,A,59,,Y,,,,,82637
82666,"Linuron, total recoverable",12464,A,78,,Y,,,,,82666
82670,"Tebuthiuron, total recoverable",12470,A,78,,Y,,,,,82670
82676,"Pronamide, total recoverable",10873,A,78,,Y,,,,,82676
82682,"DCPA, total recoverable",10023,A,78,,Y,,,,,82682
82683,"Pendimethalin, total recoverable",10887,A,78,,Y,,,,,82683
82687,"Permethrin, total recoverable",11132,A,78,,Y,,,,,82687
82696,"Cyanazine, total recoverable",12154,A,78,,Y,,,,,82696
82698,TCDD equivalents,10711,A,59,,Y,2.0,TCDD equivalents,Toxic Organics,Toxic Organics,82698
82699,Endrin + endrin aldehyde [sum],10717,A,59,,Y,2.0,,,,82699
83503,Distance from shore,11208,A,32,,Y,,,,,83503
83512,Vegetative cover,12474,A,16,,Y,1.0,,,,83512
84066,Oil and grease visual,10364,A,155,,Y,1.0,,,,84066
84085,Volatile organics detected,10366,A,59,,Y,2.0,,,,84085
84103,Dioxin laboratory - alpha code,11194,A,78,N,Y,2.0,,,,84103
84105,Oil - separator obsv - assessment,11902,A,148,,N,,,,,84105
84106,Evaporator/bed obsv - assessment,11289,A,148,,N,,,,,84106
84107,Area inspection visual,10827,A,148,,N,,,,,84107
84108,Drain field insp assessment,11216,A,148,,N,,,,,84108
84109,Sludge buildup visual,12216,A,148,,N,,,,,84109
84110,Pond observation,12107,A,148,,N,,,,,84110
84130,"Outfall observation,visual, y/n response",11913,A,156,,N,,,,,84130
84165,Discharge event observation [Visual Monitoring],11203,A,155,,Y,,,,,84165
84367,Pollutant table from 503.13,12102,A,28,,N,,,,,84367
84368,Level of pathogen requirements achieved,11643,A,27,,N,,,,,84368
84369,Description of pathogen option used,11154,A,29,,N,,,,,84369
84370,Vector attraction reduction alternative used,12473,A,29,,N,,,,,84370
84381,Tidal stage,12409,A,159,,N,,,,,84381
85001,Suspended solids,10486,A,59,,Y,1.0,,,,85001
85002,Biochemical oxygen demand-5,10178,A,59,,Y,1.0,,,,85002
85047,"Animals, total estimated no. of",10811,A,45,,Y,,,,,85047
85209,Algal growth potential,10796,A,59,,Y,,,,,85209
85327,Water level at sample collection time,12499,A,105,,Y,,,,,85327
85539,Report due [yrmoda],12182,A,148,,N,,,,,85539
85662,"Flow, direction",11312,A,11,,N,,,,,85662
85663,Velocity of intake,12476,A,98,,Y,,,,,85663
85667,"1,1-Dichloro-1-fluoroethane",10260,A,59,,Y,2.0,,,,85667
85668,"1-Chloro-1,1-difluoroethane",11260,A,59,,Y,2.0,,,,85668
85669,"1,1,1-Trifluoroethane",11252,A,59,,Y,2.0,,,,85669
85670,"1,1,1,3,3-Pentafluorobutane",10991,A,59,,Y,2.0,,,,85670
85757,Fenvalerate,10941,A,78,,Y,,,,,85757
85771,Corrugated media - markt pulp air-dried,11117,A,59,,Y,,,,,85771
85772,Stickwater discharge,12271,A,65,,Y,,,,,85772
85773,De-inked washed fiber,11142,A,59,,Y,,,,,85773
85774,De-inked floatation fiber,11141,A,59,,Y,,,,,85774
85775,Purchased paper,12163,A,59,,Y,,,,,85775
85776,Fine paper machine - dried,11299,A,59,,Y,,,,,85776
85777,Raw materials processed,12179,A,59,,Y,,,,,85777
85778,Pulp Production,12161,A,59,,Y,,,,,85778
939,"Potassium, total recoverable",5948,A,59,,Y,1.0,"Potassium, total recoverable",Uncommon,Uncommon,939
77903,Bis[2-ethylhexyl] adipate,11395,A,78,,Y,,,,,77903
82204,2-Acetyl aminoflourcene,10780,A,59,,Y,2.0,,,,82204
71868,"Iodine, total",2208,A,59,,Y,2.0,,,,71868
71870,Bromide [as Br],724,A,59,,Y,1.0,,,,71870
71871,"Bromine, reported as the element",725,A,59,,Y,1.0,,,,71871
71872,Bromine chloride,10989,A,59,,Y,1.0,,,,71872
71875,Hydrogen sulfide,10309,A,59,,Y,1.0,,,,71875
71880,Formaldehyde,10288,A,59,,Y,2.0,,,,71880
71888,"Phosphorus, total soluble [as PO4]",5878,A,59,,Y,1.0,,,,71888
71890,"Mercury, dissolved [as Hg]",2448,A,59,,Y,2.0,,,,71890
71900,"Mercury, total [as Hg]",2448,A,59,,Y,2.0,,,,71900
71901,"Mercury, total recoverable",2448,A,59,,Y,2.0,"Mercury, total recoverable",Metals,Mercury,71901
71910,"Gold, total [as Au]",1942,A,59,,Y,2.0,,,,71910
71911,"Rare earth metals, total",12178,A,59,,Y,2.0,,,,71911
71921,"Mercury, tot in bot deposits [dry wgt]",2448,A,59,,Y,2.0,,,,71921
72009,Elevation of original ground,11234,A,105,,Y,,,,,72009
72019,Depth to water level ft below landsurface,11151,A,105,,Y,,,,,72019
72025,Depth of pond or reservoir in feet,11150,A,105,,Y,,,,,72025
72026,Detention time,11155,A,143,,Y,,,,,72026
72035,Pump hours,12162,A,134,,Y,,,,,72035
72047,"Gases, total dissolved",11344,A,59,,Y,,,,,72047
72048,Seawater in drilling fluids,12205,A,59,,Y,,,,,72048
72049,Freshwater in drilling fluids,4647,A,59,,Y,,,,,72049
72107,Length of longest pH excursion,11642,A,126,,Y,,,,,72107
72108,% of time exceeding pH limits,11996,A,16,,Y,,,,,72108
72110,Elevation of top of well casing,11235,A,105,,Y,,,,,72110
73010,"Ethyl ether, by gas chromatograph",10253,A,59,,Y,2.0,,,,73010
73037,"3,4,5-Trichlorocatechol",10634,A,59,,Y,,,,,73037
73047,Tetrachloroguaiacol,12003,A,59,,Y,,,,,73047
73050,Tetrachlorocatechol,10633,A,59,,Y,,,,,73050
73054,Trichlorosyringol,12020,A,59,,Y,,,,,73054
73088,"4,5,6-Trichloroguaiacol",12005,A,59,,Y,,,,,73088
73089,"4,5,6-Trichloroguaiacol",12005,I,59,,Y,,,,,73089
73128,Benzyl chloride,10124,A,59,,Y,2.0,,,,73128
73155,"PCB-1221, dry weight",4878,A,59,,Y,,,,,73155
85846,"1,2,3,6,7,8-HXCDF, total sludge",11176,A,59,,Y,,,,,85846
85847,"1,2,3,7,8,9-HXCDF, total sludge",11177,A,59,,Y,,,,,85847
85848,"2,3,4,6,7,8-HXCDF, total sludge",11179,A,59,,Y,,,,,85848
85849,"1,2,3,4,6,7,8-HPCDD, total sludge",11165,A,59,,Y,,,,,85849
85850,"1,2,3,4,6,7,8-HPCDF, total sludge",11173,A,59,,Y,,,,,85850
85851,"1,2,3,4,7,8,9-HPCDF, total sludge",11174,A,59,,Y,,,,,85851
85852,"3,3',4,4'-TCB, total sludge",10622,A,59,,Y,,,,,85852
85853,"3,4,4',5-TCB, total sludge",10623,A,59,,Y,,,,,85853
85854,"3,3',4,4',5-PECB, total sludge",10621,A,59,,Y,,,,,85854
85855,"2,3,3',4,4'-PECB, total sludge",10618,A,59,,Y,,,,,85855
85856,"2,3',4,4',5-PECB, total sludge",10614,A,59,,Y,,,,,85856
85857,"2,3',4,4',5'-PECB, total sludge",10612,A,59,,Y,,,,,85857
85858,"2,3,4,4',5-PECB, total sludge",10619,A,59,,Y,,,,,85858
85859,"3,3',4,4',5,5'-HXCB, total sludge",10620,A,59,,Y,,,,,85859
85860,"2,3,3',4,4',5-HXCB, total sludge",10617,A,59,,Y,,,,,85860
85861,"2,3,3',4,4',5'-HXCB, total sludge",10615,A,59,,Y,,,,,85861
85862,"2,3',4,4',5,5'-HXCB, total sludge",10613,A,59,,Y,,,,,85862
85863,"2,3,3',4,4',5,5'-HPCB, total sludge",10616,A,59,,Y,,,,,85863
85864,"2,3,3',4,4',5,5'-HPCB, total sludge",10616,A,59,,Y,,,,,85864
85865,"2,3,7,8-TCDD TTE, total sludge",10712,A,59,,Y,,,,,85865
TA1AA,LC50 Mycd Shrimp Static Defn,4677,A,16,,Y,,,,,TA1AA
TA1BA,LC50 Shee Minnow Static Defn,4677,A,16,,Y,,,,,TA1BA
TA1CA,LC50 Fthd Minnow Static Defn,4677,A,16,,Y,,,,,TA1CA
TAA1A,LC50 Static 48Hr Acute Selen. Capr.,4677,A,16,,Y,,,,,TAA1A
TAA1B,LC50 Static 48Hr Acute L. Minor,4677,A,16,,Y,,,,,TAA1B
TAA1C,LC50 Static 48Hr Acute Champia,4677,A,16,,Y,,,,,TAA1C
TAA3A,LC50 Static 48Hr Acute Arbacia,4677,A,16,,Y,,,,,TAA3A
TAA3B,LC50 Static 48Hr Acute Ceriodaphnia,4677,A,16,,Y,,,,,TAA3B
TAA3C,LC50 Static 48Hr Acute D. Magna,4677,A,16,,Y,,,,,TAA3C
TAA3D,LC50 Static 48Hr Acute D. Pulex,4677,A,16,,Y,,,,,TAA3D
TAA3E,LC50 Static 48Hr Acute Mysid. Bahia,4677,A,16,,Y,,,,,TAA3E
TAA6A,LC50 Static 48Hr Acute Cyprinodon,4677,A,16,,Y,,,,,TAA6A
TAA6B,LC50 Static 48Hr Acute Menidia,4677,A,16,,Y,,,,,TAA6B
TAA6C,LC50 Static 48Hr Acute Pimephales,4677,A,16,,Y,,,,,TAA6C
TAA6D,LC50 Static 48Hr Acute Salmo Gair.,4677,A,16,,Y,,,,,TAA6D
TAA6E,LC50 Static 48Hr Acute Lepomis Macrochirus,4677,A,16,,Y,,,,,TAA6E
TAA6F,LC50 Static 48Hr Acute Salvel. Salmonid,4677,A,16,,Y,,,,,TAA6F
TAA6H,LC50 Static 48Hr Acute Cyprinella Leedsi,4677,A,16,,Y,,,,,TAA6H
TBP3D,Noel Statre 7Day Chronic D. Pulex,4677,A,16,,Y,,,,,TBP3D
TBP3E,Noel Statre 7Day Chronic Mysid. Bahia,4677,A,16,,Y,,,,,TBP3E
TBP6A,Noel Statre 7Day Chronic Cyprinodon,4677,A,16,,Y,,,,,TBP6A
TBP6B,Noel Statre 7Day Chronic Menidia,4677,A,16,,Y,,,,,TBP6B
TBP6C,Noel Statre 7Day Chronic Pimephales,4677,A,16,,Y,,,,,TBP6C
TBP6D,Noel Statre 7Day Chronic Salmo Gair.,4677,A,16,,Y,,,,,TBP6D
TBP6E,Noel Statre 7Day Chronic Lepomis Macrochi,4677,A,16,,Y,,,,,TBP6E
TBP6H,Noel Statre 7 Day Chronic Cyprinella Leedsi,4677,A,16,,Y,,,,,TBP6H
TBQ6F,Noel Statre 10Day Chronic Salvel. Salmonid,4677,A,16,,Y,,,,,TBQ6F
TBW6E,Noel Flth 48Hr Acute Lepomis Macrochi,4677,A,16,,Y,,,,,TBW6E
TBX6E,Noel Flth 96Hr Acute Lepomis Macrochi,4677,A,16,,Y,,,,,TBX6E
TBY1A,Noel Flth 4Day Chronic Selen. Capr.,4677,A,16,,Y,,,,,TBY1A
TBY1B,Noel Flth 4Day Chronic L. Minor,4677,A,16,,Y,,,,,TBY1B
TBY1C,Noel Flth 4Day Chronic Champia,4677,A,16,,Y,,,,,TBY1C
TBY3A,Noel Flth 4Day Chronic Arbacia,4677,A,16,,Y,,,,,TBY3A
TBY3B,Noel Flth 4Day Chronic Ceriodaphnia,4677,A,16,,Y,,,,,TBY3B
TBY3C,Noel Flth 4Day Chronic D. Magna,4677,A,16,,Y,,,,,TBY3C
TBY3D,Noel Flth 4Day Chronic D. Pulex,4677,A,16,,Y,,,,,TBY3D
TBY3E,Noel Flth 4Day Chronic Mysid. Bahia,4677,A,16,,Y,,,,,TBY3E
TBY6A,Noel Flth 4Day Chronic Cyprinodon,4677,A,16,,Y,,,,,TBY6A
TBY6B,Noel Flth 4Day Chronic Menidia,4677,A,16,,Y,,,,,TBY6B
TBY6C,Noel Flth 4Day Chronic Pimephales,4677,A,16,,Y,,,,,TBY6C
TBY6D,Noel Flth 4Day Chronic Salmo Gair.,4677,A,16,,Y,,,,,TBY6D
TBY6E,Noel Flth 4Day Chronic Lepomis Macrochi,4677,A,16,,Y,,,,,TBY6E
TBZ1A,Noel Flth 7Day Chronic Selen. Capr.,4677,A,16,,Y,,,,,TBZ1A
TBZ1B,Noel Flth 7Day Chronic L. Minor,4677,A,16,,Y,,,,,TBZ1B
TBZ1C,Noel Flth 7Day Chronic Champia,4677,A,16,,Y,,,,,TBZ1C
TBZ3A,Noel Flth 7Day Chronic Arbacia,4677,A,16,,Y,,,,,TBZ3A
TBZ3B,Noel Flth 7Day Chronic Ceriodaphnia,4677,A,16,,Y,,,,,TBZ3B
TBZ3C,Noel Flth 7Day Chronic D. Magna,4677,A,16,,Y,,,,,TBZ3C
TBZ3D,Noel Flth 7Day Chronic D. Pulex,4677,A,16,,Y,,,,,TBZ3D
TBZ3E,Noel Flth 7Day Chronic Mysid. Bahia,4677,A,16,,Y,,,,,TBZ3E
TBZ6A,Noel Flth 7Day Chronic Cyprinodon,4677,A,16,,Y,,,,,TBZ6A
TBZ6B,Noel Flth 7Day Chronic Menidia,4677,A,16,,Y,,,,,TBZ6B
TBZ6C,Noel Flth 7Day Chronic Pimephales,4677,A,16,,Y,,,,,TBZ6C
TBZ6D,Noel Flth 7Day Chronic Salmo Gair.,4677,A,16,,Y,,,,,TBZ6D
TBZ6E,Noel Flth 7Day Chronic Lepomis Macrochi,4677,A,16,,Y,,,,,TBZ6E
TCA3B,%Effect Static 48Hr Acute Ceriodaphnia,4677,A,16,,Y,,,,,TCA3B
TCA6E,%Effect Static 48Hr Acute Lepomis Macrochirus,4677,A,16,,Y,,,,,TCA6E
TCC6E,%Effect Static 4 Day Chronic Lepomis Macrochi,4677,A,16,,Y,,,,,TCC6E
TCD6E,%Effect Static 7Day Chronic Lepomis Macrochi,4677,A,16,,Y,,,,,TCD6E
TCE3B,%Effect Static 24Hr Acute Ceriodaphnia,4677,A,16,,Y,,,,,TCE3B
TCE6C,%Effect Static 24Hr Acute Pimephales,4677,A,16,,Y,,,,,TCE6C
TCM1A,%Effect Statre 48Hr Acute Selen. Capr.,4677,A,16,,Y,,,,,TCM1A
TCM1B,%Effect Statre 48Hr Acute L. Minor,4677,A,16,,Y,,,,,TCM1B
TCM1C,%Effect Statre 48Hr Acu. Champia,4677,A,16,,Y,,,,,TCM1C
TCM3A,%Effect Statre 48Hr Acute Arbacia,4677,A,16,,Y,,,,,TCM3A
TCM3B,%Effect Statre 48Hr Acute Ceriodaphnia,4677,A,16,,Y,,,,,TCM3B
TCM3C,%Effect Statre 48Hr Acute D. Magna,4677,A,16,,Y,,,,,TCM3C
TCM3D,%Effect Statre 48Hr Acute D. Pulex,4677,A,16,,Y,,,,,TCM3D
TCM3E,% Effect Statre 48Hr Acute Mysid. Bahia,4677,A,16,,Y,,,,,TCM3E
TCM6A,%Effect Statre 48Hr Acute Cyprinodon,4677,A,16,,Y,,,,,TCM6A
TCM6B,%Effect Statre 48Hr Acute Menidia,4677,A,16,,Y,,,,,TCM6B
TCM6C,%Effect Statre 48Hr Acute Pimephales,4677,A,16,,Y,,,,,TCM6C
TCM6E,%Effect Static Renewal 48Hr Acute Lepomis Macrochirus,4677,A,16,,Y,,,,,TCM6E
TCN1A,%Effect Static Renewal 96Hr Acute Selenastrum capricoruntum,4677,I,16,,Y,,,,,TCN1A
TCN1B,%Effect Static Renewal 96Hr Acute L. Minor,4677,I,16,,Y,,,,,TCN1B
TCN1C,%Effect Static Renewal 96Hr Acute Champia parvula,4677,A,16,,Y,,,,,TCN1C
TCN3A,%Effect Static Renewal 96Hr Acute Arbacia punctulata,4677,A,16,,Y,,,,,TCN3A
TCN3B,%Effect Static Renewal 96Hr Acute Ceriodaphnia dubia,4677,A,16,,Y,,%Effect Static Renewal 96Hr Acute Ceriodaphnia dubia,Uncommon,Uncommon,TCN3B
TCN3C,%Effect Static Renewal 96Hr Acute Daphnia magna,4677,A,16,,Y,,,,,TCN3C
TCN3D,%Effect Static Renewal 96Hr Acute Daphnia pulex,4677,A,16,,Y,,,,,TCN3D
TCN3E,% Effect Static Renewal 96Hr Acute Mysidopsis bahia,4677,I,16,,Y,,,,,TCN3E
TCN6A,%Effect Static Renewal 96Hr Acute Cyprinodon variegatus,4677,A,16,,Y,,,,,TCN6A
TCN6B,%Effect Static Renewal 96Hr Acute Menidia menidia,4677,A,16,,Y,,,,,TCN6B
TCN6C,%Effect Static Renewal 96Hr Acute Pimephales promelas,4677,A,16,,Y,,,,,TCN6C
TCN6E,%Effect Static Renewal 96Hr Acute Lepomis macrochirus,4677,A,16,,Y,,,,,TCN6E
TCO1A,%Effect Statre 4Day Chronic Selen. Capr.,4677,A,16,,Y,,%Effect Statre 4Day Chronic Selen. Capr.,Uncommon,Uncommon,TCO1A
TCO1B,%Effect Statre 4Day Chronic L. Minor,4677,A,16,,Y,,,,,TCO1B
TCO1C,%Effect Statre 4Day Chronic Champia,4677,A,16,,Y,,,,,TCO1C
TCO3A,%Effect Statre 4Day Chronic Arbacia,4677,A,16,,Y,,,,,TCO3A
TAB1A,LC50 Static 96Hr Acute Selen. Capr.,4677,A,16,,Y,,,,,TAB1A
TAB1B,LC50 Static 96Hr Acute L. Minor,4677,A,16,,Y,,,,,TAB1B
TAB1C,LC50 Static 96Hr Acute Champia,4677,A,16,,Y,,,,,TAB1C
TAB3A,LC50 Static 96Hr Acute Arbacia,4677,A,16,,Y,,,,,TAB3A
TAB3B,LC50 Static 96Hr Acute Ceriodaphnia,4677,A,16,,Y,,,,,TAB3B
82200,S-Propyldipropylthiocarbamate [Vernolate],11057,A,59,,Y,2.0,,,,82200
82201,Sulfotepp,12404,A,59,,Y,2.0,,,,82201
941,"Chloride, dissolved in water",5033,A,59,,Y,1.0,,,,941
982,"Thallium, total recoverable",4068,A,59,,Y,2.0,"Thallium, total recoverable",Metals,Thallium,982
85783,Bleached kraft,10983,A,59,,Y,,,,,85783
85784,Chemi-mechanical pulp,11078,A,59,,Y,,,,,85784
85785,Sulfite pulp,12288,A,59,,Y,,,,,85785
85788,"4,4'-Butyldenebis[6-t-butyl-m-cresol]",12029,A,59,,Y,2.0,,,,85788
85789,"2,2-Dimethyl-2,3-dihydro-7-benzofuranol",10761,A,59,,Y,2.0,,,,85789
85790,Chlorine addition rate,11092,A,59,,Y,,,,,85790
85795,"Xylene, meta & para in combination",10908,A,59,N,Y,2.0,,,,85795
85800,"BOD, mass, times flow prop. multiplier",10855,A,119,,Y,1.0,,,,85800
85804,"Solids, total diss., percent by weight",12247,A,90,,Y,1.0,,,,85804
85807,Acrylic acid,10732,A,59,,Y,2.0,,,,85807
85808,p-Ethyltoluene,10917,A,59,,Y,2.0,,,,85808
85809,Dodecylguanidine salts,11351,A,59,,Y,2.0,,,,85809
85810,"trans-1,2-Dichloroethylene",10280,I,59,,Y,2.0,"trans-1,2-Dichloroethylene",Uncommon,Uncommon,85810
85811,Chloroethane,10264,A,59,,Y,2.0,Chloroethane,Uncommon,Uncommon,85811
85812,HEDP,12044,A,59,,Y,2.0,,,,85812
85813,Tolytriazole,10699,A,59,,Y,2.0,,,,85813
85814,Tetrachloroethylene,10284,I,59,,Y,2.0,Tetrachloroethylene,Toxic Organics,Toxic Organics,85814
85815,Aldicarb sulfoxide,12138,A,59,,Y,2.0,,,,85815
85816,Aldicarb sulfone,12139,A,59,,Y,2.0,,,,85816
85817,Gross beta,10969,A,9,,Y,,,,,85817
85820,Monitoring well level from the surface,11687,A,105,,Y,,,,,85820
85824,"Aluminum, acid soluble",360,A,59,,Y,1.0,"Aluminum, acid soluble",Uncommon,Uncommon,85824
85825,"THC, dry & O2",10760,A,59,,Y,2.0,,,,85825
85826,Benfluralin,10888,A,59,,Y,2.0,,,,85826
85827,"TCDD, total sludge",11172,A,59,,Y,,,,,85827
85828,"PECDD, total sludge",11171,A,59,,Y,,,,,85828
85829,"HXCDD, total sludge",11170,A,59,,Y,,,,,85829
85830,"HPCDD, total sludge",11169,A,59,,Y,,,,,85830
85831,"OCDD, total sludge",11163,A,59,,Y,,,,,85831
85832,"TCDF, total sludge",11187,A,59,,Y,,,,,85832
85833,"PECDF, total sludge",11186,A,59,,Y,,,,,85833
85834,"HXCDF, total sludge",11184,A,59,,Y,,,,,85834
85835,"HPCDF, total sludge",11183,A,59,,Y,,,,,85835
85836,"OCDF, total sludge",11185,A,59,,Y,,,,,85836
85837,"2,3,7,8-TCDD, total sludge",10239,A,59,,Y,,,,,85837
85838,"2,3,7,8-TCDF, total sludge",11181,A,59,,Y,,,,,85838
85839,"1,2,3,7,8-PECDD, total sludge",11168,A,59,,Y,,,,,85839
85840,"1,2,3,7,8-PECDF, total sludge",11178,A,59,,Y,,,,,85840
85841,"2,3,4,7,8-PECDF, total sludge",11180,A,59,,Y,,,,,85841
85842,"1,2,3,4,7,8-HXCDD, total sludge",11166,A,59,,Y,,,,,85842
85843,"1,2,3,6,7,8-HXCDD, total sludge",11167,A,59,,Y,,,,,85843
85844,"HXCDD, 1,2,3,7,8,9-, total sludge",11164,A,59,,Y,,,,,85844
85845,"1,2,3,4,7,8-HXCDF, total sludge",11175,A,59,,Y,,,,,85845
915,"Calcium, dissolved [as Ca]",8538,A,59,,Y,1.0,,,,915
916,"Calcium, total [as Ca]",8538,A,59,,Y,,"Calcium, total [as Ca]",Uncommon,Uncommon,916
917,Calcium in bottom deposits,8538,A,59,,Y,1.0,,,,917
918,"Calcium, total recoverable",8538,A,59,,Y,1.0,"Calcium, total recoverable",Uncommon,Uncommon,918
921,"Magnesium, total recoverable",6699,A,59,,Y,1.0,"Magnesium, total recoverable",Uncommon,Uncommon,921
923,"Sodium, total recoverable",6802,A,59,,Y,1.0,"Sodium, total recoverable",Solids,Dissolved Solids,923
983,"Tin, total recoverable",6151,A,59,,Y,2.0,"Tin, total recoverable",Uncommon,Uncommon,983
984,"Titanium, total recoverable",4088,A,59,,Y,,"Titanium, total recoverable",Uncommon,Uncommon,984
986,"Yttrium, total recoverable",12515,A,59,,Y,,,,,986
987,"Iron and manganese, total",11427,A,59,,Y,1.0,,,,987
988,"Iron and manganese, soluble",11427,A,59,,Y,1.0,,,,988
989,Uranyl-ion,12462,A,59,,Y,2.0,,,,989
991,"Arsenic, trivalent total recoverable",10833,A,59,,Y,,,,,991
998,"Beryllium, total recoverable [as Be]",4915,A,59,,Y,2.0,"Beryllium, total recoverable [as Be]",Metals,Beryllium,998
999,"Boron, total recoverable",10987,A,59,,Y,1.0,"Boron, total recoverable",Inorganics,Toxic Inorganics,999
1000,"Arsenic, dissolved [as As]",467,A,59,,Y,2.0,,,,1000
1002,"Arsenic, total [as As]",467,A,59,,Y,2.0,,,,1002
1003,"Arsenic, dry weight",467,A,101,,Y,2.0,,,,1003
1005,"Barium, dissolved [as Ba]",572,A,59,,Y,2.0,,,,1005
1007,"Barium, total [as Ba]",572,A,59,,Y,2.0,"Barium, total [as Ba]",Uncommon,Uncommon,1007
1008,Barium in bottom deposits [dry wgt],572,A,59,,Y,2.0,,,,1008
1009,"Barium, total recoverable",572,A,59,,Y,2.0,"Barium, total recoverable",Uncommon,Uncommon,1009
1010,"Beryllium, dissolved [as Be]",4915,A,59,,Y,2.0,,,,1010
1012,"Beryllium, total [as Be]",4915,A,59,,Y,2.0,"Beryllium, total [as Be]",Uncommon,Uncommon,1012
1013,"Beryllium, in bottom deposits [dry wgt]",4915,A,59,,Y,2.0,,,,1013
1017,"Bismuth, total [as Bi]",10982,A,59,,Y,2.0,,,,1017
1020,"Boron, dissolved [as B]",10987,A,59,,Y,1.0,,,,1020
1022,"Boron, total [as B]",10987,A,59,,Y,1.0,"Boron, total [as B]",Uncommon,Uncommon,1022
1024,"Chromium, total in bot dep [wet wgt]",1012,A,59,,Y,2.0,,,,1024
1025,"Cadmium, dissolved [as Cd]",776,A,59,,Y,2.0,,,,1025
1027,"Cadmium, total [as Cd]",776,A,59,,Y,2.0,,,,1027
1028,"Cadmium, in bottom deposits [dry wgt]",776,A,59,,Y,2.0,,,,1028
1029,"Chromium, total dry weight [as Cr]",1012,A,59,,Y,2.0,,,,1029
1030,"Chromium, dissolved [as Cr]",1012,A,59,,Y,2.0,,,,1030
1031,"Chromium, suspended [as Cr]",1012,A,59,,Y,2.0,,,,1031
1090,"Zinc, dissolved [as Zn]",6352,A,59,,Y,2.0,"Zinc, dissolved [as Zn]",Uncommon,Uncommon,1090
61580,Bifenthrin,12571,A,59,,Y,2.0,Bifenthrin,Toxic Organics,Toxic Organics,61580
61583,Chlorethoxyfos,12572,A,59,,Y,2.0,,,,61583
61585,Cyfluthrin,12573,A,59,,Y,2.0,Cyfluthrin,Toxic Organics,Toxic Organics,61585
61602,Tebupirimfos,12574,A,59,,Y,2.0,,,,61602
61603,Profenofos,12575,A,59,,Y,2.0,Profenofos,Toxic Organics,Toxic Organics,61603
61606,Tefluthrin,12576,A,59,,Y,2.0,,,,61606
61607,Temephos,12577,A,59,,Y,2.0,,,,61607
3788,"Permanganate, Total",12582,A,59,,Y,1.0,,,,3788
22421,Tert-Amyl Methyl Ether,12578,A,59,,Y,2.0,,,,22421
22422,Ethyl-Tert Butyl Ether,10418,A,59,,Y,2.0,,,,22422
39068,"Chlordane - Nonachlor, Cis",12579,A,59,,Y,2.0,,,,39068
39071,"Chlordane - Nonachlor, Trans",12580,A,59,,Y,2.0,,,,39071
46360,p-Chlorotoluene,12581,A,10,,Y,2.0,,,,46360
51443,Whole Effluent Toxicity - Retest #3,12509,A,55,,N,,,,,51443
51444,"Whole Effluent Toxicity, Sub-Lethal Retest #3",12509,A,55,,N,,,,,51444
51454,Metam Potassium,11052,A,59,,Y,2.0,,,,51454
51461,Deltamethrin,10231,A,59,,Y,2.0,Deltamethrin,Toxic Organics,Toxic Organics,51461
51462,Terbufos,12076,A,59,,Y,2.0,,,,51462
51474,Butanal,10179,A,10,,Y,2.0,,,,51474
51476,"Permanganate, Dissolved",12582,A,59,,Y,1.0,,,,51476
51478,Malachite Green,10336,A,59,,Y,2.0,,,,51478
51479,"Chlordene, Gamma",12583,A,59,,Y,2.0,,,,51479
51480,Chloramine-T,12584,A,59,,Y,2.0,,,,51480
51481,PVP-Iodine,12585,A,59,,Y,2.0,,,,51481
51485,Isolation Time Met,11155,A,156,,N,,,,,51485
51486,Apparent Color [Admi Units],11107,A,12,,N,,,,,51486
51487,Are You In Compliance,11112,A,156,,N,,,,,51487
51489,"Nitrogen, Total as NO3 + NH3",12586,A,59,,Y,1.0,,,,51489
51490,Sodium Hypochlorite Bleach,12587,A,59,,Y,1.0,,,,51490
51491,"Lead, Organic, Total",6562,A,59,,Y,2.0,,,,51491
73570,Ethyl methacrylate,12588,A,59,,Y,2.0,,,,73570
77951,"Chlordene, Alpha",12589,A,59,,Y,2.0,,,,77951
79755,Oxychlordane,12590,A,59,,Y,2.0,,,,79755
80361,Methylmercury,12591,A,59,,Y,2.0,Methylmercury,Uncommon,Uncommon,80361
81593,Methacrylonitrile,10058,A,59,,Y,2.0,,,,81593
TGE3B,Pass/Fail Static 24Hr Acute Ceriodaphnia Dubia,4677,A,55,,N,,,,,TGE3B
TJA6C,% Mortality Static 48Hr Acute Pimephales promelas,4677,A,90,N,Y,,,,,TJA6C
TTF6A,"Static 48Hr Chronic, 5-7 Day Rec. Cyprinodeon variegas",4677,A,49,,Y,,,,,TTF6A
TTK3S,Static 48Hr Chronic Mytilis Species,4677,A,49,,Y,,Static 48Hr Chronic Mytilis Species,Aquatic Toxicity,Aquatic Toxicity,TTK3S
TTO3C,Static Renewal 4Day Chronic Daphnia Magna,4677,A,49,,Y,,,,,TTO3C
51445,"Nitrogen, Total",2817,A,118,,Y,1.0,,,,51445
51446,"Nitrogen, Ammonia  Total",375,A,118,,Y,1.0,,,,51446
51447,"Nitrogen, Nitrite  Total",2806,A,118,,Y,1.0,"Nitrogen, Nitrite  Total",Uncommon,Uncommon,51447
51448,"Nitrogen, Nitrate  Total",5713,A,118,,Y,1.0,"Nitrogen, Nitrate  Total",Uncommon,Uncommon,51448
51449,"Nitrogen, Kjeldahl  Total",2817,A,118,,Y,1.0,"Nitrogen, Kjeldahl  Total",Uncommon,Uncommon,51449
51450,Nitrite Plus Nitrate Total,10354,A,118,,Y,1.0,,,,51450
51451,"Phosphorus, Total",5889,A,118,,Y,1.0,,,,51451
51483,"Pulp, Purchased",12161,A,57,,Y,,,,,51483
51484,Number of Events,11240,A,128,,Y,,,,,51484
51488,Offensive Conditions,12595,A,148,,N,,,,,51488
51492,Bromate,12596,A,59,,Y,1.0,,,,51492
663,Total phosphorus exceedances,5889,A,128,,Y,,,,,663
664,Dock discharge of phosphorus,5889,A,59,,Y,,,,,664
665,"Phosphorus, total [as P]",5889,A,59,,Y,1.0,"Phosphorus, total [as P]",Nutrients,Phosphorus,665
666,"Phosphorus, dissolved",5889,A,59,,Y,1.0,,,,666
1051,"Lead, total [as Pb]",6562,A,59,,Y,2.0,,,,1051
1052,"Lead, total dry weight [as Pb]",6562,A,59,,Y,2.0,,,,1052
1053,Manganese in bottom deposits [dry wgt],2423,A,59,,Y,1.0,,,,1053
1054,"Manganese, suspended",2423,A,59,,Y,1.0,,,,1054
1055,"Manganese, total [as Mn]",2423,A,59,,Y,1.0,,,,1055
1056,"Manganese, dissolved [as Mn]",2423,A,59,,Y,1.0,"Manganese, dissolved [as Mn]",Uncommon,Uncommon,1056
1057,"Thallium, dissolved [as Tl]",4068,A,59,,Y,2.0,,,,1057
1059,"Thallium, total [as Tl]",4068,A,59,,Y,2.0,,,,1059
1060,"Molybdenum, dissolved [as Mo]",6658,A,59,,Y,2.0,,,,1060
1062,"Molybdenum, total [as Mo]",6658,A,59,,Y,2.0,"Molybdenum, total [as Mo]",Metals,Molybdenum,1062
1064,"Tellurium, total",12370,A,59,,Y,2.0,,,,1064
1065,"Nickel, dissolved [as Ni]",2741,A,59,,Y,2.0,,,,1065
1066,"Nickel, suspended [as Ni]",2741,A,59,,Y,2.0,,,,1066
1067,"Nickel, total [as Ni]",2741,A,59,,Y,2.0,,,,1067
1068,"Nickel, tot in bottom deposits [dry wgt]",2741,A,59,,Y,2.0,,,,1068
1074,"Nickel, total recoverable",2741,A,59,,Y,2.0,"Nickel, total recoverable",Metals,Nickel,1074
1075,"Silver, dissolved [as Ag]",3714,A,59,,Y,2.0,,,,1075
1077,"Silver, total [as Ag]",3714,A,59,,Y,2.0,,,,1077
1078,Silver in bottom deposits [dry wgt],3714,A,59,,Y,2.0,,,,1078
1079,Silver total recoverable,3714,A,59,,Y,2.0,Silver total recoverable,Metals,Silver,1079
1080,"Strontium, dissolved",12284,A,59,,Y,2.0,,,,1080
1082,"Strontium, total [as Sr]",12284,A,59,,Y,2.0,,,,1082
1084,"Strontium, total recoverable, ug/L",12284,A,59,,Y,,"Strontium, total recoverable, ug/L",Uncommon,Uncommon,1084
1085,"Vanadium, dissolved [as V]",4448,A,59,,Y,1.0,,,,1085
1086,"Vanadium, suspended [as V]",4448,A,59,,Y,1.0,,,,1086
1087,"Vanadium, total [as V]",4448,A,59,,Y,1.0,,,,1087
1088,"Vanadium, total dry weight [as V]",4448,A,59,,Y,1.0,,,,1088
1089,Copper as suspended black oxide,11116,A,59,,Y,2.0,,,,1089
1092,"Zinc, total [as Zn]",6352,A,59,,Y,2.0,,,,1092
1093,Zinc in bottom deposits [dry wgt],6352,A,59,,Y,2.0,,,,1093
1094,"Zinc, total recoverable",6352,A,59,,Y,2.0,"Zinc, total recoverable",Metals,Zinc,1094
1095,"Antimony, dissolved [as Sb]",4871,A,59,,Y,2.0,,,,1095
1097,"Antimony, total [as Sb]",4871,A,59,,Y,2.0,,,,1097
1098,"Antimony, in bottom deposits [dry wgt]",4871,A,59,,Y,2.0,,,,1098
1100,"Tin, dissolved [as Sn]",6151,A,59,,Y,2.0,,,,1100
1102,"Tin, total [as Sn]",6151,A,59,,Y,2.0,,,,1102
1104,"Aluminum, total recoverable",360,A,59,,Y,1.0,"Aluminum, total recoverable",Metals,Aluminum,1104
1105,"Aluminum, total [as Al]",360,A,59,,Y,1.0,"Aluminum, total [as Al]",Uncommon,Uncommon,1105
1106,"Aluminum, dissolved [as Al]",360,A,59,,Y,1.0,"Aluminum, dissolved [as Al]",Uncommon,Uncommon,1106
1108,"Aluminum, total sludge, dry wt.",360,A,59,,Y,,,,,1108
1109,"Aluminum, ion",10806,A,59,,Y,1.0,,,,1109
1113,"Cadmium, total recoverable",776,A,59,,Y,2.0,"Cadmium, total recoverable",Metals,Cadmium,1113
1114,"Lead, total recoverable",6562,A,59,,Y,2.0,"Lead, total recoverable",Metals,Lead,1114
1117,"Cesium, total [as Cs]",11072,A,59,,Y,2.0,,,,1117
1118,"Chromium, total recoverable",1012,A,59,,Y,2.0,"Chromium, total recoverable",Metals,Chromium,1118
1119,"Copper, total recoverable",1165,A,59,,Y,2.0,"Copper, total recoverable",Metals,Copper,1119
1124,"Thallium, acid soluble",4068,A,59,,Y,2.0,,,,1124
1127,"Germanium, total [as Ge]",11346,A,59,,Y,2.0,,,,1127
1128,"Vanadium, total recoverable",4068,A,59,,Y,1.0,"Vanadium, total recoverable",Uncommon,Uncommon,1128
1129,"Molybdenum, total recoverable",6658,A,59,,Y,,"Molybdenum, total recoverable",Uncommon,Uncommon,1129
1130,"Lithium, dissolved [as Li]",2374,A,59,,Y,1.0,,,,1130
1132,"Lithium, total [as Li]",2374,A,59,,Y,1.0,"Lithium, total [as Li]",Uncommon,Uncommon,1132
1137,"Rubidium, total [as Rb]",12189,A,59,,Y,2.0,,,,1137
1139,"Columbium, total",2760,A,59,,Y,2.0,,,,1139
1142,"Silicon, total",12211,A,59,,Y,1.0,,,,1142
1145,"Selenium, dissolved [as Se]",3666,A,59,,Y,2.0,,,,1145
1147,"Selenium, total [as Se]",3666,A,59,,Y,2.0,,,,1147
1148,"Selenium, dry weight",3666,A,101,,Y,2.0,,,,1148
1150,"Titanium, dissolved [as Ti]",4088,A,59,,Y,2.0,,,,1150
1152,"Titanium, total [as Ti]",4088,A,59,,Y,2.0,,,,1152
1153,"Titanium, total dry weight [as Ti]",4088,A,59,,Y,2.0,,,,1153
1154,"Tungsten, total",10491,A,59,,Y,2.0,,,,1154
1268,"Antimony, total recoverable",4871,A,59,,Y,2.0,"Antimony, total recoverable",Metals,Antimony,1268
1273,Total acid priority pollutants,12123,A,59,,Y,2.0,,,,1273
1274,Total base/neutral priority pollutants,12124,A,59,,Y,2.0,,,,1274
1275,Total volatile priority pollutants,12482,A,59,,Y,2.0,,,,1275
1276,Total agg concentration #4,12420,A,59,,Y,,,,,1276
1277,Total agg concentration #1,12417,A,59,,Y,,,,,1277
1278,Total agg concentration #2,12418,A,59,,Y,,,,,1278
1279,Total agg concentration #3,12419,A,59,,Y,,,,,1279
1280,Total agg concentration #5,12421,A,59,,Y,,,,,1280
1281,Total agg concentration #6,12422,A,59,,Y,,,,,1281
1282,Total agg concentration #7,12423,A,59,,Y,,,,,1282
1283,Total agg concentration #8,12424,A,59,,Y,,,,,1283
1284,Application daily spray irrigation,10821,A,105,,Y,,,,,1284
1285,Application monthly spray irrigation,10822,A,105,,Y,,,,,1285
1286,Application period spray irrigation,10823,A,134,,Y,,,,,1286
46351,Folpet Water Total,12616,A,59,,Y,2.0,,,,46351
46570,"Hardness, Ca Mg Calculated [mg/L as CaCO3]",12425,A,59,,Y,,,,,46570
51498,Enteric Viruses,12477,A,26,,Y,,,,,51498
51499,Diisopropyl methylphosphonate,12617,A,10,,Y,2.0,,,,51499
51501,N-Nitroso-N-Methylethylamine,12618,A,59,,Y,2.0,,,,51501
51502,Furmecyclox,12619,A,59,,Y,2.0,,,,51502
77168,"1,1-Dichloropropene",12620,A,59,,Y,2.0,,,,77168
77596,Dibromomethane [Methylene Bromide],11663,I,59,,Y,2.0,,,,77596
77614,S-Trichlorobenzene [Sym-Trichlorobenzene],12621,A,59,,Y,2.0,,,,77614
TZP3E,% Growth Reduction Static Renewal 7 Day Chronic Mysidopsis bahia,4677,A,16,,Y,,,,,TZP3E
51515,"Tributyltin, Total Recoverable",12269,A,59,N,Y,2.0,,,,51515
TJM3C,Daphnia Magna % Mortality 48 Hr Acute,4677,A,16,,Y,,,,,TJM3C
1287,Application weekly spray irrigation,10826,A,136,,Y,,,,,1287
1288,Foaming agents,10475,A,59,,Y,2.0,Foaming agents,Uncommon,Uncommon,1288
1289,Biocides,10977,A,59,,Y,1.0,,,,1289
1290,Color [admi units],11104,A,12,,N,,Color [admi units],Uncommon,Uncommon,1290
1291,"Cyanide, filterable, total",5123,A,59,,Y,2.0,,,,1291
1292,"Magnesium, pct exchange",11651,A,16,,Y,1.0,,,,1292
1293,"Calcium, pct exchange",11039,A,16,,Y,1.0,,,,1293
1294,"Calcium, pct in water, [pct]",8538,A,16,,Y,1.0,,,,1294
1295,"Potassium, total pct in water, [pct]",5948,A,16,,Y,1.0,,,,1295
1296,"Potassium, pct exchange",12111,A,16,,Y,1.0,,,,1296
1298,"Nitrogen-nitrite in water, [pct]",2806,A,16,,Y,1.0,,,,1298
1299,"Nitrogen-nitrate in water, [pct]",5713,A,16,,Y,1.0,,,,1299
1300,Oil & grease severity,10364,A,50,,Y,,,,,1300
1301,Sodium hexameta- phosphate,11656,A,59,,Y,1.0,,,,1301
1302,"Bayer 73, in water",10874,A,59,,Y,2.0,,,,1302
1303,"Zinc, potentially dissolved",6352,A,59,,Y,2.0,,,,1303
1304,"Silver, potentially dissolved",3714,A,59,,Y,2.0,,,,1304
1306,"Copper, potentially dissolved",1165,A,59,,Y,2.0,,,,1306
1307,"Chromium, hexavalent potentially disolvd",10214,A,59,,Y,2.0,,,,1307
1032,"Chromium, hexavalent [as Cr]",10214,A,59,,Y,2.0,"Chromium, hexavalent [as Cr]",Metals,Chromium,1032
1033,"Chromium, trivalent [as Cr]",10215,A,59,,Y,2.0,"Chromium, trivalent [as Cr]",Metals,Chromium,1033
1034,"Chromium, total [as Cr]",1012,A,59,,Y,2.0,"Chromium, total [as Cr]",Uncommon,Uncommon,1034
1035,"Cobalt, dissolved [as Co]",1090,A,59,,Y,1.0,,,,1035
1037,"Cobalt, total [as Co]",1090,A,59,,Y,1.0,,,,1037
1040,"Copper, dissolved [as Cu]",1165,A,59,,Y,2.0,"Copper, dissolved [as Cu]",Uncommon,Uncommon,1040
1041,"Copper, suspended [as Cu]",1165,A,59,,Y,2.0,,,,1041
1042,"Copper, total [as Cu]",1165,A,59,,Y,2.0,,,,1042
1043,Copper in bottom deposits [dry wgt],1165,A,59,,Y,2.0,,,,1043
1044,"Iron, suspended",2215,A,59,,Y,1.0,,,,1044
1045,"Iron, total [as Fe]",2215,A,59,,Y,1.0,"Iron, total [as Fe]",Uncommon,Uncommon,1045
1046,"Iron, dissolved [as Fe]",2215,A,59,,Y,1.0,"Iron, dissolved [as Fe]",Uncommon,Uncommon,1046
1047,"Iron, ferrous",11428,A,59,,Y,1.0,,,,1047
1049,"Lead, dissolved [as Pb]",6562,A,59,,Y,2.0,,,,1049
533,"Solids, Total Suspended, Net Value",99999,I,59,,Y,1.0,,,,533
602,"Nitrogen, Dissolved",99999,A,59,,Y,1.0,,,,602
966,MICA IN DRILLING FLUIDS,99999,A,59,,Y,,,,,966
3530,"Radiation,Gross Beta Particle Activity",99999,A,48,,Y,2.0,"Radiation,Gross Beta Particle Activity",Other,Other,3530
4251,"Clamtrol CT-1, Total Water",99999,A,59,,Y,,,,,4251
51408,Oxytetracycline Hydrochloride,99999,A,59,,Y,2.0,,,,51408
51409,Specific Conductance,99999,A,46,,Y,,Specific Conductance,Solids,Dissolved Solids,51409
51415,Volatile Organic Compound [VOC],99999,A,59,,Y,2.0,,,,51415
51416,Contact Cooling Water Volume,99999,A,121,N,Y,,,,,51416
51418,Cable Test Tank Drainage Volume,99999,A,121,N,Y,,,,,51418
51419,Cable Test Tank Drainage Process Operating Days,99999,A,125,N,Y,,,,,51419
51420,Number of Extension Lines in Operation,99999,A,128,N,Y,,,,,51420
51421,Conductivity Excursions,99999,A,52,,Y,,,,,51421
51422,"1,2-Dichloro-1,1,2-T",99999,A,59,,Y,2.0,,,,51422
51423,Benzo[A] Fluoranthene,99999,A,59,,Y,2.0,,,,51423
51426,"Phosphorus, Total As P",99999,I,59,,Y,1.0,,,,51426
51429,Percent Overflow Wastewater Discharged,99999,A,16,,Y,,,,,51429
51431,"Phenol, Single Compound Dry Weight",99999,A,59,,Y,,,,,51431
51432,"Pentachlorophenol, Dry Weight",99999,A,59,,Y,,,,,51432
51433,Thermal Discharge,4073,I,3,N,Y,,,,,51433
51434,UV Transmittance,99999,A,105,,Y,,,,,51434
51438,"SAS - 310, Total",99999,A,59,,Y,2.0,,,,51438
52400,BYPASS VALVE [OPEN/CLOSED],99999,A,56,,N,,,,,52400
34038,"9,10 DICHLOROSTEARIC ACID",99999,A,59,,Y,2.0,,,,34038
39031,DIFOLATAN,99999,A,59,,Y,2.0,,,,39031
51102,"2,4-D SALTS AND ESTERS",99999,A,59,,Y,2.0,"2,4-D SALTS AND ESTERS",Uncommon,Uncommon,51102
51105,CAPTAFOL,99999,A,59,,Y,2.0,,,,51105
81871,TRICHLOROGUAIACOL,99999,A,59,,Y,2.0,,,,81871
82563,3-TRIFLUOROMETHYL-4-NPNL [TFM],99999,A,59,,Y,,,,,82563
TBA3B,Noel Static 48Hr Acute Ceriodaphnia,4677,A,16,,Y,,,,,TBA3B
TBN3E,Noel Statre 96Hr Acute Mysidopsis Bahia,4677,A,16,,Y,,,,,TBN3E
1237,"NEODYMIUM, TOTAL",99999,A,59,,Y,,,,,1237
51411,Oil & Grease [lbs/1000 lbs Product],10364,A,103,,Y,,,,,51411
51417,Contact Cooling Water Process Operating Days,99999,A,125,N,Y,,,,,51417
51425,"Nitrogen, Total As N",99999,I,59,,Y,1.0,,,,51425
51435,UV Flow Rate,99999,A,1,,Y,,,,,51435
51439,Sodium Bisulfite,99999,A,59,,Y,1.0,Sodium Bisulfite,Uncommon,Uncommon,51439
61944,MARINE SANITATION DEVISE USED,99999,A,148,,N,,,,,61944
TDN6I,96Hr Acute Noael Statroncorhynchus Mysiss,4677,A,16,,Y,,,,,TDN6I
39521,POLYBROMINATED BIPHENYLS,99999,A,59,,Y,2.0,,,,39521
TDA6A,NOAEL Static 48Hr Acute Cyprinodon variegatus,4677,A,16,,Y,,,,,TDA6A
534,"Solids, Settleable, Net",12208,I,102,,Y,1.0,,,,534
51493,"Phenolic Compounds,Total",10397,I,59,N,Y,2.0,,,,51493
51494,"Tetryl [2,4,6-Trinitrophenylmethylnitramine]",12597,A,59,N,Y,2.0,,,,51494
51495,Tricaine Methanesulfonate,99999,A,59,N,Y,2.0,,,,51495
51496,Heptachlor + Heptachlor Epoxide,12599,A,59,N,Y,2.0,,,,51496
51497,Spectrus OX 1200,99999,A,59,N,Y,2.0,,,,51497
77550,Isoeugenol,12598,A,59,N,Y,2.0,,,,77550
TKI1A,Static 24HR Acute Selenastrum capricoruntum,4677,A,49,N,Y,,,,,TKI1A
TJM3B,%Mortality Static Renewal 48Hr Acute Ceriodaphnia dubia,4677,A,16,N,Y,,,,,TJM3B
TKA3B,Static 48Hr Acute Ceriodaphnia dubia,4677,A,49,N,Y,,,,,TKA3B
TKN6C,Static Renewal 96Hr Acute Pimephales promelas,4677,A,49,N,Y,,,,,TKN6C
TKP3B,Static Renewal 7 Day Chronic Ceriodaphnia dubia,4677,A,49,N,Y,,Static Renewal 7 Day Chronic Ceriodaphnia dubia,Uncommon,Uncommon,TKP3B
TKP6C,Static Renewal 7 Day Chronic Pimephales promelas,4677,A,49,N,Y,,,,,TKP6C
TDA6I,48Hr Acute Oncorhyncus Myriss,4677,A,16,,Y,,,,,TDA6I
TGA3C,Pass/Fail Static 48Hr Acute Daphnia Magna,4677,A,55,,N,,,,,TGA3C
TGN3C,Pass/Fail Static Renewal 96Hr Acute Daphnia Magma,4677,A,55,,N,,,,,TGN3C
TJM6J,%Mort 48 Hr Acute Statre M. Beryllina',4677,A,16,,Y,,,,,TJM6J
TRB3E,%Surv Static 96Hr Acute Mysidopsis Bahia,4677,A,16,,Y,,%Surv Static 96Hr Acute Mysidopsis Bahia,Uncommon,Uncommon,TRB3E
TRB6L,%Surv Static 96Hr Acute Atherinops Affinis,4677,A,16,,Y,,,,,TRB6L
TRN3E,%Surv Statre 96Hr Acute Mysidopsis Bahia,4677,A,16,,Y,,,,,TRN3E
TRN6J,%Surv Statre 96Hr Acute Menid Beryllina,4677,A,16,,Y,,,,,TRN6J
TSA3E,48Hr Acute Mysidopsis Bahia,4677,A,49,,Y,,,,,TSA3E
TSA6A,48Hr Acute Cyprinodon Variegatu,4677,A,49,,Y,,,,,TSA6A
TSA6B,Static 48Hr Acute Menidia beryllina,4677,A,49,,Y,,,,,TSA6B
TSA6I,48Hr Acute Oncorhynchus,4677,A,49,,Y,,,,,TSA6I
TSA6L,Static 48Hr Acute Atherinops Affinis,4677,A,49,,Y,,,,,TSA6L
TSB3E,Static 96Hr Acute Mysidopsis bahia,4677,A,49,,Y,,,,,TSB3E
TSB6I,Static 96Hr Acute Oncorhynchus mykiss,4677,A,49,,Y,,,,,TSB6I
TSB6L,Static 96Hr Acute Atherinops affinis,4677,A,49,,Y,,,,,TSB6L
TSF3B,Static Acute Ceriodaphnia Dubia,4677,A,49,,Y,,,,,TSF3B
TSF3E,Static Acute Mysidopsis Bahia,4677,A,49,,Y,,,,,TSF3E
TSM3E,Static Renewal Acute Mysidopsis Bahia,4677,A,49,,Y,,,,,TSM3E
TSN3E,Static Renewal 96Hr Acute Mysidopsis Bahia,4677,A,49,,Y,,,,,TSN3E
TSN6A,96Hr Acute Cyprinodon Variegatu,4677,A,49,,Y,,,,,TSN6A
TTF6C,Static Chronic Pimephales Promelas,4677,A,49,,Y,,,,,TTF6C
TTM6A,Static Renewal Chronic Cyprinodeon variegas,4677,A,49,,Y,,,,,TTM6A
TTM6C,Static Renewal Chronic Pimephales Promelas,4677,A,49,,Y,,,,,TTM6C
TTP6A,Static Renewal 7-Day Chronic Cyprinodon variegatus ,4677,A,49,N,Y,,,,,TTP6A
TXM3D,LOEC Lethal Survival Static Renewal 48HR Acute Daphnia pulex,4677,A,90,,Y,,,,,TXM3D
TXM3E,LOEC Lethal Survival Static Renewal 48HR Acute Americamysis bahia,4677,A,90,N,Y,,,,,TXM3E
TXM6A,LOEC Lethal Survival Static Renewal 48HR Acute Cyprinodeon variegatus,4677,A,90,,Y,,,,,TXM6A
TXM6B,LOEC Lethal Survival Static Renewal 48HR Acute Menidia menidia,4677,A,90,,Y,,,,,TXM6B
TXM6C,LOEC Lethal Survival Static Renewal 48HR Acute Pimephales promelas,4677,A,90,N,Y,,,,,TXM6C
TXP6A,LOEC Lethal Survival Static Renewal 7 Day Chronic Cyprinodeon variegatus,4677,A,90,,Y,,,,,TXP6A
TXP6B,LOEC Lethal Survival Static Renewal 7 Day Chronic Menidia menidia,4677,A,90,,Y,,,,,TXP6B
TXP6C,LOEC Lethal Survival Static Renewal 7 Day Chronic Pimephales promelas,4677,A,90,,Y,,,,,TXP6C
TYP6A,LOEC Sub-Lethal Reproduction Static Renewal 7 Day Chronic Cyprinodeon variegatus,4677,A,90,,Y,,,,,TYP6A
TYP6B,LOEC Sub-Lethal Reproduction Static Renewal 7 Day Chronic Menidia menidia,4677,A,90,,Y,,,,,TYP6B
TYP6C,LOEC Sub-Lethal Reproduction Static Renewal 7 Day Chronic Pimephales promelas,4677,A,90,,Y,,,,,TYP6C
TXP3B,LOEC Lethal Survival Static Renewal 7 Day Chronic Ceriodaphnia dubia,4677,A,90,,Y,,,,,TXP3B
TYP3E,LOEC Sub-Lethal Reproduction Static Renewal 7 Day Chronic Americamysis bahia,4677,A,90,,Y,,,,,TYP3E
51412,"Solids, Total Suspen [lbs/1000 lbs Product]",99999,A,103,,Y,,,,,51412
51428,Bypass Volume,99999,A,123,,Y,,,,,51428
51437,N-Hexane,99999,A,59,,Y,2.0,,,,51437
TJM3E,% Mort 48 Hr Acute Statre Mysid. Bahia',4677,A,16,,Y,,,,,TJM3E
TTS3N,Static 20Min Chronic Dendraster Excentri,4677,A,49,,Y,,,,,TTS3N
TYP3B,LOEC Sub-Lethal Reproduction Static Renewal 7 Day Chronic Ceriodaphnia dubia,4677,A,90,,Y,,,,,TYP3B
1122,"GALLIUM, TOTAL [AS GA]",99999,A,59,,Y,2.0,,,,1122
51413,BOD 5-Day [lbs/1000 lbs Product],99999,A,103,,Y,,,,,51413
51427,"Choloroneb, Total",99999,A,59,,Y,,,,,51427
TRB6J,%Surv Static 96Hr Acute Menidia Beryllina',4677,A,16,,Y,,,,,TRB6J
TXP3E,LOEC Lethal Survival Static Renewal 7 Day Chronic Americamysis bahia,4677,A,90,,Y,,,,,TXP3E
4,Stream width,11423,A,105,,Y,,,,,4
10,"Temperature, water deg. centigrade",6128,A,71,,Y,,"Temperature, water deg. centigrade",Temperature,Temperature,10
11,"Temperature, water deg. fahrenheit",12389,A,76,,Y,,"Temperature, water deg. fahrenheit",Temperature,Temperature,11
15,Thermal Discharge,4073,A,74,N,Y,,,,,15
16,Temp. diff. between samp. & upstrm deg. C,12372,A,2,,Y,,,,,16
17,Thermal Discharge,4073,A,73,N,Y,,,,,17
18,Temp. diff. between samp. & upstrm deg. F,12373,A,8,,Y,,Temp. diff. between samp. & upstrm deg. F,Temperature,Temperature,18
20,"Temperature, air [degrees Centigrade]",12383,A,70,,Y,,,,,20
21,"Temperature, air [degrees Fahrenheit]",12384,A,75,,Y,,,,,21
32,Cloud cover [percent],11101,A,88,,Y,,,,,32
35,Wind velocity,12511,A,97,,Y,,,,,35
36,Wind direction [deg from true N],12510,A,81,,N,,,,,36
51,Surface area,12294,A,54,,Y,,,,,51
55,Stream velocity,12283,A,98,,Y,,,,,55
56,Flow rate,6599,A,68,,Y,,,,,56
58,Flow rate,6599,A,66,,Y,,,,,58
59,"Flow rate, instantaneous",11307,A,65,,Y,,,,,59
60,Streamflow,12281,A,66,,Y,,,,,60
61,"Stream flow, instantaneous",12280,I,66,,Y,,,,,61
65,"Stage, stream",12282,A,105,,Y,,,,,65
67,Tide stage,12409,A,105,,Y,,,,,67
68,"Depth, max of sample",11152,A,105,,Y,,,,,68
70,Turbidity,6638,A,30,,N,,Turbidity,Color and Turbidity,Turbidity,70
74,"Turbidity, transmissometer, %",12455,A,16,,Y,,,,,74
75,"Turbidity, hellige [silicon dioxide]",12451,A,59,,Y,,,,,75
76,"Turbidity, hch turbidimiter",6638,A,61,,Y,1.0,,,,76
77,"Transparency, secchi disc",12502,A,105,,Y,,,,,77
80,Color [PT-CO units],11105,A,5,,N,,Color [PT-CO units],Uncommon,Uncommon,80
81,"Color, apparent [unfiltered sample]",11107,A,5,,N,,,,,81
82,"Color, spectrophoto, water smpl at 7.6 pH",11109,A,59,,Y,,,,,82
83,"Color, spectrophoto-metric filter",11110,A,83,,Y,,,,,83
51536,"Selenate, Total Recoverable",12631,A,59,N,Y,1.0,,,,51536
990,"Selenite, Total Recoverable",12630,A,59,N,Y,1.0,,,,990
51530,"Suspended Solids, Total",10486,A,118,N,Y,1.0,,,,51530
51531,Sulfur Trioxide,3932,A,59,N,Y,1.0,,,,51531
80102,Particulate Organic Carbon,10365,A,59,N,Y,1.0,,,,80102
51521,Perfluorooctanoic Acid,12623,A,59,,Y,2.0,,,,51521
51522,Perfluorobutanoic Acid,99999,A,59,,Y,2.0,,,,51522
51523,Perfluorobutanoicsulfonate,99999,A,59,,Y,2.0,,,,51523
51524,Perfluorobutanesulfonamide,99999,A,59,,Y,2.0,,,,51524
51525,Perfluorooctanesulfonamide,12625,A,59,,Y,2.0,,,,51525
51526,Perfluorooctanesulfonate,99999,A,59,,Y,2.0,,,,51526
51527,Isodrin,12626,A,59,,Y,2.0,,,,51527
51528,Strobane,12627,A,59,,Y,2.0,,,,51528
51529,Perthane,12628,A,59,,Y,2.0,,,,51529
51532,Fish Waste Weight,99999,A,19,,Y,,,,,51532
51533,Fillet Production,99999,A,19,,Y,,,,,51533
51534,Fillet Operation,99999,A,19,,Y,,,,,51534
77356,1-Methyl-4-Isopropylbenzene,99999,A,59,,Y,2.0,,,,77356
TSM6C,Static Renewal 48Hr Acute Pimephales Promelas,4677,A,49,,Y,,,,,TSM6C
TSI3C,Static 24 Hr Acute Daphnia Magna,4677,A,49,,Y,,,,,TSI3C
TSI6C,Static 24 Hr Acute Pimephales Promelas,4677,A,49,,Y,,,,,TSI6C
TSX6A,Flow Thru 96 Hr Acute Cyprinodon Variegatus,4677,A,49,,Y,,,,,TSX6A
TSX6J,Flow Thru 96 Hr Acute Menidia Beryllina,4677,A,49,,Y,,,,,TSX6J
TTK3C,Static 48 Hr Chronic Daphnia Magna,4677,A,49,,Y,,,,,TTK3C
TTK6C,Static 48 Hr Chronic Pimphales Promelas,4677,A,49,,Y,,,,,TTK6C
TXT3C,LOEC Lethal Survival Static Renewal 21 Day Chronic Daphnia magna,4677,A,16,,Y,,,,,TXT3C
TYT3C,LOEC Sub-Lethal Reproduction Static Renewal 21 Day Chronic Daphnia magna,4677,A,16,,Y,,,,,TYT3C
TZT3C,Pass/Fail Reproduction 21 Day Chronic Daphnia Magna,4677,A,55,N,N,,,,,TZT3C
21508,"Protactinium 234, Dry Weight",12632,A,36,,Y,2.0,,,,21508
22612,"Uranium 235, Dry Weight",12460,A,36,,Y,2.0,,,,22612
51482,Water Elevation,12633,A,105,,Y,,,,,51482
71202,Salmonella From Sediments,12193,A,99,,Y,,,,,71202
85866,Maintenance Waste:  Do you have a BMP?,99999,A,55,N,N,,,,,85866
85867,Maintenance Waste:  Are you using a BMP?,99999,A,55,N,N,,,,,85867
85868,Cooling Water Intake Velocity,99999,A,24,,Y,,,,,85868
85869,Cooling Water Baseline Study,99999,A,55,N,N,,,,,85869
85870,Cooling Water Entrainment Monitoring Study,99999,A,55,N,N,,,,,85870
85871,Cooling Water Intake Inspection,99999,A,55,N,N,,,,,85871
28401,"Cesium-137 [CS-137], Total",12605,A,9,,Y,,,,,28401
51539,Nonpurgeable Organic Halides,10091,A,59,,Y,2.0,,,,51539
51540,Purgeable Organic Halides,10091,A,59,,Y,2.0,,,,51540
51541,Hexachlorophene,10202,A,59,,Y,2.0,,,,51541
51542,Temperature Increase Deg. C,6128,A,2,,Y,,,,,51542
51543,Temperature Increase Deg. F,12389,A,8,,Y,,Temperature Increase Deg. F,Temperature,Temperature,51543
51544,BOD,10178,A,63,,Y,1.0,,,,51544
51545,Total Suspended Solids,10486,A,63,,Y,1.0,,,,51545
51546,Oil And Grease,10364,A,63,,Y,1.0,,,,51546
75038,"Potassium-40 [K-40], Total",12606,A,9,,Y,,,,,75038
TRB3C,% Survival Static 96Hr Acute Daphnia Magna,4677,A,16,,Y,,,,,TRB3C
TRN3C,% Survival Static Renewal 96Hr  Acute Daphnia Magna,4677,A,16,,Y,,,,,TRN3C
946,"Sulfate, dissolved [as SO4]",6101,A,59,,Y,1.0,,,,946
948,Asbestos,500,A,13,,Y,2.0,Asbestos,Uncommon,Uncommon,948
949,Fluoride,1822,A,104,,Y,,Fluoride,Solids,Dissolved Solids,949
950,"Fluoride, dissolved [as F]",1822,A,59,,Y,1.0,,,,950
951,"Fluoride, total [as F]",1822,A,59,,Y,1.0,"Fluoride, total [as F]",Uncommon,Uncommon,951
952,Fluoroborates,10985,A,59,,Y,1.0,,,,952
953,Fluorine,11327,A,59,,Y,,,,,953
955,"Silica, dissolved [as SiO2]",3708,A,59,,Y,1.0,"Silica, dissolved [as SiO2]",Uncommon,Uncommon,955
956,"Silica, total [as SiO2]",3708,A,59,,Y,1.0,"Silica, total [as SiO2]",Uncommon,Uncommon,956
959,Attapulgite in drilling fluids,11985,A,59,,Y,,,,,959
960,Barite in drilling fluids,12291,A,59,,Y,,,,,960
961,Bentonite in drilling fluids,10871,A,59,,Y,,,,,961
962,Potassium chloride in drilling fluids,12109,A,59,,Y,,,,,962
963,Lignite in drilling fluids,12365,A,59,,Y,,,,,963
964,Lignosulfate in drilling fluids,11645,A,59,,Y,,,,,964
965,Lime in drilling fluids,11038,A,59,,Y,,,,,965
51113,Trichloronitromethane,12603,A,59,,Y,2.0,,,,51113
51503,Calcium Chloride,12604,A,59,,Y,1.0,,,,51503
51504,UV Light Working,99999,A,148,N,N,,,,,51504
51505,Uranium 238,6439,A,36,,Y,,,,,51505
51506,Bismuth 214,12608,A,36,,Y,,,,,51506
51507,Cesium 137,12605,A,36,,Y,,,,,51507
51508,Lead 210,11641,A,36,,Y,,,,,51508
51509,Lead 212,12607,A,36,,Y,,,,,51509
51510,Lead 214,12610,A,36,,Y,,,,,51510
51511,Potassium 40,12606,A,36,,Y,,,,,51511
51512,Thallium 208,12612,A,36,,Y,,,,,51512
51513,Thorium 234,12609,A,36,,Y,,,,,51513
51514,Actinium 228,12611,A,36,,Y,,,,,51514
11506,Radium 224,12174,A,36,,Y,,,,,11506
51477,Analytical Chemistry,99999,A,148,N,N,,,,,51477
51516,Niclosamide,12613,A,59,,Y,2.0,,,,51516
51517,"Turbidity, Test Failures",6638,A,45,,Y,,,,,51517
51518,Non-Halogenated Volatile Organics,10366,A,59,,Y,2.0,,,,51518
51519,Endrin Sulfate,99999,A,59,,Y,2.0,,,,51519
51520,Chlorine Residual * Detention Time Product,99999,A,128,,Y,,,,,51520
TJT3C,% Mortality 21 Day Chronic Daphnia Magna,4677,A,16,,Y,,,,,TJT3C
TLT3C,Pass/Fail Survival 21 Day Chronic Daphnia Magna,4677,A,55,N,N,,,,,TLT3C
TQT3C,% Coefficient Of Variation 21 Day Chronic Daphnia Magna,4677,A,16,,Y,,,,,TQT3C
TSI3B,Static 24 Hr Acute Ceriodaphnia Dubia,4677,A,49,,Y,,,,,TSI3B
967,Sodium bicarbonate in drilling fluids,10197,A,59,,Y,,,,,967
968,Sand in drilling fluids,3636,A,59,,Y,,,,,968
969,"Asbestos, Chrysotile",11098,A,13,,Y,,,,,969
973,"Asbestos, total amphibole",10097,A,13,,Y,,,,,973
976,"Fibers, ambiguous asbestos",500,A,13,,Y,,,,,976
977,"Fibers, non-amphibole, non-chrysotile asbestos",500,A,13,,Y,,,,,977
978,"Arsenic, total recoverable",467,A,59,,Y,2.0,"Arsenic, total recoverable",Metals,Arsenic,978
979,"Cobalt, total recoverable",1090,A,59,,Y,2.0,"Cobalt, total recoverable",Uncommon,Uncommon,979
980,"Iron, total recoverable",2215,A,59,,Y,1.0,"Iron, total recoverable",Metals,Iron,980
981,"Selenium, total recoverable",3666,A,59,,Y,2.0,"Selenium, total recoverable",Metals,Selenium,981
499,Drilled solids in drilling fluids,11220,A,59,,Y,1.0,,,,499
500,"Solids, total",10454,A,59,,Y,1.0,,,,500
505,"Solids, total volatile",12255,A,59,,Y,1.0,,,,505
510,"Solids, total fixed",12257,A,59,,Y,1.0,,,,510
515,"Residue, tot fltrble [dried at 105 C]",12184,A,59,,Y,,,,,515
520,"Solids, volatile dissolved",12232,A,59,,Y,1.0,,,,520
525,"Solids, fixed dissolved",12230,A,59,,Y,1.0,,,,525
530,"Solids, total suspended",10486,A,59,,Y,1.0,"Solids, total suspended",Solids,Suspended Solids,530
535,"Solids, volatile suspended",12244,A,59,,Y,1.0,"Solids, volatile suspended",Uncommon,Uncommon,535
540,"Solids, fixed suspended",12243,A,59,,Y,1.0,,,,540
545,"Solids, settleable",12208,A,10,,Y,1.0,"Solids, settleable",Solids,Suspended Solids,545
546,"Residue, settleable",12208,A,59,,Y,1.0,,,,546
547,"Residue, total non-settleable",12185,A,59,,Y,1.0,,,,547
550,Oil and grease [soxhlet extr.] tot.,10364,A,59,,Y,1.0,,,,550
551,"Hydrocarbons, in H2O, IR, CC14 extractible chromatograph",11403,A,59,,Y,2.0,,,,551
552,"Oil and grease, hexane extr method",10364,A,59,,Y,1.0,,,,552
555,"Oil and grease, per 1000 gallons",10364,A,59,,Y,1.0,,,,555
556,Oil & Grease,10364,A,59,,Y,1.0,Oil & Grease,Other,Fuel,556
558,Oil & grease % removal,10364,A,122,Y,Y,1.0,,,,558
560,"Oil & grease [freon extr.-IR meth] tot, RC",10364,A,59,,Y,1.0,,,,560
561,"Oil & grease, dry weight",10364,A,59,,Y,,,,,561
562,"Baroid nos. 3, 7",10867,A,65,,Y,,,,,562
563,"Baroid nos. 2,4,5,6 imco no. 1,2,3,6",10866,A,65,,Y,,,,,563
564,"Imco nos. 4,5",11415,A,65,,Y,,,,,564
566,"Imco nos. 1,2,3,6",11414,A,65,,Y,,,,,566
570,"Biomass, plankton",10979,A,59,,Y,,,,,570
600,"Nitrogen, total [as N]",2817,A,59,,Y,1.0,"Nitrogen, total [as N]",Nutrients,Nitrogen,600
605,"Nitrogen, organic total [as N]",2817,A,59,,Y,1.0,"Nitrogen, organic total [as N]",Uncommon,Uncommon,605
607,"Nitrogen, organic, dissolved [as N]",2817,A,59,,Y,2.0,,,,607
608,"Nitrogen, ammonia dissolved",375,A,59,,Y,1.0,,,,608
609,"Ammonia nitrogen, total, [as N] 30 day",375,A,59,N,Y,1.0,,,,609
610,"Nitrogen, ammonia total [as N]",375,A,59,,Y,1.0,"Nitrogen, ammonia total [as N]",Nutrients,Nitrogen,610
611,"Nitrogen, ammonia in bottom deposits",375,A,59,,Y,1.0,,,,611
612,"Nitrogen, ammonia, tot unionized [as N]",375,A,59,,Y,1.0,"Nitrogen, ammonia, tot unionized [as N]",Nutrients,Nitrogen,612
613,"Nitrite nitrogen, dissolved [as N]",2806,A,59,,Y,1.0,,,,613
615,"Nitrogen, nitrite total [as N]",2806,A,59,,Y,1.0,"Nitrogen, nitrite total [as N]",Nutrients,Nitrogen,615
618,"Nitrogen, nitrate dissolved",5713,A,59,,Y,1.0,,,,618
619,"Ammonia, unionized",375,A,59,,Y,1.0,"Ammonia, unionized",Nutrients,Nitrogen,619
620,"Nitrogen, nitrate total [as N]",5713,A,59,,Y,1.0,"Nitrogen, nitrate total [as N]",Nutrients,Nitrogen,620
621,"Nitrate nitrogen, dry weight",5713,A,59,,Y,,,,,621
623,"Nitrogen, Kjeldahl, dissolved [as N]",2817,A,59,,Y,1.0,,,,623
625,"Nitrogen, Kjeldahl, total [as N]",2817,A,59,,Y,1.0,"Nitrogen, Kjeldahl, total [as N]",Uncommon,Uncommon,625
630,Nitrite + Nitrate total [as N],10354,A,59,,Y,1.0,Nitrite + Nitrate total [as N],Nutrients,Nitrogen,630
631,Nitrite plus nitrate dissolved 1 det.,10354,A,59,,Y,1.0,,,,631
633,Nitrite plus nitrate in bottom deposits,10354,A,59,,Y,1.0,,,,633
637,"Dithiocarbamate, reported as dithiocarbonate",11051,A,59,,Y,1.0,,,,637
640,"Nitrogen, inorganic total",2817,A,59,,Y,1.0,"Nitrogen, inorganic total",Nutrients,Nitrogen,640
650,"Phosphate, total [as PO4]",5878,A,59,,Y,1.0,"Phosphate, total [as PO4]",Uncommon,Uncommon,650
653,Phosphate total soluble,5878,A,59,,Y,1.0,,,,653
655,"Phosphate, poly [as PO4]",5878,A,59,,Y,1.0,,,,655
660,"Phosphate, ortho [as PO4]",5878,A,59,,Y,1.0,,,,660
662,"Phosphorous, total recoverable",5889,A,59,,Y,,"Phosphorous, total recoverable",Uncommon,Uncommon,662
51440,"2,4-DDD [O,P-DDD]",12550,A,59,,Y,2.0,,,,51440
51441,"2,4-DDE [O,P-DDE]",12551,A,59,,Y,2.0,,,,51441
51442,Propicanazole,12552,A,59,,Y,2.0,,,,51442
51452,Chiral [Stereoisomer of MP062],12553,A,59,,Y,2.0,,,,51452
51453,MP062 [Steward],12554,A,59,,Y,2.0,,,,51453
51455,Esfenvalerate [Asana],12555,A,59,,Y,2.0,Esfenvalerate [Asana],Uncommon,Uncommon,51455
51457,Pirimicarb,12556,A,59,,Y,2.0,,,,51457
51458,Pymetrozine,12557,A,59,,Y,2.0,,,,51458
51459,Pyrifenox,12558,A,59,,Y,2.0,,,,51459
51460,Trichorofon,12559,A,59,,Y,2.0,,,,51460
51465,"Acetate, Total",12562,A,59,,Y,2.0,,,,51465
51466,Propionitrile,12563,A,59,,Y,2.0,,,,51466
51467,"2,6-Dimethylphenol",12564,A,59,,Y,2.0,,,,51467
51468,"2,5-Dimethyphenol",12565,A,59,,Y,2.0,,,,51468
51469,"2,3-Dimethylphenol",12566,A,59,,Y,2.0,,,,51469
51470,Propanal,12567,A,59,,Y,2.0,,,,51470
51471,Pentanal,12568,A,59,,Y,2.0,,,,51471
51472,m-Toluadehyde,12569,A,59,,Y,2.0,,,,51472
51473,Hexanal,12570,A,59,,Y,2.0,,,,51473
51554,Baitfish,200000121,A,59,N,Y,,,,,51554
51558,Water Treatment Additives Presence,12503,A,55,N,N,,,,,51558
51560,"Fuel, Diesel, #1 Occurrences",10292,A,52,N,Y,,,,,51560
940,Chloride [as Cl],5033,A,59,,Y,1.0,Chloride [as Cl],Solids,Dissolved Solids,940
85781,Paper-grade sulfite pulp & paper,11988,A,59,,Y,,,,,85781
85782,Non-integrated fine paper,11886,A,59,,Y,,,,,85782
TCO3B,%Effect Statre 4Day Chronic Ceriodaphnia,4677,A,16,,Y,,,,,TCO3B
690,"Carbon, total [as C]",6656,A,59,,Y,1.0,,,,690
695,Nitrilotriacetic acid,11350,A,59,,Y,1.0,,,,695
TCO3D,%Effect Statre 4Day Chronic D. Pulex,4677,A,16,,Y,,,,,TCO3D
TCO3E,% Effect Statre 4Day Chronic Mysid. Bahia,4677,A,16,,Y,,,,,TCO3E
TCO6A,%Effect Statre 4Day Chronic Cyprinodon,4677,A,16,,Y,,,,,TCO6A
TCO6B,%Effect Statre 4Day Chronic Menidia,4677,A,16,,Y,,,,,TCO6B
TCO6C,%Effect Statre 4Day Chronic Pimephales,4677,A,16,,Y,,,,,TCO6C
TCO6E,%Effect Statre 4Day Chronic Lepomis Macrochi,4677,A,16,,Y,,,,,TCO6E
TCP1A,%Effect Statre 7Day Chronic Selen. Capr.,4677,A,16,,Y,,,,,TCP1A
TCP1B,%Effect Statre 7Day Chronic L. Minor,4677,A,16,,Y,,,,,TCP1B
TCP1C,%Effect Statre 7Day Chronic Champia,4677,A,16,,Y,,,,,TCP1C
TCP3A,%Effect Statre 7Day Chronic Arbacia,4677,A,16,,Y,,,,,TCP3A
TCP3B,%Effect Static Renewal 7 Day Chronic Ceriodaphnia dubia,4677,A,16,,Y,,%Effect Static Renewal 7 Day Chronic Ceriodaphnia dubia,Toxic Organics,Toxic Organics,TCP3B
TCP3C,%Effect Statre 7Day Chronic D. Magna,4677,A,16,,Y,,,,,TCP3C
TCP3D,%Effect Statre 7Day Chronic D. Pulex,4677,A,16,,Y,,,,,TCP3D
TCP3E,% Effect Static Renewal 7 Day Chronic Americamysis bahia,4677,A,16,,Y,,,,,TCP3E
TCP3X,%Eff 7D Chronic Statre D. Ambigua,4677,A,16,,Y,,,,,TCP3X
TCP6A,%Effect Statre 7Day Chronic Cyprinodon,4677,A,16,,Y,,,,,TCP6A
TCP6B,%Effect Statre 7Day Chronic Menidia,4677,A,16,,Y,,,,,TCP6B
TCP6C,%Effect Statre 7Day Chronic Pimephales,4677,A,16,,Y,,,,,TCP6C
TCP6E,%Effect Statre 7Day Chronic Lepomis Macrochi,4677,A,16,,Y,,,,,TCP6E
TCW6E,%Effect Flth 48Hr Acute Lepomis Macrochi,4677,A,16,,Y,,,,,TCW6E
TCX6E,%Effect Flth 96Hr Acute Lepomis Macrochi,4677,A,16,,Y,,,,,TCX6E
TCY6E,%Effect Flth 4Day Chronic Lepomis Macrochi,4677,A,16,,Y,,,,,TCY6E
TCZ6E,%Effect Flth 7Day Chronic Lepomis Macrochi,4677,A,16,,Y,,,,,TCZ6E
TDA3B,Noael Static 48Hr Acute Ceriodaphnia,4677,A,16,,Y,,,,,TDA3B
TDA3D,Noael Static 48Hr Acute D. Pulex,4677,A,16,,Y,,,,,TDA3D
TDA3E,Noael Static 48Hr Acute Mysid. Bahia,4677,A,16,,Y,,,,,TDA3E
TDA6B,Noael Static 48Hr Acute Menidia,4677,A,16,,Y,,,,,TDA6B
TDA6C,Noael Static 48Hr Acute Pimephales,4677,A,16,,Y,,,,,TDA6C
TDA6E,NOEAL Static 48Hr Acute Lepomis Macrochirus,4677,A,16,,Y,,,,,TDA6E
TDA6F,Noael Static 48Hr Acute Salvel. Salmonid,4677,A,16,,Y,,,,,TDA6F
TDB6E,Noael Static 96Hr Acute Lepomis Macrochirus,4677,A,16,,Y,,,,,TDB6E
TDC6E,Noael Static 4Day Chronic Lepomis Macrochirus,4677,A,16,,Y,,,,,TDC6E
TDD6E,Noael Static 7Day Chronic Lepomis Macrochirus,4677,A,16,,Y,,,,,TDD6E
TDE1B,Noael 1Hr Chronic L. Minor,4677,A,16,,Y,,,,,TDE1B
TDE6E,NOAEL Static 1Hr Chronic Lepomis macrochirus,4677,A,16,,Y,,,,,TDE6E
TDM1A,Noael Statre 48Hr Acute Selen. Capr.,4677,A,16,,Y,,,,,TDM1A
TDM1B,Noael Statre 48Hr Acute L. Minor,4677,A,16,,Y,,,,,TDM1B
TDM1C,Noael Statre 48Hr Acu. Champia,4677,A,16,,Y,,,,,TDM1C
TDM3A,Noael Statre 48Hr Acute Arbacia,4677,A,16,,Y,,,,,TDM3A
TDM3B,Noael Statre 48Hr Acute Ceriodaphnia,4677,A,16,,Y,,,,,TDM3B
TDM3C,Noael Statre 48Hr Acute D. Magna,4677,A,16,,Y,,,,,TDM3C
TDM3D,Noael Statre 48Hr Acute D. Pulex,4677,A,16,,Y,,,,,TDM3D
TDM3E,Noael Statre 48Hr Acute Mysid. Bahia,4677,A,16,,Y,,,,,TDM3E
TDM6A,Noael Statre 48Hr Acute Cyprinodon,4677,A,16,,Y,,,,,TDM6A
TDM6B,Noael Statre 48Hr Acute Menidia,4677,A,16,,Y,,,,,TDM6B
1155,"Tungsten, dissolved",10491,A,59,,Y,2.0,,,,1155
1162,"Zirconium, total",6372,A,59,,Y,2.0,,,,1162
1167,"Selenium, acid soluble",3666,A,59,,Y,2.0,,,,1167
1168,Indium,11418,A,59,,Y,2.0,,,,1168
1169,Metals toxicity ratio,11654,A,59,,Y,2.0,,,,1169
1170,"Iron, total dry weight [as Fe]",2215,A,59,,Y,,,,,1170
1171,"Platinum, total [as Pt]",12099,A,59,,Y,2.0,,,,1171
1182,"Lanthanum, total",11639,A,59,,Y,2.0,,,,1182
1210,"Palladium, total [as Pd]",11984,A,59,,Y,2.0,,,,1210
1220,"Chromium, hexavalent dissolved [as Cr]",10214,A,59,,Y,2.0,,,,1220
1242,"Rhenium, total",12187,A,59,,Y,,,,,1242
1243,"Hafnium, total",11375,A,59,,Y,,,,,1243
1251,Aluminum,360,A,107,,Y,1.0,Aluminum,Metals,Aluminum,1251
1252,Arsenic,467,A,108,,Y,,Arsenic,Metals,Arsenic,1252
1253,Cadmium,776,A,107,,Y,2.0,Cadmium,Metals,Cadmium,1253
1254,Chromium,1012,A,107,,Y,2.0,Chromium,Metals,Chromium,1254
1255,"Chromium, hexavalent",10214,A,107,,Y,2.0,,,,1255
1256,Copper,1165,A,107,,Y,2.0,Copper,Metals,Copper,1256
1257,Cyanide [A],5123,A,59,,Y,2.0,,,,1257
1258,Iron,2215,A,107,,Y,1.0,Iron,Metals,Iron,1258
1259,Lead,6562,A,107,,Y,2.0,Lead,Metals,Lead,1259
1260,Mercury,2448,A,107,,Y,2.0,Mercury,Metals,Mercury,1260
1261,Nickel,2741,A,107,,Y,2.0,Nickel,Metals,Nickel,1261
1262,Tin,6151,A,107,,Y,2.0,,,,1262
1263,Silver,3714,A,107,,Y,2.0,Silver,Metals,Silver,1263
1264,Zinc,6352,A,107,,Y,2.0,Zinc,Metals,Zinc,1264
1265,Settling index as pertaining to wells,12210,A,59,,Y,,,,,1265
1266,Pressure as pertaining to wells,12116,A,93,,Y,,,,,1266
51585,Imazapyr,200000306,A,59,N,Y,2.0,Imazapyr,Uncommon,Uncommon,51585
TRX6L,% Survival Flow Through 96Hr Acute Atherinops affinis,4677,A,16,N,Y,,,,,TRX6L
78878,Kerosene,10319,A,59,N,Y,2.0,,,,78878
50,Evaporation Total,200000421,A,95,N,N,,,,,50
TSX6L,Flow Through 96Hr Acute Atherinops Affinis,4677,A,49,N,Y,,,,,TSX6L
TGX6C,Pass/Fail Flow Through 96Hr Acute Pimephales promelas,4677,A,151,N,Y,,,,,TGX6C
51559,"Drilling Fluids, Discharge Rate Occurrences",11222,A,52,N,Y,,,,,51559
51569,"[1,1,3,3-Tetramethylbutyl]phenol",200000143,A,59,N,Y,2.0,,,,51569
51567,3-methylphenol and 4-methylphenol Combination,200000142,A,59,N,Y,2.0,,,,51567
51565,"1,2,3-Trimethyl Benzene",4324,A,59,N,Y,2.0,,,,51565
1308,"Aluminum, potentially dissolvd",360,A,59,,Y,1.0,,,,1308
1309,"Arsenic, potentially dissolved",467,A,59,,Y,2.0,,,,1309
1310,Gas bubble severity,11342,A,50,,Y,,,,,1310
1311,"Barium, potentially dissolvd",572,A,59,,Y,2.0,,,,1311
1312,"Beryllium, potentially dissolvd",4915,A,59,,Y,2.0,,,,1312
1313,"Cadmium, potentially dissolvd",776,A,59,,Y,2.0,,,,1313
1314,"Chromium, trivalent, potentially dissolvd",10215,A,59,,Y,2.0,,,,1314
1316,Sludge build-up in water,12215,A,106,,Y,1.0,,,,1316
1317,"Iron, potentially dissolvd",2215,A,59,,Y,1.0,,,,1317
1318,"Lead, potentially dissolvd",6562,A,59,,Y,2.0,,,,1318
1319,"Manganese, potentially dissolvd",2423,A,59,,Y,1.0,,,,1319
1321,"Mercury, potentially dissolvd",2448,A,59,,Y,2.0,,,,1321
1322,"Nickel, potentially dissolvd",2741,A,59,,Y,2.0,,,,1322
1323,"Selenium, potentially dissolvd",3666,A,59,,Y,2.0,,,,1323
1324,"Thallium, potentially dissolvd",4068,A,59,,Y,2.0,,,,1324
1326,"Uranium, potentially dissolvd",6439,A,59,,Y,2.0,,,,1326
1330,"Odor, atmospheric [severity]",11897,A,50,,Y,,,,,1330
1331,Taste [severity],12366,A,132,,Y,,,,,1331
1336,Runoff-spray irrigation field to stream,12190,A,132,,Y,,,,,1336
1340,"Fish, dead [severity]",11143,A,132,,Y,,,,,1340
667,"Phosphorus, dissolved reactive [drp as P]",5889,A,59,,Y,1.0,"Phosphorus, dissolved reactive [drp as P]",Uncommon,Uncommon,667
668,"Phosphorous, total, in bottom deposits",5889,A,59,,Y,1.0,,,,668
670,"Phosphorous, total organic [as P]",5889,A,59,,Y,1.0,,,,670
671,"Phosphate, ortho, dissolved [as P]",5878,A,59,,Y,1.0,"Phosphate, ortho, dissolved [as P]",Uncommon,Uncommon,671
679,"Carbon, tot organic [TOC] per 1000 gals.",6656,A,59,,Y,1.0,,,,679
680,"Carbon, tot organic [TOC]",6656,A,59,,Y,1.0,"Carbon, tot organic [TOC]",Organics,COD,680
681,"Carbon, dissolved organic [as C]",6656,A,59,,Y,2.0,"Carbon, dissolved organic [as C]",Uncommon,Uncommon,681
685,"Carbon, total inorganic [as C]",6656,A,59,,Y,1.0,,,,685
696,Nitrofurans,11338,A,59,,Y,2.0,,,,696
697,Acetic acid,255,A,59,,Y,2.0,,,,697
698,Boric acid,10986,A,59,,Y,1.0,,,,698
700,"Acids, total volatile [as acetic acid]",10792,A,59,,Y,2.0,,,,700
718,"Cyanide, weak acid, dissociable",5123,A,59,,Y,2.0,,,,718
719,"Cyanide, free-water plus wastewaters",5123,A,59,,Y,2.0,,,,719
720,"Cyanide, total [as CN]",5123,A,59,,Y,2.0,"Cyanide, total [as CN]",Inorganics,Toxic Inorganics,720
721,Cyanide in bottom deposits [dry wgt],5123,A,59,,Y,2.0,,,,721
722,"Cyanide, free [amen. to chlorination]",5123,A,59,,Y,2.0,,,,722
723,"Cyanide, dissolved std method",5123,A,59,,Y,2.0,,,,723
724,Cyanide complexed to range of compound,5123,A,59,,Y,2.0,,,,724
725,Cyanate [as OCN],11120,A,59,,Y,2.0,,,,725
726,Sodium chlorate,10204,A,59,,Y,2.0,,,,726
727,Sodium dichromate,10209,A,59,,Y,2.0,,,,727
728,Sodium nitrite,2838,A,59,,Y,1.0,,,,728
730,Thiocyanate [as SCN],12400,A,59,,Y,2.0,,,,730
740,Sulfite [as SO3],12287,A,59,,Y,1.0,Sulfite [as SO3],Uncommon,Uncommon,740
741,Sulfite [as S],12287,A,59,,Y,1.0,,,,741
745,"Sulfide, total [as S]",6106,A,59,,Y,1.0,"Sulfide, total [as S]",Uncommon,Uncommon,745
746,"Sulfide, dissolved, [as S]",6106,A,59,,Y,1.0,"Sulfide, dissolved, [as S]",Uncommon,Uncommon,746
760,"Sulfite waste liquor, Pearl Benson index",12287,A,59,,Y,1.0,,,,760
900,"Hardness, total [as CaCO3]",12425,A,59,,Y,1.0,"Hardness, total [as CaCO3]",Uncommon,Uncommon,900
51568,Nonylphenol,10395,A,59,N,Y,2.0,Nonylphenol,Uncommon,Uncommon,51568
51570,Sulfolane,10481,A,10,N,Y,2.0,,,,51570
51561,Potassium Acetate,10087,A,59,N,Y,1.0,,,,51561
51555,Diethylene Glycol,1444,A,59,N,Y,2.0,,,,51555
TGA3Y,Pass/Fail Static 48Hr Acute Hyalella azteca,4677,A,55,N,N,,,,,TGA3Y
51566,tert-Butylphenol,200000141,A,59,N,Y,2.0,,,,51566
51564,Spray to Rest Ratio,12267,A,86,N,Y,,,,,51564
51571,Sulfolane,10481,A,70,N,Y,2.0,,,,51571
51556,PCBs Wet Weather Analysis,10001,A,59,N,Y,2.0,,,,51556
51557,PCBs Dry Weather Analysis,10001,A,59,N,Y,2.0,,,,51557
4607,Azithromycin,12634,A,59,N,Y,2.0,,,,4607
4608,Carbamazepine,99999,A,59,N,Y,2.0,,,,4608
4609,Ciprofloxacin,12635,A,59,N,Y,2.0,,,,4609
4610,Gemfibrozil,99999,A,59,N,Y,2.0,,,,4610
4611,Ibuprofen,12636,A,59,N,Y,2.0,,,,4611
4612,Iodinated Contrast Media,2208,A,59,N,Y,,,,,4612
4613,Lipitor [Atorvastatin Calcium],99999,A,59,N,Y,2.0,,,,4613
4614,Methadone,99999,A,59,N,Y,2.0,,,,4614
4615,Morphine,99999,A,59,N,Y,2.0,,,,4615
4616,Ethinyl Estradiol,12637,A,59,N,Y,2.0,,,,4616
4617,Triclosan,6215,A,59,N,Y,2.0,,,,4617
4619,Nonylphenol Polyethoxylates,99999,A,59,N,Y,2.0,,,,4619
4621,Octylphenol Polyethoxylates,99999,A,59,N,Y,2.0,,,,4621
4622,Polybrominated Diphenyl Ethers,10902,A,59,N,Y,2.0,,,,4622
4623,Estrone,12640,A,59,N,Y,2.0,,,,4623
22401,Rotenolone,99999,A,59,N,Y,2.0,,,,22401
50312,4-Chloroaniline,10885,A,59,N,Y,2.0,,,,50312
51547,Amoxicillin,12641,A,59,N,Y,2.0,,,,51547
51548,Ampicillin,12642,A,59,N,Y,2.0,,,,51548
51549,Cefadroxil,99999,A,59,N,Y,2.0,,,,51549
51550,Cefdinir,99999,A,59,N,Y,2.0,,,,51550
51551,Cefprozil,99999,A,59,N,Y,2.0,,,,51551
51552,Cephalexin,99999,A,59,N,Y,2.0,,,,51552
51553,Dicloxacillin,99999,A,59,N,Y,2.0,,,,51553
61227,4-Chlorotoluene,12581,A,59,N,Y,2.0,,,,61227
73522,"2,2'-Oxybis[1-Chloropropane]",12148,A,59,N,Y,2.0,,,,73522
77333,Diethylene Glycol Monoethyl Ether,12643,A,59,N,Y,2.0,,,,77333
77403,Salicylic Acid,12644,A,59,N,Y,2.0,,,,77403
77745,Nonylphenol,10395,I,59,N,Y,2.0,Nonylphenol,Uncommon,Uncommon,77745
51562,Chlorine Dioxide Application Rate,10206,A,104,N,Y,,,,,51562
51563,Kappa Factor,99999,A,15,N,Y,,,,,51563
51573,"Color, spectrophoto, water smpl at 7.6 pH",7415,A,12,N,Y,,,,,51573
51576,Compliance With Best Management Practices,12429,A,148,N,N,,,,,51576
51580,Rate of Discharge,200000282,A,20,N,Y,,,,,51580
51590,Glutaraldehyde,10375,A,59,N,Y,2.0,,,,51590
51591,"BOD, 5-day, 20 deg. C",10178,A,118,N,Y,1.0,"BOD, 5-day, 20 deg. C",Organics,COD,51591
51582,"Detergents, Total",1363,A,59,N,Y,1.0,,,,51582
TGP3A,Pass/Fail Static Renewal 7 Day Chronic Arbacia,4677,A,55,N,N,,,,,TGP3A
51578,"Stream Flow, Start of Discharge",99999,A,65,N,Y,,,,,51578
TRA6C,% Survival Static 48Hr Acute Pimephales promelas,4677,A,16,N,Y,,,,,TRA6C
1239,"Niobium, Total",2760,A,59,N,Y,2.0,,,,1239
51600,"pH Range Excursion, Maximum Duration",99999,A,126,N,Y,,"pH Range Excursion, Maximum Duration",pH,pH,51600
51601,"Enteric viruses, sludge, dry weight",12477,A,160,N,Y,,,,,51601
TRP6B,IC25 Static Renewal 7 Day Chronic Menidia menidia,4677,A,16,N,Y,,,,,TRP6B
TRP3E,IC25 Static Renewal 7 Day Chronic Mysidopsis bahia,4677,A,16,N,Y,,,,,TRP3E
51587,Penoxsulam,200000304,A,59,N,Y,2.0,Penoxsulam,Uncommon,Uncommon,51587
51581,Arochlor 1268,460,A,59,N,Y,2.0,,,,51581
51588,Fluridone,200000303,A,59,N,Y,2.0,Fluridone,Uncommon,Uncommon,51588
51586,Triclopyr,200000305,A,59,N,Y,2.0,Triclopyr,Uncommon,Uncommon,51586
29865,Americium-241,200000307,A,9,N,Y,,,,,29865
51575,Free Oil,11681,A,52,N,Y,,,,,51575
39487,Polychlorinated Biphenyls [PCBs] Pass/Fail,10001,A,55,N,N,,,,,39487
85872,Compliance With Part I.B.10.A.?,99999,A,55,N,N,,,,,85872
TFO6B,Half Low Flow Pass/Fail Static Renewal 7 Day Chronic Menidia menidia,4677,A,55,N,N,,,,,TFO6B
51583,Free cationic polymer,99999,A,59,N,Y,,,,,51583
51584,Total Petroleum Hydrocarbons - Jet Fuel,10319,A,59,N,Y,1.0,,,,51584
51595,"Fuel oil, no. 6",2857,A,59,N,Y,1.0,,,,51595
TRX6J,% Survival Flow Through 96Hr Acute Menidia beryllina,4677,A,16,N,Y,,,,,TRX6J
51594,"Fuel oil, no. 5",200000345,A,59,N,Y,1.0,,,,51594
51599,"Particulate Organic Carbon, Total",10365,A,118,N,Y,1.0,,,,51599
TSB6A,Static 96Hr Acute Cyprinodon variegatus,4677,A,49,N,Y,,,,,TSB6A
TGW6C,Pass/Fail Flow Through 48Hr Acute Pimephales promelas,4677,A,49,N,Y,,,,,TGW6C
51572,n-Propyl Bromide,200000221,A,59,N,Y,1.0,,,,51572
51577,Priority Pollutant Results,12429,A,156,N,N,,,,,51577
51579,"Stream Flow, End of Discharge",99999,A,65,N,Y,,,,,51579
TTP3Z,Static Renewal 7-Day Chronic Americamysis bahia,4677,A,49,N,Y,,,,,TTP3Z
51589,Carfentrazone,200000302,A,59,N,Y,2.0,,,,51589
22014,Plutonium-239,200000308,A,9,N,Y,,,,,22014
22012,Plutonium-238,200000361,A,9,N,Y,,,,,22012
78919,"Fuel oil, no. 2",2856,A,59,N,Y,1.0,,,,78919
51593,"Fuel oil, no. 4",8,A,59,N,Y,1.0,,,,51593
51592,"Diesel oil, no. 2",6,A,59,N,Y,1.0,,,,51592
TGN6L,Pass/Fail Static Renewal 96Hr Acute Atherinops affinis,4677,A,55,N,N,,,,,TGN6L
82721,Dibromoacetic acid [DBAA],200000461,A,59,N,Y,2.0,Dibromoacetic acid [DBAA],Uncommon,Uncommon,82721
51535,Haloacetic acids [HAA5],200000181,A,59,N,Y,2.0,Haloacetic acids [HAA5],Toxic Organics,Toxic Organics,51535
82723,Trichloroacetic acid [TCAA],10089,A,59,N,Y,2.0,Trichloroacetic acid [TCAA],Uncommon,Uncommon,82723
51605,Dichloroacetic acid [DCAA],200000462,A,59,N,Y,2.0,Dichloroacetic acid [DCAA],Uncommon,Uncommon,51605
51606,Monobromoacetic acid [MBAA],200000463,A,59,N,Y,2.0,Monobromoacetic acid [MBAA],Uncommon,Uncommon,51606
51615,Total Group II Polycyclic Aromatic Hydrocarbons,10100,A,59,N,Y,2.0,,,,51615
85873,BMP Certification Submittal?,99999,A,55,N,N,,,,,85873
51622,Limiting Nutrient [Nitrogen or Phosphorus],99999,A,152,N,N,,,,,51622
51621,Sodium Bromide/Sodium Hypochlorite Ratio,99999,A,15,N,Y,,,,,51621
51613,Sodium Absorption Ratio,6802,A,33,N,Y,,,,,51613
51614,Total Group I Polycyclic Aromatic Hydrocarbons,10100,A,59,N,Y,2.0,,,,51614
TRI3W,% Survival Static 24Hr Acute Tripneustes gratilla,4677,A,16,N,Y,,,,,TRI3W
51616,Transparency,200000541,A,105,N,Y,,,,,51616
51617,E. coli exceedances,10251,A,168,N,Y,,,,,51617
51619,Seafood Processing Waste,8719,A,92,N,Y,,,,,51619
197,"Evaporation, Accumulated",200000421,A,105,N,Y,,,,,197
997,"Arsenic, Inorganic",467,A,59,N,Y,2.0,,,,997
51602,"1,2,3-Benzotriazole",200000501,A,59,N,Y,2.0,,,,51602
51603,4-Methyl-Benzotriazole,10699,A,59,N,Y,2.0,,,,51603
51604,5-Methyl-Benzotriazole,10699,A,59,N,Y,2.0,,,,51604
51607,Cesium 137,12605,A,9,N,Y,,,,,51607
51608,Liner Leakage Rate,99999,A,25,N,Y,,,,,51608
51609,GB Agent,200000503,A,59,N,Y,2.0,,,,51609
51610,VX Agent,10398,A,59,N,Y,2.0,,,,51610
51611,Diethylenetriamine [DETA],10011,A,59,N,Y,2.0,,,,51611
51612,Dipropylene Glycol,200000502,A,59,N,Y,2.0,,,,51612
TDA3Z,NOAEL Static 48Hr Acute Americamysis bahia,4677,A,90,N,Y,,,,,TDA3Z
TSA3Z,Static 48Hr Acute  Americamysis bahia,4677,A,49,N,Y,,,,,TSA3Z
TGN3Q,Pass/Fail Static Renewal 96Hr Acute Holmesimysis costata,4677,A,55,N,Y,,,,,TGN3Q
51618,Enterococci - % of upper confidence limit,11237,A,16,N,Y,,,,,51618
51620,Calcium Dimethyldithiocarbamate,200000561,A,59,N,Y,2.0,,,,51620
51463,Cycles Of Concentration,12560,A,161,N,Y,,,,,51463
51654,5-Chloro-2-methyl-4-isothiazolin-3-one,200000721,A,59,N,Y,2.0,,,,51654
51655,2-methyl-4-isothiazolin-3-one,200000722,A,59,N,Y,2.0,,,,51655
51650,Calcium sulfate,10466,A,59,N,Y,1.0,,,,51650
3792,Sodium dodecylbenzene sulfonate,200000581,A,59,N,Y,2.0,,,,3792
51651,Glyoxal,200000621,A,59,N,Y,2.0,,,,51651
50785,"Phosphorus, ortho",5889,A,59,N,Y,1.0,,,,50785
TRN3Z,% Survival Static Renewal 96Hr Acute Americamysis bahia,4677,A,16,N,Y,,% Survival Static Renewal 96Hr Acute Americamysis bahia,Uncommon,Uncommon,TRN3Z
TRN3Q,% Survival Static Renewal 96Hr Acute Holmesimysis costata,4677,A,16,N,Y,,,,,TRN3Q
78901,"2-Amino-4,6-dinitrotoluene",200000703,A,59,N,Y,2.0,,,,78901
51652,Total Petroleum Hydrocarbons - Waste Oil,7435,A,59,N,Y,1.0,,,,51652
77394,2-Nitrotoluene,200000704,A,59,N,Y,2.0,,,,77394
45622,"1,3-Dinitrobenzene",200000701,A,59,N,Y,2.0,,,,45622
76987,"4-Amino-2,6-dinitrotoluene",200000702,A,59,N,Y,2.0,,,,76987
46341,3-Nitrotoluene,200000705,A,59,N,Y,2.0,,,,46341
77395,4-Nitrotoluene,10145,A,59,N,Y,2.0,,,,77395
51656,Phosphonocarboxylic Acid Salt,200000723,A,59,N,Y,2.0,,,,51656
51657,Phosno-Butanetricarboxylic Acid Salt,200000724,A,59,N,Y,2.0,,,,51657
51649,1-Chloro-2-nitrobenzene,200000586,A,59,N,Y,1.0,,,,51649
51647,"3,3'-Dimethylbenzidine",12520,A,59,N,Y,2.0,,,,51647
77286,3-Chloroaniline,200000583,A,59,N,Y,2.0,,,,77286
78004,Diphenamid,200000584,A,59,N,Y,2.0,,,,78004
51648,m-Toluidine,200000585,A,59,N,Y,2.0,,,,51648
51653,Polyacrylamide,200000681,A,59,N,Y,2.0,,,,51653
77263,Guaiacol [2-methoxyphenol],200000641,A,59,N,Y,2.0,,,,77263
51663,"Phosphorus, insoluble",5889,A,59,N,Y,1.0,,,,51663
TGN3Z,Pass/Fail Static Renewal 96Hr Acute Americamysis bahia,4677,A,55,N,N,,,,,TGN3Z
51667,"Flow rate, domestic ",6599,A,65,N,Y,,,,,51667
51668,"Flash point, deg F [40 CFR 403/261.21]",200000823,A,8,N,Y,,,,,51668
51670,"Nitrogen, total, percent removal [%]",2817,A,16,Y,N,,,,,51670
943,"Chloride, total recoverable",5033,A,59,N,Y,1.0,"Chloride, total recoverable",Uncommon,Uncommon,943
80155,"Sediment, suspended",6613,A,59,N,Y,,,,,80155
51683,Total Petroleum Hydrocarbons - Diesel and Waste Oil,200000903,A,59,N,Y,1.0,,,,51683
51632,Perfluorobutane Sulfonate,200000750,A,59,N,Y,2.0,,,,51632
51633,Perfluorohexane Sulfonate,200000751,A,59,N,Y,2.0,,,,51633
51634,Perfluoroheptane Sulfonate,200000752,A,59,N,Y,2.0,,,,51634
51635,Perfluorodecane Sulfonate,200000753,A,59,N,Y,2.0,,,,51635
51643,2-[N-ethylperfluorooctanesulfonamido] acetic acid,200000761,A,59,N,Y,2.0,,,,51643
51644,2-[N-methylperfluorooctanesulfonamido] acetic acid,200000762,A,59,N,Y,2.0,,,,51644
51684,Giardia,1916,A,96,N,Y,,Giardia,Uncommon,Uncommon,51684
3781,Cypermethrin,200000902,A,10,N,Y,2.0,Cypermethrin,Toxic Organics,Toxic Organics,3781
51659,Dimethyldithiocarbamate,200000781,A,59,N,Y,2.0,,,,51659
TSN3Q,Static Renewal 96HR Acute Holmesimysis costata,4677,A,49,N,Y,,,,,TSN3Q
51430,"Surfactants, nonionic",200000783,A,59,N,Y,1.0,,,,51430
51662,"Nitrogen, Kjeldahl,Total  [TKN], insoluble",2817,A,59,N,Y,1.0,,,,51662
51661,Ethyl acrylate,200000801,A,59,N,Y,2.0,,,,51661
51665,Sanitary and Domestic Foam or Floating Solids,11305,A,134,N,Y,,,,,51665
TGN6A,Pass/Fail Static Renewal 96Hr Acute Cyprinodon variegatus,4677,A,55,N,N,,,,,TGN6A
51664,Number of pumps in operation,99999,A,128,N,Y,,,,,51664
51669,Utilization rate,99999,A,90,N,Y,,,,,51669
51672,Chlorhexidine diacetate,200000861,A,59,N,Y,2.0,,,,51672
51673,Coconut Diethanolamide,200000862,A,59,N,Y,2.0,,,,51673
TSB3Z,Static Renewal 96Hr Acute Americamysis bahia,4677,A,49,N,Y,,,,,TSB3Z
51636,8:2 Fluorotelomer Alcohol,200000754,A,59,N,Y,2.0,,,,51636
51637,10:2 Fluorotelomer Alcohol,200000755,A,59,N,Y,2.0,,,,51637
51638,8:2 Fluorotelomer Acrylate,200000756,A,59,N,Y,2.0,,,,51638
51639,10:2 Fluorotelomer Acrylate,200000757,A,59,N,Y,2.0,,,,51639
51642,N-methylperfluorooctane Sulfonamidoethanol,200000759,A,59,N,Y,2.0,,,,51642
51623,Perfluoropentanoic acid,200000741,A,59,N,Y,2.0,,,,51623
51624,Perfluorohexanoic acid,200000742,A,59,N,Y,2.0,,,,51624
51625,Perfluoroheptanoic acid,200000743,A,59,N,Y,2.0,,,,51625
51626,Perfluorononanoic acid,200000744,A,59,N,Y,2.0,,,,51626
51627,Perfluorodecanoic acid,200000746,A,59,N,Y,2.0,,,,51627
51628,Perfluoroundecanoic acid,200000745,A,59,N,Y,2.0,,,,51628
51629,Perfluorododecanoic acid,200000747,A,59,N,Y,2.0,,,,51629
51630,Perfluorotridecanoic acid,200000748,A,59,N,Y,2.0,,,,51630
51631,Perfluorotetradecanoic acid,200000749,A,59,N,Y,2.0,,,,51631
51645,"Oxygen, dissolved [DO] minimum",3051,I,59,N,Y,,,,,51645
51646,"Oxygen, dissolved [DO] maximum",3051,I,59,N,Y,,,,,51646
51658,Ethanolamine,10275,A,59,N,Y,2.0,,,,51658
TSN3Z,Static Renewal 96HR Acute Americamysis bahia,4677,A,49,N,Y,,,,,TSN3Z
51671,"Molybdenum, potentially dissolved",6658,A,59,N,Y,2.0,,,,51671
51660,"Surfactants, anionic ",200000782,A,59,N,Y,1.0,,,,51660
TGN6J,Pass/Fail Static Renewal 96Hr Acute Menidia beryllina,4677,A,55,N,N,,,,,TGN6J
51666,"Flow rate, deck drainage",6599,A,65,N,Y,,,,,51666
TXM3C,LOEC Lethal Survival Static Renewal 48HR Acute Daphnia magna,4677,A,90,N,Y,,,,,TXM3C
51682,.lambda.-Cyhalothrin,200000901,A,10,N,Y,,.lambda.-Cyhalothrin,Uncommon,Uncommon,51682
51688,Diesel Oil Content,10292,A,162,N,Y,,,,,51688
51691,Fly ash,5357,A,57,N,Y,,,,,51691
51692,PCB-Aroclor [mixture unspecified],447,A,59,N,Y,2.0,,,,51692
51693,"Sludge weight, dry",6432,A,120,N,Y,,,,,51693
51679,C19-C36 Aliphatics,200000882,A,59,N,Y,2.0,,,,51679
49577,"Nitrite plus Nitrate, dry weight [as N]",10354,A,59,N,Y,1.0,,,,49577
T3P3B,NOEC Static Renewal 7Day Chronic Ceriodaphnia dubia,4677,A,16,,Y,,,,,T3P3B
1034D,"Chromium, total [as Cr] [per discharge]",1012,A,20,N,Y,2.0,,,,1034D
51702,Florfenicol,200001041,A,59,N,Y,2.0,,,,51702
1042D,"Copper, total [as Cu] [per discharge]",1165,A,20,N,Y,2.0,,,,1042D
1051D,"Lead, total [as Pb] [per discharge]",6562,A,20,N,Y,2.0,,,,1051D
TWP3C,Pass/Fail Sub-Lethal Static Renewal 7 Day Chronic Daphnia magna,4677,A,55,N,N,,,,,TWP3C
81683,2-Butoxyethanol,10273,A,59,N,Y,2.0,,,,81683
73542,"Dibenz[a,j]acridine",200001082,A,59,N,Y,2.0,,,,73542
TLP3C,Low Flow Pass/Fail Survival Test Static Renewal 7 Day Chronic Daphnia magna,4677,A,55,N,N,,,,,TLP3C
TPP3C,NOEC Sub-Lethal Static Renewal 7 Day Chronic Daphnia magna,4677,A,16,N,Y,,,,,TPP3C
TOP3C,NOEC Lethal Static Renewal 7 Day Chronic Daphnia magna,4677,A,16,N,Y,,,,,TOP3C
51709,Overflows,3041,A,155,N,Y,,,,,51709
51710,Whole Effluent Toxicity [WET] - C. dubia,4677,A,151,N,Y,,,,,51710
51713,Whole Effluent Toxicity [WET] - M. bahia,4677,A,151,N,Y,,,,,51713
51714,Whole Effluent Toxicity [WET] - P. promelas,4677,A,151,N,Y,,,,,51714
51715,C3 Dimer Acid/Salt,200001181,A,59,N,Y,,,,,51715
51689,Free Oil Visual Sheen,11681,A,162,N,Y,,,,,51689
51690,Thorium-230 + Thorium-232,200000961,A,9,N,Y,,,,,51690
TRP3X,IC25 Static Renewal 7 Day Chronic Daphnia ambigua,4677,A,16,N,Y,,,,,TRP3X
51674,Peracetic Acid,200001001,A,59,N,Y,2.0,Peracetic Acid,Uncommon,Uncommon,51674
51680,C9-C10 Aromatics,200000881,A,59,N,Y,2.0,,,,51680
51681,C11-C22 Aromatics,200000881,A,59,N,Y,2.0,,,,51681
51676,C5-C8 Aliphatics,200000882,A,59,N,Y,2.0,,,,51676
51677,C9-C12 Aliphatics,200000882,A,59,N,Y,2.0,,,,51677
51697,Dimethyl Benzyl Ammonium Chloride,200001023,A,59,N,Y,2.0,,,,51697
51696,Ethoxylated alkyl quaternary ammonium compound [generic],200001022,A,59,N,Y,2.0,,,,51696
46223,"Salts, Water Soluble in Soil",10447,A,47,N,Y,,,,,46223
51701,Potassium Amyl Xanthate [PAX],200001062,A,59,N,Y,2.0,,,,51701
51700,Methyl Isobutyl Carbinol,200001061,A,59,N,Y,2.0,,,,51700
1067D,"Nickel, total [as Ni] [per discharge]",2741,A,20,N,Y,2.0,,,,1067D
61225,3-Methylcholanthrene,200001081,A,59,N,Y,2.0,,,,61225
51705,Floating solids or visible foam-visual/days,11305,A,162,N,Y,,,,,51705
52160,"Sludge/Solids, depth",12208,A,105,N,Y,,,,,52160
51717,"Turbidity, sed stick",6638,A,105,N,Y,,,,,51717
51641,N-ethylperfluorooctane Sulfonamidoethanol,200000921,A,59,N,Y,2.0,,,,51641
51686,Imidacloprid [Neonicotinoid],200000941,A,59,N,Y,2.0,,,,51686
TAM3X,LC50 Static Renewal 48Hr Acute Daphnia ambigua,4677,A,16,N,Y,,,,,TAM3X
51687,Duration of Oxidant Addition,11230,A,51,N,Y,,,,,51687
77014,Isopropylamine,200000981,A,59,N,Y,2.0,,,,77014
51414,Thermal Discharge,4073,A,67,N,Y,,,,,51414
51675,Annual Nitrate Nitrogen Discharged,5713,A,59,N,Y,1.0,,,,51675
51678,C9-C18 Aliphatics,200000882,A,59,N,Y,2.0,,,,51678
51694,"Coliform, total - % samples exceeding limit",4146,A,16,N,Y,,,,,51694
51698,Nalco H150M,3545,A,59,N,Y,2.0,,,,51698
T3P6C,NOEC Static Renewal 7Day Chronic Pimephales promelas,4677,A,16,,Y,,,,,T3P6C
51695,"1,3-Butadiene",137,A,59,N,Y,2.0,,,,51695
51699,"Phosphorus, Total [Avg Seasonal Load Cap]",5889,A,59,N,Y,1.0,,,,51699
32223,"Chlorophyll A, corrected",11650,A,26,N,Y,,,,,32223
8082D,"BOD, carbonaceous [5 day, 20 C][per discharge]",10107,A,20,N,Y,1.0,,,,8082D
0530D,"Solids, total suspended [per discharge]",10486,A,20,N,Y,1.0,,,,530D
0610D,"Nitrogen, ammonia total [as N] [per discharge]",375,A,20,N,Y,1.0,,,,610D
0625D,"Nitrogen, Kjeldahl, total [as N] [per discharge]",2817,A,20,N,Y,1.0,,,,625D
1027D,"Cadmium, total [as Cd] [per discharge]",776,A,20,N,Y,2.0,,,,1027D
1077D,"Silver, total [as Ag] [per discharge]",3714,A,20,N,Y,2.0,,,,1077D
1092D,"Zinc, total [as Zn] [per discharge]",6352,A,20,N,Y,2.0,,,,1092D
7190D,"Mercury, total [as Hg] [per discharge]",2448,A,20,N,Y,2.0,,,,7190D
73546,Benzo[rst]pentaphene,200001083,A,59,N,Y,2.0,,,,73546
77801,Perylene,200001084,A,59,N,Y,2.0,,,,77801
78122,Benzo[j]fluoranthene,10175,A,59,N,Y,2.0,,,,78122
TRB3Z,% Survival Static 96Hr Acute Americamysis bahia,4677,A,16,N,Y,,% Survival Static 96Hr Acute Americamysis bahia,Uncommon,Uncommon,TRB3Z
51703,Head Loss,99999,A,105,N,Y,,,,,51703
51704,Sewer Backups,99999,A,140,N,Y,,,,,51704
51707,"Oil based fluids, non-aqueous based drilling fluids and cuttings",200001101,A,148,N,N,,,,,51707
51706,Corrosion Inhibitor,200001121,A,59,N,Y,,,,,51706
TYP3C,LOEC Sub-Lethal Reproduction Static Renewal 7 Day Chronic Daphnia magna,4677,A,16,N,Y,,,,,TYP3C
77043,1-Chloropropane,200001141,A,59,N,Y,2.0,,,,77043
TXP3C,LOEC Lethal Survival Static Renewal 7 Day Chronic Daphnia magna,4677,A,16,N,Y,,,,,TXP3C
51711,Whole Effluent Toxicity [WET] - D. pulex,4677,A,151,N,Y,,,,,51711
51712,Whole Effluent Toxicity [WET] - M. beryllina,4677,A,151,N,Y,,,,,51712
51716,Precipitation volume,12114,A,121,N,Y,,,,,51716
51708,Penicillin G Potassium,200001161,A,59,N,Y,2.0,,,,51708
51720,"BOD, carbonaceous, 20-day, % Removal",10861,A,90,Y,Y,1.0,,,,51720
51725,"Flow, in conduit or thru treatment plant",5350,A,163,N,Y,,"Flow, in conduit or thru treatment plant",Flow,Flow,51725
51724,Fish feed used efficiency,200001241,A,90,N,Y,,,,,51724
61423,"Toxicity [chronic], Ceriodaphnia dubia",4245,A,16,N,Y,,,,,61423
TGS3W,Pass/Fail Static 20 Minute Fertilization Chronic Tripneustes gratilla,4677,A,156,N,N,,,,,TGS3W
61424,"Toxicity [chronic], Pimephales promelas [Fathead Minnow]",4245,A,16,N,Y,,,,,61424
0530S,"Solids, total suspended [per season]",10486,A,165,N,Y,1.0,,,,530S
0610S,"Nitrogen, ammonia total [as N] [per season]",375,A,165,N,Y,1.0,,,,610S
0310S,"BOD, 5-day, 20 deg. C [per season]",10178,A,165,N,Y,1.0,,,,310S
3556S,"2,3,7,8-Tetrachlorodibenzo-p-dioxin [per season]",10239,A,165,N,Y,2.0,,,,3556S
0665S,"Phosphorus, total [as P] [per season]",5889,A,165,N,Y,1.0,,,,665S
TCN6L,%Effect Static Renewal 96Hr Acute Atherinops affinis,4677,A,16,N,Y,,,,,TCN6L
TCN6J,%Effect Static Renewal 96Hr Acute Menidia beryllina,4677,A,16,N,Y,,,,,TCN6J
TGK3R,Pass/Fail Static 48Hr Chronic Haliotis rufescens,4677,A,55,N,N,,Pass/Fail Static 48Hr Chronic Haliotis rufescens,Uncommon,Uncommon,TGK3R
TGS3N,Pass/Fail Static 20 Minute Fertilization Chronic Dendraster excentricus,4677,A,55,N,N,,Pass/Fail Static 20 Minute Fertilization Chronic Dendraster excentricus,Uncommon,Uncommon,TGS3N
TGB3Q,Pass/Fail Static 96Hr Acute Holmesimysis costata,4677,A,55,N,N,,,,,TGB3Q
TGS3L,Pass/Fail Static 20 Minute Fertilization Chronic Strongylocentrotus purpuratus,4677,A,55,N,N,,Pass/Fail Static 20 Minute Fertilization Chronic Strongylocentrotus purpuratus,Uncommon,Uncommon,TGS3L
TGB6J,Pass/Fail Static 96Hr Acute Menidia beryllina,4677,A,55,N,N,,,,,TGB6J
51727,Screen Efficiency,200001323,A,16,N,Y,,,,,51727
51730,Fish/Shellfish Impinged,200001326,A,128,N,Y,,,,,51730
51726,Critical Dilution,200001261,A,16,N,N,,,,,51726
51734,Crop yield per day,11118,A,57,N,Y,,,,,51734
TCC1E,%Effect Static 4 Day Chronic Raphidocelis subcapitata,4677,A,16,N,Y,,%Effect Static 4 Day Chronic Raphidocelis subcapitata,Aquatic Toxicity,Aquatic Toxicity,TCC1E
51731,Poly[hexamethylenebiguanide] hydrochloride,200001341,A,59,N,Y,2.0,,,,51731
51736,"Dibenz[a,h]acridine",200001361,A,59,N,Y,2.0,,,,51736
174,"Digester gas, volume",11343,A,121,N,Y,,,,,174
72022,Reservoir storage,12183,A,121,N,Y,,Reservoir storage,Uncommon,Uncommon,72022
51735,"Volume, total",12484,A,121,N,Y,,"Volume, total",Uncommon,Uncommon,51735
51738,"Dibenzo[a,h]pyrene",200001363,A,59,N,Y,2.0,,,,51738
51740,"Magnesium, total [as Mg]",6699,A,124,N,Y,1.0,"Magnesium, total [as Mg]",Uncommon,Uncommon,51740
51742,Coagulants added [mass],11102,A,118,N,Y,,,,,51742
51746,Nonylphenol diethoxylate,200001383,A,59,N,Y,2.0,,,,51746
51718,"2-Ethyl-9,10-Anthraquinone",200001201,A,59,N,Y,2.0,,,,51718
51719,Nitrated Esters [NE],99999,A,59,N,Y,2.0,,,,51719
TGN6I,Pass/Fail Static Renewal 96Hr Acute Oncorhynchus mykiss,4677,A,55,N,N,,Pass/Fail Static Renewal 96Hr Acute Oncorhynchus mykiss,Uncommon,Uncommon,TGN6I
51721,Sodium Tolytriazole,200001202,A,59,N,Y,2.0,,,,51721
158,"Cyanide, free [amenable to chlorine]",5123,A,59,N,Y,2.0,,,,158
51732,Total Production - volume,12429,A,65,N,Y,,,,,51732
TCN3Z,% Effect Static Renewal 96Hr Acute Americamysis bahia,4677,A,16,N,Y,,,,,TCN3Z
TCP6L,%Effect Static Renewal 7 Day Chronic Atherinops affinis,4677,A,16,N,Y,,%Effect Static Renewal 7 Day Chronic Atherinops affinis,Uncommon,Uncommon,TCP6L
8691S,"2,3,7,8-Tetrachlorodibenzofuran [per season]",11181,A,165,N,Y,2.0,,,,8691S
TGP6L,Pass/Fail Static Renewal 7 Day Chronic Atherinops affinis,4677,A,55,N,N,,Pass/Fail Static Renewal 7 Day Chronic Atherinops affinis,Uncommon,Uncommon,TGP6L
TGK1D,Pass/Fail Static 48Hr Chronic Macrocystis pyrifera,4677,A,55,N,N,,Pass/Fail Static 48Hr Chronic Macrocystis pyrifera,Aquatic Toxicity,Aquatic Toxicity,TGK1D
TCK1D,%Effect Static 48Hr Chronic Macrocystis pyrifera,4677,A,16,N,Y,,%Effect Static 48Hr Chronic Macrocystis pyrifera,Uncommon,Uncommon,TCK1D
TCK3R,%Effect Static 48Hr Chronic Haliotis rufescens,4677,A,16,N,Y,,%Effect Static 48Hr Chronic Haliotis rufescens,Uncommon,Uncommon,TCK3R
TCS3N,%Effect Static 20Min Chronic Dendraster excentricus,4677,A,16,N,Y,,%Effect Static 20Min Chronic Dendraster excentricus,Uncommon,Uncommon,TCS3N
TGP6J,Pass/Fail Static Renewal 7 Day Chronic Menidia beryllina,4677,A,55,N,N,,,,,TGP6J
TCS3L,%Effect Static 20Min Chronic Strongylocentrotus purpuratus,4677,A,16,N,Y,,%Effect Static 20Min Chronic Strongylocentrotus purpuratus,Uncommon,Uncommon,TCS3L
TCP6J,%Effect Static Renewal 7 Day Chronic Menidia beryllina,4677,A,16,N,Y,,,,,TCP6J
TGC1E,Pass/Fail Static 4 Day Chronic Raphidocelis subcapitata,4677,A,55,N,N,,Pass/Fail Static 4 Day Chronic Raphidocelis subcapitata,Aquatic Toxicity,Aquatic Toxicity,TGC1E
51728,Screen Area Blockage,200001324,A,164,N,Y,,,,,51728
51729,Intake Velocity Excusions,200001325,A,125,N,Y,,,,,51729
51733,"Iron, ferrous - present",11428,A,148,N,N,,,,,51733
51737,"Dibenzo[a,e]pyrene",200001362,A,59,N,Y,2.0,,,,51737
51739,"Sodium, total [as Na]",6802,A,124,N,Y,1.0,"Sodium, total [as Na]",Uncommon,Uncommon,51739
51741,"Calcium, total [as Ca]",8538,A,124,N,Y,1.0,"Calcium, total [as Ca]",Uncommon,Uncommon,51741
51743,Coagulants added [volume],11102,A,121,N,Y,,,,,51743
51744,Dilantin [Phenytoin],200001381,A,59,N,Y,2.0,,,,51744
51745,Iopromide,200001382,A,59,N,Y,2.0,,,,51745
51747,Meprobamate,200001401,A,59,N,Y,2.0,,,,51747
51748,Trimethoprim,200001408,A,59,N,Y,2.0,,,,51748
51749,Iohexol,200001402,A,59,N,Y,2.0,,,,51749
51750,Nonylphenol monoethoxylate,200001403,A,59,N,Y,2.0,,,,51750
51751,Octylphenol diethoxylate,200001404,A,59,N,Y,2.0,,,,51751
51752,Octylphenol monoethoxylate,200001405,A,59,N,Y,2.0,,,,51752
51753,Sulfamethoxazole,200001406,A,59,N,Y,2.0,,,,51753
51754,Tris[2-chloroethyl] phosphate [TCEP],200001407,A,59,N,Y,2.0,Tris[2-chloroethyl] phosphate [TCEP],Uncommon,Uncommon,51754
TGB6L,Pass/Fail Static 96Hr Acute Atherinops affinis,4677,A,148,N,N,,,,,TGB6L
T2I3D,IC25 Pass/Fail Static 24Hr Acute Daphnia pulex,4677,A,55,N,N,,,,,T2I3D
77548,Chloropicrin,12603,A,59,N,Y,2.0,,,,77548
T2I3E,IC25 Pass/Fail Static 24Hr Acute Americamysis bahia,4677,A,55,N,N,,,,,T2I3E
T6M6C,IC25 Lethal Static Renewal 48HR Acute Pimephales promelas,4677,A,16,N,Y,,,,,T6M6C
T7P6C,IC25 Sub-Lethal Static Renewal 7 Day Chronic Pimephales promelas,4677,A,16,N,Y,,,,,T7P6C
T6P6C,IC25 Lethal Static Renewal 7 Day Chronic Pimephales promelas,4677,A,16,N,Y,,,,,T6P6C
T7P6J,IC25 Sub-Lethal Static Renewal 7 Day Chronic Menidia beryllina,4677,A,16,N,Y,,,,,T7P6J
T6P3E,IC25 Lethal Static Renewal 7 Day Chronic Americamysis bahia,4677,A,16,N,Y,,,,,T6P3E
TYP6J,LOEC Sub-Lethal Reproduction Static Renewal 7 Day Chronic Menidia beryllina,4677,A,16,N,Y,,,,,TYP6J
TXM6J,LOEC Lethal Survival Static Renewal 48HR Acute Menidia beryllina,4677,A,16,N,Y,,,,,TXM6J
TGA6A,Pass/Fail Static 48Hr Acute Cyprinodon variegatus,4677,A,55,N,N,,,,,TGA6A
T5P3B,IC25 Low Flow Pass/Fail Sub-Lethal Static Renewal 7 Day Chronic Ceriodaphnia dubia,4677,A,55,N,N,,IC25 Low Flow Pass/Fail Sub-Lethal Static Renewal 7 Day Chronic Ceriodaphnia dubia,Uncommon,Uncommon,T5P3B
T5P3E,IC25 Low Flow Pass/Fail Sub-Lethal Static Renewal 7 Day Chronic Americamysis bahia,4677,A,55,N,N,,,,,T5P3E
51756,"2,4-Dinitroanisole",200001441,A,59,N,Y,2.0,,,,51756
TCJ3N,%Effect Static 72Hr Chronic Dendraster excentricus,4677,A,16,N,Y,,,,,TCJ3N
TCJ3L,%Effect Static 72Hr Chronic Strongylocentrotus purpuratus,4677,A,16,N,Y,,,,,TCJ3L
TGJ3N,Pass/Fail Static 72Hr Chronic Dendraster excentricus,4677,A,55,N,N,,,,,TGJ3N
TGJ3L,Pass/Fail Static 72Hr Chronic Strongylocentrotus purpuratus,4677,A,55,N,N,,Pass/Fail Static 72Hr Chronic Strongylocentrotus purpuratus,Uncommon,Uncommon,TGJ3L
TGF1C,"Pass/Fail Static 48Hr Chronic, 5-7 Day Rec. Champia parvula",4677,A,55,N,N,,,,,TGF1C
TCF1C,"%Effect Static 48Hr Chronic, 5-7 Day Rec. Champia parvula",4677,A,16,N,Y,,,,,TCF1C
TTF1C,"Static 48 Hr Chronic, 5-7 Day Rec. Champia parvula",4677,A,49,N,Y,,,,,TTF1C
TCK3S,%Effect Static 48Hr Chronic Mytilus Species,4677,A,16,N,Y,,,,,TCK3S
TGK3S,Pass/Fail Static 48Hr Chronic Mytilus Species,4677,A,55,N,N,,,,,TGK3S
TGK3O,Pass/Fail Static 48Hr Chronic Crassostrea gigas,4677,A,55,N,N,,,,,TGK3O
TGP3Q,Pass/Fail Static Renewal 7 Day Chronic Holmesimysis costata,4677,A,55,N,N,,,,,TGP3Q
T6M3C,IC25 Lethal Static Renewal 48HR Acute Daphnia magna,4677,A,16,N,Y,,,,,T6M3C
T4M3B,IC25 Low Flow Pass/Fail Lethal Static Renewal 48Hr Acute Ceriodaphnia dubia,4677,A,55,N,N,,,,,T4M3B
T6M3B,IC25 Lethal Static Renewal 48HR Acute Ceriodaphnia dubia,4677,A,16,N,Y,,,,,T6M3B
T4P3B,IC25 Low Flow Pass/Fail Lethal Static Renewal 7 Day Chronic Ceriodaphnia dubia,4677,A,55,N,N,,,,,T4P3B
T4P6C,IC25 Low Flow Pass/Fail Lethal Static Renewal 7 Day Chronic Pimephales promelas,4677,A,55,N,N,,,,,T4P6C
T4N3C,IC25 Low Flow Pass/Fail Lethal Static Renewal 96Hr Acute Daphnia magna,4677,A,55,N,N,,,,,T4N3C
T6N3C,IC25 Lethal Static Renewal 96Hr Acute Daphnia magna,4677,A,16,N,Y,,,,,T6N3C
T5N3C,IC25 Low Flow Pass/Fail Sub-Lethal Static Renewal 96Hr Acute Daphnia magna,4677,A,55,N,N,,,,,T5N3C
T7N3C,IC25 Sub-Lethal Static Renewal 96Hr Acute Daphnia magna,4677,A,16,N,Y,,,,,T7N3C
T4P3E,IC25 Low Flow Pass/Fail Lethal Static Renewal 7 Day Chronic Americamysis bahia,4677,A,55,N,N,,,,,T4P3E
T4P6J,IC25 Low Flow Pass/Fail Lethal Static Renewal 7 Day Chronic Menidia beryllina,4677,A,55,N,N,,,,,T4P6J
77586,o-Phenylphenol,10507,A,59,N,Y,2.0,,,,77586
46356,Biotic Index,200001521,A,39,N,N,,,,,46356
51760,Galaxolide,200001561,A,59,N,Y,2.0,,,,51760
51761,"TDCPP [Tris[1,3-dichloro-2-propyl] phosphate]",200001562,A,59,N,Y,2.0,"TDCPP [Tris[1,3-dichloro-2-propyl] phosphate]",Uncommon,Uncommon,51761
51762,TCPP [Tris [1-chloro-2-propyl] phosphate],10049,A,59,N,Y,2.0,TCPP [Tris [1-chloro-2-propyl] phosphate],Uncommon,Uncommon,51762
51763,APELs Requested?,99999,A,55,N,N,,,,,51763
51767,"Radium, total",3569,A,9,N,Y,,,,,51767
77631,"3,4-Dinitrotoluene",200001641,A,59,N,Y,2.0,,,,77631
0720A,Cyanide,5123,A,17,N,Y,2.0,Cyanide,Inorganics,Toxic Inorganics,720A
1034A,Chromium,1012,A,17,N,Y,2.0,Chromium,Metals,Chromium,1034A
1092A,Zinc,6352,A,17,N,Y,2.0,Zinc,Metals,Zinc,1092A
7824A,Total Toxic Organics,10487,A,17,N,Y,2.0,,,,7824A
51769,"3,3'-Dimethoxybenzidine",200000582,A,59,N,Y,2.0,,,,51769
78123,"4,4'-Methylenebis[2-chloroaniline]",10117,A,59,N,Y,2.0,,,,78123
73505,2-Propen-1-ol,10053,A,59,N,Y,2.0,,,,73505
51770,"Arsenic, trivalent total",10833,A,59,N,Y,2.0,,,,51770
78884,Oryzalin,10171,A,59,N,Y,2.0,,,,78884
1325,"Algae, suspended",10795,A,133,N,Y,,,,,1325
73647,Thiourea,4078,A,59,N,Y,2.0,,,,73647
51771,Coal ash,10104,A,59,N,Y,,,,,51771
51774,Calcium oxide,11038,A,59,N,Y,1.0,,,,51774
51775,Iron oxide,2218,A,59,N,Y,1.0,,,,51775
51776,Magnesium oxide,10332,A,59,N,Y,1.0,,,,51776
51777,Manganese oxide,200001682,A,59,N,Y,1.0,,,,51777
51778,Phosphorus Pentoxide,200001683,A,59,N,Y,1.0,,,,51778
51779,Potassium oxide,12110,A,59,N,Y,1.0,,,,51779
51780,Silica [Silicone dioxide],3708,A,59,N,Y,1.0,,,,51780
51788,"Flow, discharge",5350,A,66,N,Y,,,,,51788
51790,"Flow, reclamation",5350,A,66,N,Y,,,,,51790
51789,"Flow, irrigation",5350,A,66,N,Y,,,,,51789
51782,Benzopyrene,630,A,59,N,Y,2.0,,,,51782
51783,Fecal Matter,1765,A,59,N,Y,,,,,51783
51784,"Benzene, calculated limit",603,A,59,N,Y,2.0,,,,51784
51785,"Lead, calculated limit",6562,A,59,N,Y,2.0,,,,51785
51786,"Phenol, calculated limit",3321,A,59,N,Y,2.0,,,,51786
51787,"Thallium, calculated limit",4068,A,59,N,Y,2.0,,,,51787
51791,"Heterotrophic bacteria, total",200001721,A,22,N,Y,,,,,51791
51796,Run time,200001762,A,127,N,Y,,,,,51796
T4M6C,IC25 Low Flow Pass/Fail Static Renewal 48Hr Acute Pimephales promelas,4677,A,55,N,N,,,,,T4M6C
T4M6J,IC25 Low Flow Pass/Fail Static Renewal 48Hr Acute Menidia beryllina,4677,A,55,N,N,,,,,T4M6J
T2I6C,IC25 Pass/Fail Static 24Hr Acute Pimephales promelas,4677,A,55,N,N,,,,,T2I6C
T5P6J,IC25 Low Flow Pass/Fail Sub-Lethal Static Renewal 7 Day Chronic Menidia beryllina,4677,A,55,N,N,,,,,T5P6J
T4M3D,IC25 Low Flow Pass/Fail Static Renewal 48Hr Acute Daphnia pulex,4677,A,55,N,N,,,,,T4M3D
T6M3D,IC25 Lethal Static Renewal 48HR Acute Daphnia pulex,4677,A,16,N,Y,,,,,T6M3D
T7P3B,IC25 Sub-Lethal Static Renewal 7 Day Chronic Ceriodaphnia dubia,4677,A,16,N,Y,,,,,T7P3B
T6M6B,IC25 Lethal Static Renewal 48HR Acute Menidia menidia,4677,A,16,N,Y,,,,,T6M6B
T6M3E,IC25 Lethal Static Renewal 48HR Acute Americamysis bahia,4677,A,16,N,Y,,,,,T6M3E
T4M3E,IC25 Low Flow Pass/Fail Static Renewal 48Hr Acute Americamysis bahia,4677,A,55,N,N,,,,,T4M3E
T5P6C,IC25 Low Flow Pass/Fail Sub-Lethal Static Renewal 7 Day Chronic Pimephales promelas,4677,A,55,N,N,,IC25 Low Flow Pass/Fail Sub-Lethal Static Renewal 7 Day Chronic Pimephales promelas,Uncommon,Uncommon,T5P6C
T2I6J,IC25 Pass/Fail Static 24Hr Acute Menidia beryllina,4677,A,55,N,N,,,,,T2I6J
T6P3B,IC25 Lethal Static Renewal 7 Day Chronic Ceriodaphnia dubia,4677,A,16,N,Y,,,,,T6P3B
13503,"Strontium 90, dissolved",12285,A,9,N,Y,,,,,13503
T7P3E,IC25 Sub-Lethal Static Renewal 7 Day Chronic Americamysis bahia,4677,A,16,N,Y,,,,,T7P3E
TXP6J,LOEC Lethal Survival Static Renewal 7 Day Chronic  Menidia beryllina,4677,A,16,N,Y,,,,,TXP6J
T2I3C,IC25 Pass/Fail Static 24Hr Acute Daphnia magna,4677,A,55,N,N,,,,,T2I3C
T4M3C,IC25 Low Flow Pass/Fail Static Renewal 48Hr Acute Daphnia magna,4677,A,55,N,N,,,,,T4M3C
T6P6J,IC25 Lethal Static Renewal 7 Day Chronic Menidia beryllina,4677,A,16,N,Y,,,,,T6P6J
51755,Dixylylethane [DEX],200001421,A,59,N,Y,2.0,,,,51755
TGK3P,Pass/Fail Static 48Hr Chronic Mytilus edulis,4677,A,55,N,N,,,,,TGK3P
TCK3P,%Effect Static 48Hr Chronic Mytilus edulis,4677,A,16,N,Y,,,,,TCK3P
TCK3O,%Effect Static 48Hr Chronic Crassostrea gigas,4677,A,16,N,Y,,,,,TCK3O
TCP3Q,%Effect Static Renewal 7 Day Chronic Holmesimysis costata,4677,A,16,N,Y,,,,,TCP3Q
51757,"Tetrahydroxymethylphosphonium chloride, THPC",200001481,A,59,N,Y,2.0,,,,51757
77736,"1,2,3,4-Tetrachlorobenzene",200001501,A,59,N,Y,2.0,,,,77736
51758,Fipronil,200001541,A,59,N,Y,2.0,Fipronil,Toxic Organics,Toxic Organics,51758
51759,Diclofenac,200001542,A,59,N,Y,2.0,,,,51759
51765,Percent Base Saturation,200001601,A,16,N,N,,,,,51765
51764,Phosphorus Adsorption,5889,A,10,N,N,,,,,51764
51766,Hydroxide,2111,A,59,N,Y,1.0,Hydroxide,Uncommon,Uncommon,51766
51768,"Radium, dissolved",3569,A,9,N,Y,,,,,51768
1105A,Aluminum,360,A,144,N,Y,,Aluminum,Metals,Aluminum,1105A
39140,Creosote [Coal Tar],8418,A,59,N,Y,2.0,,,,39140
81562,Butyraldehyde,10179,A,59,N,Y,2.0,,,,81562
73648,Toluenediamine,10169,A,59,N,Y,2.0,,,,73648
61280,Gasoline,6583,A,59,N,Y,2.0,,,,61280
74206,Soil Erodibility Potential,200001661,A,167,N,N,,,,,74206
26,Toxics,6798,A,59,N,Y,2.0,,,,26
82340,Picric acid,10381,A,59,N,Y,2.0,,,,82340
51772,Aluminum oxide,365,A,59,N,Y,1.0,,,,51772
51773,Barium oxide,200001681,A,59,N,Y,1.0,,,,51773
51781,Sodium oxide,200001685,A,59,N,Y,1.0,,,,51781
82700,Clostridium perfringens,200001701,A,96,N,Y,,,,,82700
601,"Nitrogen, total",2817,A,100,N,Y,1.0,,,,601
51792,Tetramethylammonium chloride,200001741,A,59,N,Y,2.0,,,,51792
51793,"pH range excursions, greater than 30 minutes",10510,A,141,N,Y,,,,,51793
51794,Nitrite + Nitrate total [as N],10354,I,59,N,Y,1.0,Nitrite + Nitrate total [as N],Nutrients,Nitrogen,51794
51795,"Flowing, Receiving Stream",5350,A,148,N,N,,,,,51795
51797,BOD excursions,10178,A,128,N,Y,1.0,,,,51797
51799,Duration of Land Application,11230,A,125,N,Y,,,,,51799
51798,Total Amount Land Applied,200001781,A,121,N,Y,,,,,51798
51800,Nitrotriazolone [NTO],200001801,A,59,N,Y,2.0,,,,51800
51801,"Carbon, dissolved inorganic [as C]",200001821,A,59,N,Y,1.0,"Carbon, dissolved inorganic [as C]",Uncommon,Uncommon,51801
51802,Total K001 Constituents,5498,A,59,N,Y,2.0,,,,51802
1105T,Aluminum [total],360,A,118,N,Y,1.0,,,,1105T
1045T,Iron [total],2215,A,118,N,Y,1.0,,,,1045T
1055T,Manganese [total],2423,A,118,N,Y,1.0,,,,1055T
51803,Mixing Zone,200001841,A,16,N,Y,,,,,51803
0665C,"Phosphorus, total [as P] [credit]",5889,A,59,N,Y,1.0,,,,665C
0600C,"Nitrogen, total [as N] [credit]",2817,A,59,N,Y,1.0,,,,600C
0600A,"Nitrogen, total [as N] [adjusted]",2817,A,59,N,Y,1.0,,,,600A
0600D,"Nitrogen, total [as N] [delivered]",2817,A,59,N,Y,1.0,,,,600D
51804,Nalco 3D TRASAR 3DT289,12503,A,59,N,Y,,,,,51804
51805,Nalco TRAC107 PLUS,12503,A,59,N,Y,,,,,51805
51806,Dimethyldiallylammonium chloride,200001861,A,59,N,Y,2.0,,,,51806
51807,Poly[diallyldimethylammonium chloride],200001881,A,59,N,Y,2.0,,,,51807
51808,Potassium aluminum sulfate [Alum],200001901,A,59,N,Y,1.0,,,,51808
73622,2-Methyl-5-nitrobenzenamine,320001941,A,59,N,Y,2.0,,,,73622
47006,Bacteria,558,A,96,N,Y,,,,,47006
51811,"Observation, Manatees",320001981,A,169,N,Y,,,,,51811
51816,"RCRA/CERCLA substances, 40 CFR 264 App IX",99999,A,59,N,Y,,,,,51816
51817,"1,2-Dinitrobenzene",320002061,A,59,N,Y,2.0,,,,51817
51818,Vibrio cholerae,320002081,A,96,N,Y,,,,,51818
51819,Organisms greater than or equal to 50 micrometers,3159,A,96,N,Y,,,,,51819
51820,Organisms less than 50 micrometers and greater than or equal to 10 micrometers,3159,A,96,N,Y,,,,,51820
51821,Wetlands Monitoring,320002101,A,156,N,N,,,,,51821
51867,"Polychlorinated biphenyls [PCBs], sum of Aroclors",10001,A,59,N,Y,2.0,"Polychlorinated biphenyls [PCBs], sum of Aroclors",Inorganics,Disinfectants,51867
51868,Mercury minimization,2448,A,156,N,N,,,,,51868
51871,Oil-Based Defoamer,320002241,A,59,N,Y,1.0,,,,51871
51813,Chlorinated benzenes,320002021,A,59,N,Y,2.0,,,,51813
51815,Grease,1956,A,156,N,N,1.0,,,,51815
51822,"2,2',5-TrCB , PCB-18  congener",320002102,A,59,,Y,2.0,"2,2',5-TrCB , PCB-18  congener",Uncommon,Uncommon,51822
51823," 2,4,4'-TrCB, PCB-28  congener",320002103,A,59,,Y,2.0," 2,4,4'-TrCB, PCB-28  congener",Uncommon,Uncommon,51823
51824,"3,4,4'-TrCB , PCB-37  congener",320002104,A,59,,Y,2.0,"3,4,4'-TrCB , PCB-37  congener",Uncommon,Uncommon,51824
51825,"2,2',3,5'-TeCB, PCB-44  congener",320002105,A,59,,Y,2.0,"2,2',3,5'-TeCB, PCB-44  congener",Uncommon,Uncommon,51825
51826,"2,2',4,5'-TeCB , PCB-49  congener",320002106,A,59,,Y,2.0,"2,2',4,5'-TeCB , PCB-49  congener",Uncommon,Uncommon,51826
51827,"2,2',5,5'-TeCB, PCB-52  congener",320002107,A,59,,Y,2.0,"2,2',5,5'-TeCB, PCB-52  congener",Uncommon,Uncommon,51827
51828,"2,3',4,4'-TeCB, PCB-66  congener",320002108,A,59,,Y,2.0,"2,3',4,4'-TeCB, PCB-66  congener",Uncommon,Uncommon,51828
51829,"2,3',4',5-TeCB , PCB-70  congener",320002109,A,59,,Y,2.0,"2,3',4',5-TeCB , PCB-70  congener",Uncommon,Uncommon,51829
51830,"2,4,4',5-TeCB , PCB-74  congener",320002110,A,59,,Y,2.0,"2,4,4',5-TeCB , PCB-74  congener",Uncommon,Uncommon,51830
51831,"3,3',4,4'-TeCB, PCB-77  congener",10622,A,59,,Y,2.0,"3,3',4,4'-TeCB, PCB-77  congener",Uncommon,Uncommon,51831
51832,"3,4,4',5-TeCB, PCB-81  congener",10623,A,59,,Y,2.0,"3,4,4',5-TeCB, PCB-81  congener",Uncommon,Uncommon,51832
51833,"2,2',3,4,5'-PeCB , PCB-87  congener",320002111,A,59,,Y,2.0,"2,2',3,4,5'-PeCB , PCB-87  congener",Uncommon,Uncommon,51833
51834,"2,2',4,4',5-PeCB , PCB-99  congener",320002112,A,59,,Y,2.0,"2,2',4,4',5-PeCB , PCB-99  congener",Uncommon,Uncommon,51834
51835,"2,2',4,5,5'-PeCB, PCB-101  congener",320002113,A,59,,Y,2.0,"2,2',4,5,5'-PeCB, PCB-101  congener",Uncommon,Uncommon,51835
51836,"2,3,3',4,4'-PeCB, PCB-105  congener",10618,A,59,,Y,2.0,"2,3,3',4,4'-PeCB, PCB-105  congener",Uncommon,Uncommon,51836
51837,"2,3,3',4',6-PeCB , PCB-110  congener",320002114,A,59,,Y,2.0,"2,3,3',4',6-PeCB , PCB-110  congener",Uncommon,Uncommon,51837
51838,"2,3,4,4',5-PeCB, PCB-114  congener",10619,A,59,,Y,2.0,"2,3,4,4',5-PeCB, PCB-114  congener",Uncommon,Uncommon,51838
51839,"2,3',4,4',5-PeCB, PCB-118  congener",10614,A,59,,Y,2.0,"2,3',4,4',5-PeCB, PCB-118  congener",Uncommon,Uncommon,51839
51840,"2,3',4,4',6-PeCB , PCB-119  congener",320002115,A,59,,Y,2.0,"2,3',4,4',6-PeCB , PCB-119  congener",Uncommon,Uncommon,51840
51841,"2',3,4,4',5-PeCB, PCB-123  congener",10612,A,59,,Y,2.0,"2',3,4,4',5-PeCB, PCB-123  congener",Uncommon,Uncommon,51841
51842,"3,3',4,4',5-PeCB, PCB-126  congener",10621,A,59,,Y,2.0,"3,3',4,4',5-PeCB, PCB-126  congener",Uncommon,Uncommon,51842
51843,"2,2',3,3',4,4'-HxCB, PCB-128  congener",320002116,A,59,,Y,2.0,"2,2',3,3',4,4'-HxCB, PCB-128  congener",Uncommon,Uncommon,51843
51844,"2,2',3,4,4',5'-HxCB, PCB-138  congener",320002117,A,59,,Y,2.0,"2,2',3,4,4',5'-HxCB, PCB-138  congener",Uncommon,Uncommon,51844
51845,"2,2',3,4',5',6-HxCB , PCB-149  congener",320002118,A,59,,Y,2.0,"2,2',3,4',5',6-HxCB , PCB-149  congener",Uncommon,Uncommon,51845
51846,"2,2',3,5,5',6-HxCB , PCB-151  congener",320002119,A,59,,Y,2.0,"2,2',3,5,5',6-HxCB , PCB-151  congener",Uncommon,Uncommon,51846
51847,"2,2',4,4',5,5'-HxCB, PCB-153  congener",320002120,A,59,,Y,2.0,"2,2',4,4',5,5'-HxCB, PCB-153  congener",Uncommon,Uncommon,51847
51848,"2,3,3',4,4',5-HxCB, PCB-156  congener",10617,A,59,,Y,2.0,"2,3,3',4,4',5-HxCB, PCB-156  congener",Uncommon,Uncommon,51848
51849,"2,3,3',4,4',5'-HxCB, PCB-157  congener",10615,A,59,,Y,2.0,"2,3,3',4,4',5'-HxCB, PCB-157  congener",Uncommon,Uncommon,51849
51850,"2,3,3',4,4',6-HxCB , PCB-158  congener",320002121,A,59,,Y,2.0,"2,3,3',4,4',6-HxCB , PCB-158  congener",Uncommon,Uncommon,51850
51851,"2,3',4,4',5,5'-HxCB, PCB-167  congener",10613,A,59,,Y,2.0,"2,3',4,4',5,5'-HxCB, PCB-167  congener",Uncommon,Uncommon,51851
51852,"2,3',4,4',5',6-HxCB , PCB-168  congener",320002122,A,59,,Y,2.0,"2,3',4,4',5',6-HxCB , PCB-168  congener",Uncommon,Uncommon,51852
51853,"2,2',3,3',4,4',5-HpCB, PCB-170  congener",320002123,A,59,,Y,2.0,"2,2',3,3',4,4',5-HpCB, PCB-170  congener",Uncommon,Uncommon,51853
51854,"2,2',3,3',4',5,6-HpCB , PCB-177  congener",320002124,A,59,,Y,2.0,"2,2',3,3',4',5,6-HpCB , PCB-177  congener",Uncommon,Uncommon,51854
51855,"2,2',3,4,4',5,5'-HpCB, PCB-180  congener",320002125,A,59,,Y,2.0,"2,2',3,4,4',5,5'-HpCB, PCB-180  congener",Uncommon,Uncommon,51855
51856,"2,2',3,4,4',5',6-HpCB , PCB-183  congener",320002126,A,59,,Y,2.0,"2,2',3,4,4',5',6-HpCB , PCB-183  congener",Uncommon,Uncommon,51856
51857,"2,2',3,4,4',6,6'-HpCB , PCB-184  congener",320002127,A,59,,Y,2.0,,,,51857
51858,"2,2',3,4',5,5',6-HpCB, PCB-187  congener",320002128,A,59,,Y,2.0,"2,2',3,4',5,5',6-HpCB, PCB-187  congener",Uncommon,Uncommon,51858
51859,"2,3,3',4,4',5,5'-HpCB, PCB-189  congener",10616,A,59,,Y,2.0,"2,3,3',4,4',5,5'-HpCB, PCB-189  congener",Uncommon,Uncommon,51859
51860,"2,2',3,3',4,4',5,5'-OcCB , PCB-194  congener",320002129,A,59,,Y,2.0,"2,2',3,3',4,4',5,5'-OcCB , PCB-194  congener",Uncommon,Uncommon,51860
51861,"2,2',3,3',4,5',6,6'-OcCB , PCB-201  congener",320002130,A,59,,Y,2.0,"2,2',3,3',4,5',6,6'-OcCB , PCB-201  congener",Uncommon,Uncommon,51861
51862,"2,2',3,3',4,4',5,5',6-NoCB, PCB-206  congener",320002131,A,59,,Y,2.0,"2,2',3,3',4,4',5,5',6-NoCB, PCB-206  congener",Uncommon,Uncommon,51862
51863,Number of connections,1,A,128,N,Y,,,,,51863
51870,Mineral Spirits - Odorless,320002221,A,59,N,Y,2.0,,,,51870
51864,"DDT/DDD/DDE, sum of p,p' isomers",320002181,A,59,N,Y,2.0,,,,51864
51872,Polydimethylsiloxanes,320002242,A,59,N,Y,2.0,,,,51872
51866,"Polychlorinated biphenyls [PCBs], sum of congeners",10001,A,59,N,Y,2.0,"Polychlorinated biphenyls [PCBs], sum of congeners",Uncommon,Uncommon,51866
51869,Imazamox,320002201,A,59,N,Y,2.0,Imazamox,Uncommon,Uncommon,51869
8082L,"BOD, carbonaceous [5 day, 20 C][load]",10107,A,118,N,Y,1.0,,,,8082L
51812,Sediment Oxygen Demand,320002001,A,59,N,Y,,,,,51812
51810,Bacteria - % samples exceeding limit,558,A,16,N,Y,,,,,51810
51809,Pathogens,3159,A,96,N,Y,,Pathogens,Pathogens,Pathogens,51809
3785,Benzofluoranthene,320001961,A,59,N,Y,1.0,,,,3785
51814,Cymene,320002041,A,59,N,Y,2.0,,,,51814
51865,"Sulfates, total [as SO4]",3907,A,59,N,Y,1.0,,,,51865
51873,"Polychlorinated biphenyls [PCBs], sum of Aroclors and Congeners",10001,A,59,N,Y,2.0,,,,51873
0929E,"Sodium,total [mEq/l]",6802,A,172,N,Y,1.0,,,,929E
0925E,"Magnesium, dissolved [mEq/l]",6699,A,172,N,Y,1.0,,,,925E
480PS,Salinity [PSU],12192,A,175,N,Y,,,,,480PS
51915,"Fluoride, total [as F] [Can Production]",1822,A,179,N,Y,1.0,,,,51915
51896,"3,3',4,4',5,5'-HxCB,PCB-169 congener",10620,A,59,N,Y,2.0,"3,3',4,4',5,5'-HxCB,PCB-169 congener",Uncommon,Uncommon,51896
51904,Inorganic Pollutants,2200,A,59,N,Y,1.0,,,,51904
51909,Chloronaphthalene,320002522,A,59,N,Y,2.0,,,,51909
51910,N-Nitrosodiethanolamine,320002521,A,59,N,Y,2.0,,,,51910
51916,"Phosphorus, total [as P] [Can Production]",5889,A,179,N,Y,1.0,,,,51916
51918,"Solids, total suspended [Can Production]",10486,A,179,N,Y,1.0,,,,51918
51919,"Manganese, total [as Mn] [Can Production]",2423,A,179,N,Y,1.0,,,,51919
51921,Can Production,12429,A,180,N,Y,,,,,51921
0665D,"Phosphorus, total [as P] [delivered]",5889,A,59,N,Y,1.0,,,,665D
1119A,"Copper, total recoverable",1165,A,17,N,Y,2.0,"Copper, total recoverable",Metals,Copper,1119A
7190A,"Mercury, total recoverable",2448,A,17,N,Y,2.0,"Mercury, total recoverable",Metals,Mercury,7190A
8247A,"Chromium, hexavalent tot recoverable",10214,A,17,N,Y,2.0,"Chromium, hexavalent tot recoverable",Uncommon,Uncommon,8247A
51925,"SSO, Dry Weather",3697,A,166,N,Y,,,,,51925
TGG3W,Pass/Fail Static 1Hr Fertilization Test Chronic Tripneustes gratilla,4677,A,156,N,N,,,,,TGG3W
TLP6J,Low Flow Pass/Fail Survival Test Static Renewal 7 Day Chronic Menidia beryllina,4677,A,55,N,N,,,,,TLP6J
51940,Miscellaneous Discharges [Pipeline Brine] [Free Oil],11681,A,129,N,Y,,,,,51940
51874,Beta/photon emitters,320002261,A,48,N,Y,,Beta/photon emitters,Other,Other,51874
51875,Total Production - area,12429,A,171,N,Y,,,,,51875
TCN1E,%Effect Static Renewal 96Hr Acute Raphidocelis subcapita,4677,A,16,N,Y,,,,,TCN1E
51899,Stream Velocity,12283,A,177,N,N,,,,,51899
51878,Butyl Acrylate,10061,A,59,N,Y,2.0,,,,51878
51898,Stream Level,12499,A,176,N,N,,,,,51898
51903,Specific Oxygen Update Rate [SOUR],320002481,A,178,N,Y,1.0,,,,51903
51912,"Aluminum, total [as Al] [Can Production]",360,A,179,N,Y,1.0,,,,51912
51913,"Chromium, total [as Cr] [Can Production]",1012,A,179,N,Y,2.0,,,,51913
TEM6J,Low Flow Pass/Fail Static Renewal 48Hr Acute Menidia beryllina,4677,A,55,N,N,,,,,TEM6J
TOP6J,NOEC Lethal Static Renewal 7 Day Chronic Menidia beryllina,4677,A,16,N,Y,,,,,TOP6J
TQM6J,Coef Of Var Static Renewal 48Hr Acute Menidia beryllina,4677,A,16,N,Y,,,,,TQM6J
TQP6J,Coef Of Var Static Renewal 7Day Chronic Menidia beryllina,4677,A,16,N,Y,,,,,TQP6J
WAN3B,"Acute Mthd Survival Endpt, TSTaHo R/nR Pass/Fail, StatR96hr C dubia",4677,A,55,,,,,,,WAN3B
WAN3C,"Acute Mthd Survival Endpt, TSTaHo R/nR Pass/Fail, StatR96hr D magna",4677,A,55,,,,,,,WAN3C
WAN3E,"Acute Mthd Survival Endpt, TSTaHo R/nR Pass/Fail, StatR96hr A bahia",4677,A,55,,,,,,,WAN3E
WAN3Q,"Acute Mthd Survival Endpt, TSTaHo R/nR Pass/Fail, StatR96hr H costata",4677,A,55,,,,,,,WAN3Q
WAN3Y,"Acute Mthd Survival Endpt, TSTaHo R/nR Pass/Fail, StatR96hr H azteca",4677,A,55,,,,,,,WAN3Y
WAN6N,"Acute Mthd Survival Endpt, TSTaHo R/nR Pass/Fail, StatR96hr S fontinalis",4677,A,55,,,,,,,WAN6N
WAN6I,"Acute Mthd Survival Endpt, TSTaHo R/nR Pass/Fail, StatR96hr O mykiss",4677,A,55,,,,,,,WAN6I
WAN6C,"Acute Mthd Survival Endpt, TSTaHo R/nR Pass/Fail, StatR96hr P promelas",4677,A,55,,,,,,,WAN6C
WAN6J,"Acute Mthd Survival Endpt, TSTaHo R/nR Pass/Fail, StatR96hr M beryllina",4677,A,55,,,,,,,WAN6J
WAN6L,"Acute Mthd Survival Endpt, TSTaHo R/nR Pass/Fail, StatR96hr A affinis",4677,A,55,,,,,,,WAN6L
WB13B,"Chronic Mthd Sublethal Endpt, TSTcHo R/nR Pass/Fail, StatR8dmax C dubia",4677,A,55,,,,,,,WB13B
WB23L,"Chronic Mthd Sublethal Endpt, TSTcHo R/nR Pass/Fail, Static72hr S purpuratus",4677,A,55,,,,,,,WB23L
WB23N,"Chronic Mthd Sublethal Endpt, TSTcHo R/nR Pass/Fail, Static72hr D excentricus",4677,A,55,,,,,,,WB23N
WBK3O,"Chronic Mthd Sublethal Endpt, TSTcHo R/nR Pass/Fail, Static48hr C gigas",4677,A,55,,,,,,,WBK3O
WBK3R,"Chronic Mthd Sublethal Endpt, TSTcHo R/nR Pass/Fail, Static48hr H rufescens",4677,A,55,,,,,,,WBK3R
WBK3S,"Chronic Mthd Sublethal Endpt, TSTcHo R/nR Pass/Fail, Static48hr Mytilus spp",4677,A,55,,,,,,,WBK3S
WB33L,"Chronic Mthd Sublethal Endpt, TSTcHo R/nR Pass/Fail, Static40min S purpuratus",4677,A,55,,,,,,,WB33L
WB33N,"Chronic Mthd Sublethal Endpt, TSTcHo R/nR Pass/Fail, Static40min D excentricus",4677,A,55,,,,,,,WB33N
WB43W,"Chronic Mthd Sublethal Endpt, TSTcHo R/nR Pass/Fail, Static80min T gratilla",4677,A,55,,,,,,,WB43W
WLK1D,"Chronic Mthd Sublethal Endpt Germination, TSTcHo R/nR Pass/Fail, Static48hr M pyrifera",4677,A,55,,,,,,,WLK1D
WMK1D,"Chronic Mthd Sublethal Endpt Germ Tube Length, TSTcHo R/nR Pass/Fail, Static48hr M pyrifera",4677,A,55,,,,,,,WMK1D
WBP3E,"Chronic Mthd Sublethal Endpt, TSTcHo R/nR Pass/Fail, StatR7d A bahia",4677,A,55,,,,"Chronic Mthd Sublethal Endpt, TSTcHo R/nR Pass/Fail, StatR7d A bahia",Uncommon,Uncommon,WBP3E
WBP3Q,"Chronic Mthd Sublethal Endpt, TSTcHo R/nR Pass/Fail, StatR7d H costata",4677,A,55,,,,,,,WBP3Q
WBP6C,"Chronic Mthd Sublethal Endpt, TSTcHo R/nR Pass/Fail, StatR7d P promelas",4677,A,55,,,,,,,WBP6C
WBP6J,"Chronic Mthd Sublethal Endpt, TSTcHo R/nR Pass/Fail, StatR7d M beryllina",4677,A,55,,,,,,,WBP6J
WBP6L,"Chronic Mthd Sublethal Endpt, TSTcHo R/nR Pass/Fail, StatR7d A affinis",4677,A,55,,,,,,,WBP6L
WBR1E,"Chronic Mthd Sublethal Endpt, TSTcHo R/nR Pass/Fail, Static96hr R subcapitata",4677,A,55,,,,,,,WBR1E
WC13B,"Chronic Mthd Sublethal Endpt, %Effect, Median TSTcHo R/nR Pass/Fail, StatR8dmax C dubia",4677,A,182,,Y,,"Chronic Mthd Sublethal Endpt, %Effect, Median TSTcHo R/nR Pass/Fail, StatR8dmax C dubia",Aquatic Toxicity,Aquatic Toxicity,WC13B
WCP3E,"Chronic Mthd Sublethal Endpt, %Effect, Median TSTcHo R/nR Pass/Fail, StatR7d A bahia",4677,A,182,,Y,,,,,WCP3E
WCP3Q,"Chronic Mthd Sublethal Endpt, %Effect, Median TSTcHo R/nR Pass/Fail, StatR7d H costata",4677,A,182,,Y,,,,,WCP3Q
WCP6C,"Chronic Mthd Sublethal Endpt, %Effect, Median TSTcHo R/nR Pass/Fail, StatR7d P promelas",4677,A,182,,Y,,"Chronic Mthd Sublethal Endpt, %Effect, Median TSTcHo R/nR Pass/Fail, StatR7d P promelas",Aquatic Toxicity,Aquatic Toxicity,WCP6C
WCP6J,"Chronic Mthd Sublethal Endpt, %Effect, Median TSTcHo R/nR Pass/Fail, StatR7d M beryllina",4677,A,182,,Y,,,,,WCP6J
WCP6L,"Chronic Mthd Sublethal Endpt, %Effect, Median TSTcHo R/nR Pass/Fail, StatR7d A affinis",4677,A,182,,Y,,"Chronic Mthd Sublethal Endpt, %Effect, Median TSTcHo R/nR Pass/Fail, StatR7d A affinis",Uncommon,Uncommon,WCP6L
WDN3B,"Acute Mthd Survival Endpt, %Effect, Median TSTaHo R/nR Pass/Fail, StatR96hr C dubia",4677,A,182,,Y,,"Acute Mthd Survival Endpt, %Effect, Median TSTaHo R/nR Pass/Fail, StatR96hr C dubia",Uncommon,Uncommon,WDN3B
WDN3C,"Acute Mthd Survival Endpt, %Effect, Median TSTaHo R/nR Pass/Fail, StatR96hr D magna",4677,A,182,,Y,,,,,WDN3C
WDN3D,"Acute Mthd Survival Endpt, %Effect, Median TSTaHo R/nR Pass/Fail, StatR96hr D pulex",4677,A,182,,Y,,,,,WDN3D
WDN3E,"Acute Mthd Survival Endpt, %Effect, Median TSTaHo R/nR Pass/Fail, StatR96hr A bahia",4677,A,182,,Y,,"Acute Mthd Survival Endpt, %Effect, Median TSTaHo R/nR Pass/Fail, StatR96hr A bahia",Uncommon,Uncommon,WDN3E
WDN3Q,"Acute Mthd Survival Endpt, %Effect, Median TSTaHo R/nR Pass/Fail, StatR96hr H costata",4677,A,182,,Y,,"Acute Mthd Survival Endpt, %Effect, Median TSTaHo R/nR Pass/Fail, StatR96hr H costata",Uncommon,Uncommon,WDN3Q
WDN3Y,"Acute Mthd Survival Endpt, %Effect, Median TSTaHo R/nR Pass/Fail, StatR96hr H azteca",4677,A,182,,Y,,,,,WDN3Y
WDN6A,"Acute Mthd Survival Endpt, %Effect, Median TSTaHo R/nR Pass/Fail, StatR96hr C variegatus",4677,A,182,,Y,,"Acute Mthd Survival Endpt, %Effect, Median TSTaHo R/nR Pass/Fail, StatR96hr C variegatus",Uncommon,Uncommon,WDN6A
WDN6C,"Acute Mthd Survival Endpt, %Effect, Median TSTaHo R/nR Pass/Fail, StatR96hr P promelas",4677,A,182,,Y,,"Acute Mthd Survival Endpt, %Effect, Median TSTaHo R/nR Pass/Fail, StatR96hr P promelas",Uncommon,Uncommon,WDN6C
WDN6H,"Acute Mthd Survival Endpt, %Effect, Median TSTaHo R/nR Pass/Fail, StatR96hr C leedsi",4677,A,182,,Y,,,,,WDN6H
WDN6I,"Acute Mthd Survival Endpt, %Effect, Median TSTaHo R/nR Pass/Fail, StatR96hr O mykiss",4677,A,182,,Y,,"Acute Mthd Survival Endpt, %Effect, Median TSTaHo R/nR Pass/Fail, StatR96hr O mykiss",Uncommon,Uncommon,WDN6I
WDN6J,"Acute Mthd Survival Endpt, %Effect, Median TSTaHo R/nR Pass/Fail, StatR96hr M beryllina",4677,A,182,,Y,,"Acute Mthd Survival Endpt, %Effect, Median TSTaHo R/nR Pass/Fail, StatR96hr M beryllina",Aquatic Toxicity,Aquatic Toxicity,WDN6J
WDN6L,"Acute Mthd Survival Endpt, %Effect, Median TSTaHo R/nR Pass/Fail, StatR96hr A affinis",4677,A,182,,Y,,"Acute Mthd Survival Endpt, %Effect, Median TSTaHo R/nR Pass/Fail, StatR96hr A affinis",Aquatic Toxicity,Aquatic Toxicity,WDN6L
26503,Thorium-234 [Radioactivity Concentration],12609,A,9,N,Y,,,,,26503
51880,Microcystin,320002381,A,10,N,Y,,,,,51880
0927E,"Magnesium, total [mEq/l]",6699,A,172,N,Y,1.0,,,,927E
51882,Date Dewatering Began,320002403,A,173,N,N,,,,,51882
51890,Process 4 Product Output,320002402,A,57,N,Y,,,,,51890
51891,Process 5 Product Output,320002402,A,57,N,Y,,,,,51891
51897,"Copper, calculated limit",1165,A,59,N,Y,2.0,,,,51897
51901,Date Discharge Began,1485,A,173,N,N,,,,,51901
46487,"BOD, 120 Day, 20 Degrees C",320002461,A,59,N,Y,1.0,,,,46487
TGB3E,Pass/Fail Static 96HR Acute Americamysis bahia,4677,A,55,N,Y,,Pass/Fail Static 96HR Acute Americamysis bahia,Uncommon,Uncommon,TGB3E
51907,Specific conductance [umho/cm],12263,A,6,N,Y,,,,,51907
51922,Alkalinity - Acidity [as CaCO3],10801,A,59,N,Y,1.0,,,,51922
51930,Annual Certification Statement,320002641,A,55,N,N,,,,,51930
T8K1D,% Effect/ Pass/Fail Static 48HR Chronic Macrocystis pyrifera,4677,A,182,N,Y,,,,,T8K1D
T8K3R,% Effect/ Pass/Fail Static 48HR Chronic Haliotis rufescens,4677,A,182,N,Y,,,,,T8K3R
22606,Uranium-234,320002681,A,9,N,Y,,,,,22606
51944,Quarterly Certification Statement,320002641,A,55,N,N,,,,,51944
51934,Plutonium-239 and Plutonium-240 combined,320002741,A,9,N,Y,,,,,51934
51936,Total Toxic Organics [TTO] Non-Use Certification,320002641,A,55,N,N,,,,,51936
WDN6N,"Acute Mthd Survival Endpt, %Effect, Median TSTaHo R/nR Pass/Fail, StatR96hr S fontinalis",4677,A,182,,Y,,,,,WDN6N
WEP3E,"Chronic Mthd, Survival Endpt %Effect, Growth Endpt Median TSTcHo R/nR Pass/Fail, StatR7d A bahia",4677,A,182,,Y,,"Chronic Mthd, Survival Endpt %Effect, Growth Endpt Median TSTcHo R/nR Pass/Fail, StatR7d A bahia",Aquatic Toxicity,Aquatic Toxicity,WEP3E
WEP3Q,"Chronic Mthd, Survival Endpt %Effect, Growth Endpt Median TSTcHo R/nR Pass/Fail, StatR7d H costata",4677,A,182,,Y,,"Chronic Mthd, Survival Endpt %Effect, Growth Endpt Median TSTcHo R/nR Pass/Fail, StatR7d H costata",Uncommon,Uncommon,WEP3Q
WEP6C,"Chronic Mthd, Survival Endpt %Effect, Growth Endpt Median TSTcHo R/nR Pass/Fail, StatR7d P promelas",4677,A,182,,Y,,"Chronic Mthd, Survival Endpt %Effect, Growth Endpt Median TSTcHo R/nR Pass/Fail, StatR7d P promelas",Aquatic Toxicity,Aquatic Toxicity,WEP6C
WEP6J,"Chronic Mthd, Survival Endpt %Effect, Growth Endpt Median TSTcHo R/nR Pass/Fail, StatR7d M beryllina",4677,A,182,,Y,,"Chronic Mthd, Survival Endpt %Effect, Growth Endpt Median TSTcHo R/nR Pass/Fail, StatR7d M beryllina",Uncommon,Uncommon,WEP6J
WEP6L,"Chronic Mthd, Survival Endpt %Effect, Growth Endpt Median TSTcHo R/nR Pass/Fail, StatR7d A affinis",4677,A,182,,Y,,"Chronic Mthd, Survival Endpt %Effect, Growth Endpt Median TSTcHo R/nR Pass/Fail, StatR7d A affinis",Aquatic Toxicity,Aquatic Toxicity,WEP6L
WF13B,"Chronic Mthd, Survival Endpt %Effect, Reprod Endpt Median TSTcHo R/nR Pass/Fail, StatR8dmax C dubia",4677,A,182,,Y,,"Chronic Mthd, Survival Endpt %Effect, Reprod Endpt Median TSTcHo R/nR Pass/Fail, StatR8dmax C dubia",Aquatic Toxicity,Aquatic Toxicity,WF13B
WGR1E,"Chronic Mthd Growth Endpt, %Effect, Median TSTcHo R/nR Pass/Fail, Static96hr R subcapitata",4677,A,182,,Y,,"Chronic Mthd Growth Endpt, %Effect, Median TSTcHo R/nR Pass/Fail, Static96hr R subcapitata",Aquatic Toxicity,Aquatic Toxicity,WGR1E
WHK3O,"Chronic Mthd Larval Development Endpt, %Effect, Median TSTcHo R/nR Pass/Fail, Static48hr C gigas",4677,A,182,,Y,,"Chronic Mthd Larval Development Endpt, %Effect, Median TSTcHo R/nR Pass/Fail, Static48hr C gigas",Uncommon,Uncommon,WHK3O
WHK3R,"Chronic Mthd Larval Development Endpt, %Effect, Median TSTcHo R/nR Pass/Fail, Static48hr H rufescens",4677,A,182,,Y,,"Chronic Mthd Larval Development Endpt, %Effect, Median TSTcHo R/nR Pass/Fail, Static48hr H rufescens",Aquatic Toxicity,Aquatic Toxicity,WHK3R
WHK3S,"Chronic Mthd Larval Development Endpt, %Effect, Median TSTcHo R/nR Pass/Fail, Static48hr Mytilus spp",4677,A,182,,Y,,"Chronic Mthd Larval Development Endpt, %Effect, Median TSTcHo R/nR Pass/Fail, Static48hr Mytilus spp",Uncommon,Uncommon,WHK3S
WI33L,"Chronic Mthd Fertilization Endpt, %Effect, Median TSTcHo R/nR Pass/Fail, Static40min S purpuratus",4677,A,182,,Y,,"Chronic Mthd Fertilization Endpt, %Effect, Median TSTcHo R/nR Pass/Fail, Static40min S purpuratus",Aquatic Toxicity,Aquatic Toxicity,WI33L
WI33N,"Chronic Mthd Fertilization Endpt, %Effect, Median TSTcHo R/nR Pass/Fail, Static40min D excentricus",4677,A,182,,Y,,"Chronic Mthd Fertilization Endpt, %Effect, Median TSTcHo R/nR Pass/Fail, Static40min D excentricus",Uncommon,Uncommon,WI33N
WJK1D,"Chronic Mthd Germination Endpt, %Effect, Median TSTcHo R/nR Pass/Fail, Static48hr M pyrifera",4677,A,182,,Y,,"Chronic Mthd Germination Endpt, %Effect, Median TSTcHo R/nR Pass/Fail, Static48hr M pyrifera",Aquatic Toxicity,Aquatic Toxicity,WJK1D
WKK1D,"Chronic Mthd Germ Tube Length Endpt, %Effect, Median TSTcHo R/nR Pass/Fail, Static48hr M pyrifera",4677,A,182,,Y,,"Chronic Mthd Germ Tube Length Endpt, %Effect, Median TSTcHo R/nR Pass/Fail, Static48hr M pyrifera",Aquatic Toxicity,Aquatic Toxicity,WKK1D
26513,Lead-212 [Radioactivity Concentration],12607,A,9,N,Y,,,,,26513
51902,Number of Consecutive Exceedances,1,A,128,N,Y,,,,,51902
51900,Precious Metals Produced,320002441,A,59,N,Y,2.0,,,,51900
TCB6A,% Effect Static 96HR Acute Cyprinodeon variegas,4677,A,16,N,Y,,% Effect Static 96HR Acute Cyprinodeon variegas,Uncommon,Uncommon,TCB6A
51917,Oil and grease [Can Production],10364,A,179,N,Y,1.0,,,,51917
51911,Total PFOA and PFOS,320002541,A,59,N,Y,2.0,,,,51911
51920,"Organics, total toxic [TTO] [Can Production]",10487,A,179,N,Y,2.0,,,,51920
51924,"2,3,5,6-Tetrachlorophenol",320002561,A,59,N,Y,2.0,,,,51924
0978A,"Arsenic, total recoverable",467,A,17,N,Y,2.0,"Arsenic, total recoverable",Metals,Arsenic,978A
1094A,"Zinc, total recoverable",6352,A,17,N,Y,2.0,"Zinc, total recoverable",Metals,Zinc,1094A
1114A,"Lead, total recoverable",6562,A,17,N,Y,2.0,"Lead, total recoverable",Metals,Lead,1114A
5151A,"Tributyltin, total recoverable",12269,A,17,N,Y,2.0,,,,5151A
51926,"SSO, Wet Weather",3697,A,166,N,Y,,,,,51926
51931,"Alpha, gross adjusted",10804,A,9,N,Y,,,,,51931
51933,Diazinon + Chlorpyrifos,320002721,A,59,N,Y,2.0,Diazinon + Chlorpyrifos,Toxic Organics,Toxic Organics,51933
51927,"Release [Sewer], Dry Weather",3697,A,166,N,Y,,,,,51927
51928,"Release [Sewer], Wet Weather",3697,A,166,N,Y,,,,,51928
51929,Bypass of Treatment Facility,755,A,166,N,Y,,,,,51929
310AQ,"BOD, 5-day, 20 deg. C",10178,A,109,N,Y,1.0,"BOD, 5-day, 20 deg. C",Organics,COD,310AQ
51938,Miscellaneous Discharge Toxicity [Subsea Discharges] [Mysidopsis bahia],4677,A,59,N,Y,,,,,51938
600AQ,"Nitrogen, total [as N]",2817,A,109,N,Y,1.0,"Nitrogen, total [as N]",Nutrients,Nitrogen,600AQ
51939,Miscellaneous Discharge Toxicity [Subsea Discharges] [Menidia beryllina],4677,A,59,N,Y,,,,,51939
TII6J,LC50 Pass/Fail Static 24Hr Acute Menidia beryllina,4677,A,55,N,N,,,,,TII6J
51941,Miscellaneous Discharges [Pipeline Brine] [Oil & Grease],10364,A,59,N,Y,1.0,,,,51941
TCE6E,%Effect Static 1Hr Chronic Lepomis macrochirus,4677,A,16,,Y,,,,,TCE6E
51879,Triallyl cyanurate [TAC],320002361,A,59,N,Y,2.0,,,,51879
0930E,"Sodium, dissolved [mEq/l]",6802,A,172,N,Y,1.0,,,,930E
51884,Date of Storm Event,3887,A,173,N,N,,,,,51884
51881,Radionuclide Index,10429,A,7,N,N,,,,,51881
51883,Date of Sample Collection,320002404,A,173,N,N,,,,,51883
51886,Hours Since Last Storm Event,3887,A,126,N,N,,,,,51886
51887,Process 1 Product Output,320002402,A,57,N,Y,,,,,51887
51888,Process 2 Product Output,320002402,A,57,N,Y,,,,,51888
51889,Process 3 Product Output,320002402,A,57,N,Y,,,,,51889
51892,Solids/Floatables,11305,A,174,N,Y,,,,,51892
51893,Time Dewatering Began,12414,A,14,N,N,,,,,51893
51895,Time Storm Event Began,12414,A,14,N,N,,,,,51895
51894,Time of Sample Collection,320002421,A,14,N,N,,,,,51894
TRB6A,% Survival Static 96HR Acute Cyprinodeon variegas,4677,A,16,N,Y,,,,,TRB6A
51905,Oxygen Injected,3051,A,59,N,Y,1.0,,,,51905
51908,Aramite,320002523,A,59,N,Y,2.0,,,,51908
M0440,Bicarbonate ion- [as HCO3][mEq/L],11059,A,172,N,Y,1.0,,,,M0440
51923,Whole Effluent Toxicity  [WET] - D. magna,4677,A,16,N,Y,,,,,51923
28414,Cesium-134,320002661,A,9,N,Y,,,,,28414
51932,Semiannual Certification Statement,320002641,A,55,N,N,,,,,51932
51935,Chloroacetaldehyde,300000576,A,59,N,Y,2.0,,,,51935
51937,Enterococci - % samples exceeding limit,11237,A,16,N,Y,,,,,51937
TPP6J,NOEC Sub-Lethal Static Renewal 7 Day Chronic Menidia beryllina,4677,A,16,N,Y,,,,,TPP6J
TWP6J,Pass/Fail Sub-Lethal Static Renewal 7 Day Chronic Menidia beryllina,4677,A,55,N,N,,,,,TWP6J
51943,Screen Shutdown/Visual Remote Inspection Fail,320002842,A,148,N,N,,,,,51943
TCN6I,%Effect Static Renewal 96Hr Acute Oncorhynchus mykiss,4677,A,16,N,Y,,%Effect Static Renewal 96Hr Acute Oncorhynchus mykiss,Uncommon,Uncommon,TCN6I
51876,Resin and Fatty Acids,320002301,A,59,N,Y,2.0,,,,51876
51877,Corrosivity,320002321,A,7,N,N,,Corrosivity,Uncommon,Uncommon,51877
0935E,"Potassium, dissolved [mEq/l]",5948,A,172,N,Y,1.0,,,,935E
51885,Dewater Duration,320002403,A,126,N,N,,,,,51885
0937E,"Potassium, total [mEq/l]",5948,A,172,N,Y,1.0,,,,937E
TCB3E,% Effect Static 96HR Acute Americamysis bahia,4677,A,16,N,Y,,% Effect Static 96HR Acute Americamysis bahia,Uncommon,Uncommon,TCB3E
TCB6E,% Effect Static 96HR Acute Lepomis macrochi,4677,A,16,,Y,,,,,TCB6E
51906,"CSS volume, Percent Captured",320002501,A,90,N,Y,,,,,51906
51914,"Zinc, total [as Zn] [Can Production]",6352,A,179,N,Y,2.0,,,,51914
51942,Volume [mass],320002841,A,117,N,Y,,,,,51942
TOM6J,NOEC Lethal Static Renewal 48HR Acute Menidia beryllina,4677,A,16,N,Y,,,,,TOM6J
51945,Pollution Management Plan Certification,320002641,A,55,N,N,,,,,51945
51946,River Monitoring Certification,320002641,A,55,N,N,,,,,51946
