GLOBAL ID,REPORTING YEAR,FACILITY PLACE ID,SITE NAME,SITE TYPE,LEAD AGENCY,FAC PRODUCE REC WATER,SOLELY REC TREAT,FACILITY TYPE,SUBMIT DATE,LATITUDE,LONGITUDE
WDR100000849,2019,650554,Santa Paula WRF,* WDR Site,LOS ANGELES RWQCB (REGION 4),Y,N,WWTP RW,5/14/2020,34.3353,-119.08293
WDR100000849,2020,650554,Santa Paula WRF,* WDR Site,LOS ANGELES RWQCB (REGION 4),Y,N,WWTP RW,2/11/2021,34.3353,-119.08293
WDR100000849,2021,650554,Santa Paula WRF,* WDR Site,LOS ANGELES RWQCB (REGION 4),Y,N,WWTP RW,3/31/2022,34.3353,-119.08293
WDR100000849,2022,650554,Santa Paula WRF,* WDR Site,LOS ANGELES RWQCB (REGION 4),Y,N,WWTP RW,4/24/2023,34.3353,-119.08293
WDR100000869,2019,261253,Simi Valley WQCP,* WDR Site,LOS ANGELES RWQCB (REGION 4),Y,N,WWTP RW,4/20/2020,34.28594,-118.814288
WDR100000869,2020,261253,Simi Valley WQCP,* WDR Site,LOS ANGELES RWQCB (REGION 4),Y,N,WWTP RW,4/6/2021,34.28594,-118.814288
WDR100000869,2021,261253,Simi Valley WQCP,* WDR Site,LOS ANGELES RWQCB (REGION 4),Y,N,WWTP RW,4/4/2022,34.28594,-118.814288
WDR100000869,2022,261253,Simi Valley WQCP,* WDR Site,LOS ANGELES RWQCB (REGION 4),Y,N,WWTP RW,2/22/2023,34.28594,-118.814288
WDR100001741,2019,235826,Whittier Narrows Water Reclamation Plant,* WDR Site,LOS ANGELES RWQCB (REGION 4),Y,N,WWTP RW,6/27/2020,34.021667,-118.072778
WDR100001741,2020,235826,Whittier Narrows Water Reclamation Plant,* WDR Site,LOS ANGELES RWQCB (REGION 4),Y,N,WWTP RW,4/29/2021,34.021667,-118.072778
WDR100001741,2021,235826,Whittier Narrows Water Reclamation Plant,* WDR Site,LOS ANGELES RWQCB (REGION 4),Y,N,WWTP RW,4/29/2022,34.021667,-118.072778
WDR100001741,2022,235826,Whittier Narrows Water Reclamation Plant,* WDR Site,LOS ANGELES RWQCB (REGION 4),Y,N,WWTP RW,4/28/2023,34.021667,-118.072778
WDR100001744,2019,238562,Long Beach WRP,* WDR Site,LOS ANGELES RWQCB (REGION 4),Y,N,WWTP RW,6/25/2020,33.804157,-118.090256
WDR100001744,2020,238562,Long Beach WRP,* WDR Site,LOS ANGELES RWQCB (REGION 4),Y,N,WWTP RW,4/29/2021,33.804157,-118.090256
WDR100001744,2021,238562,Long Beach WRP,* WDR Site,LOS ANGELES RWQCB (REGION 4),Y,N,WWTP RW,4/29/2022,33.804157,-118.090256
WDR100001744,2022,238562,Long Beach WRP,* WDR Site,LOS ANGELES RWQCB (REGION 4),Y,N,WWTP RW,4/28/2023,33.804157,-118.090256
WDR100001745,2019,238646,Los Coyotes WRP,* WDR Site,LOS ANGELES RWQCB (REGION 4),Y,N,WWTP RW,9/23/2020,33.87972,-118.10722
WDR100001745,2020,238646,Los Coyotes WRP,* WDR Site,LOS ANGELES RWQCB (REGION 4),Y,N,WWTP RW,4/30/2021,33.87972,-118.10722
WDR100001745,2021,238646,Los Coyotes WRP,* WDR Site,LOS ANGELES RWQCB (REGION 4),Y,N,WWTP RW,6/1/2022,33.87972,-118.10722
WDR100001745,2022,238646,Los Coyotes WRP,* WDR Site,LOS ANGELES RWQCB (REGION 4),Y,N,WWTP RW,4/28/2023,33.87972,-118.10722
WDR100001746,2019,250700,Pomona Water Reclamation Plant,* WDR Site,LOS ANGELES RWQCB (REGION 4),Y,N,WWTP RW,6/25/2020,34.055874,-117.790379
WDR100001746,2020,250700,Pomona Water Reclamation Plant,* WDR Site,LOS ANGELES RWQCB (REGION 4),Y,N,WWTP RW,4/29/2021,34.055874,-117.790379
WDR100001746,2021,250700,Pomona Water Reclamation Plant,* WDR Site,LOS ANGELES RWQCB (REGION 4),Y,N,WWTP RW,4/29/2022,34.055874,-117.790379
WDR100001746,2022,250700,Pomona Water Reclamation Plant,* WDR Site,LOS ANGELES RWQCB (REGION 4),Y,N,WWTP RW,4/28/2023,34.055874,-117.790379
WDR100001753,2019,237922,Lake Hughes Community WWTF,* WDR Site,LOS ANGELES RWQCB (REGION 4),N,NaN,WWTP,9/3/2020,34.674201,-118.434688
WDR100001753,2020,237922,Lake Hughes Community WWTF,* WDR Site,LOS ANGELES RWQCB (REGION 4),N,NaN,WWTP,3/4/2021,34.674201,-118.434688
WDR100001753,2021,237922,Lake Hughes Community WWTF,* WDR Site,LOS ANGELES RWQCB (REGION 4),N,NaN,WWTP,3/1/2022,34.674201,-118.434688
WDR100001753,2022,237922,Lake Hughes Community WWTF,* WDR Site,LOS ANGELES RWQCB (REGION 4),N,NaN,WWTP,4/26/2023,34.674201,-118.434688
WDR100001778,2019,242162,Malibu Mesa WRP,* WDR Site,LOS ANGELES RWQCB (REGION 4),Y,N,WWTP RW,9/3/2020,34.035694,-118.710344
WDR100001778,2020,242162,Malibu Mesa WRP,* WDR Site,LOS ANGELES RWQCB (REGION 4),Y,N,WWTP RW,3/4/2021,34.035694,-118.710344
WDR100001778,2021,242162,Malibu Mesa WRP,* WDR Site,LOS ANGELES RWQCB (REGION 4),Y,N,WWTP RW,4/13/2022,34.035694,-118.710344
WDR100001778,2022,242162,Malibu Mesa WRP,* WDR Site,LOS ANGELES RWQCB (REGION 4),Y,N,WWTP RW,4/26/2023,34.035694,-118.710344
WDR100001788,2019,242186,Malibu WPCP,* WDR Site,LOS ANGELES RWQCB (REGION 4),N,NaN,WWTP,9/3/2020,34.036339,-118.697714
WDR100001788,2021,242186,Malibu WPCP,* WDR Site,LOS ANGELES RWQCB (REGION 4),N,NaN,WWTP,3/1/2022,34.036339,-118.697714
WDR100001788,2020,242186,Malibu WPCP,* WDR Site,LOS ANGELES RWQCB (REGION 4),N,NaN,WWTP,3/4/2021,34.036339,-118.697714
WDR100001788,2022,242186,Malibu WPCP,* WDR Site,LOS ANGELES RWQCB (REGION 4),N,NaN,WWTP,4/26/2023,34.036339,-118.697714
WDR100001622,2019,229051,Gorman WWTP,* WDR Site,LOS ANGELES RWQCB (REGION 4),N,NaN,WWTP,7/1/2020,34.793,-118.8447
WDR100001622,2020,229051,Gorman WWTP,* WDR Site,LOS ANGELES RWQCB (REGION 4),N,NaN,WWTP,4/28/2021,34.793,-118.8447
WDR100001622,2021,229051,Gorman WWTP,* WDR Site,LOS ANGELES RWQCB (REGION 4),Y,N,WWTP RW,2/16/2022,34.793,-118.8447
WDR100001622,2022,229051,Gorman WWTP,* WDR Site,LOS ANGELES RWQCB (REGION 4),N,NaN,WWTP,3/11/2023,34.793,-118.8447
WDR100001669,2020,217620,Hallelujah Prayer Center USA,* WDR Site,LOS ANGELES RWQCB (REGION 4),Y,N,WWTP RW,1/19/2021,34.32464,-118.32236
WDR100001669,2019,217620,Hallelujah Prayer Center USA,* WDR Site,LOS ANGELES RWQCB (REGION 4),N,NaN,WWTP,1/19/2021,34.32464,-118.32236
WDR100001669,2021,217620,Hallelujah Prayer Center USA,* WDR Site,LOS ANGELES RWQCB (REGION 4),N,NaN,WWTP,4/29/2022,34.32464,-118.32236
WDR100001669,2022,217620,Hallelujah Prayer Center USA,* WDR Site,LOS ANGELES RWQCB (REGION 4),N,NaN,WWTP,4/26/2023,34.32464,-118.32236
WDR100000084,2019,734616,New Piru WTF,* WDR Site,LOS ANGELES RWQCB (REGION 4),N,NaN,WWTP,5/18/2020,34.40082,-118.82542
WDR100000084,2020,734616,New Piru WTF,* WDR Site,LOS ANGELES RWQCB (REGION 4),N,NaN,WWTP,3/9/2021,34.40082,-118.82542
WDR100000084,2021,734616,New Piru WTF,* WDR Site,LOS ANGELES RWQCB (REGION 4),N,NaN,WWTP,4/22/2022,34.40082,-118.82542
WDR100000084,2022,734616,New Piru WTF,* WDR Site,LOS ANGELES RWQCB (REGION 4),N,NaN,WWTP,3/15/2023,34.40082,-118.82542
WDR100001453,2019,243377,Moorpark WRF - WRR,* WDR Site,LOS ANGELES RWQCB (REGION 4),Y,N,WWTP RW,4/28/2020,34.271889,-118.935988
WDR100001453,2020,243377,Moorpark WRF - WRR,* WDR Site,LOS ANGELES RWQCB (REGION 4),Y,N,WWTP RW,3/16/2021,34.271889,-118.935988
WDR100001453,2021,243377,Moorpark WRF - WRR,* WDR Site,LOS ANGELES RWQCB (REGION 4),Y,N,WWTP RW,4/22/2022,34.271889,-118.935988
WDR100001453,2022,243377,Moorpark WRF - WRR,* WDR Site,LOS ANGELES RWQCB (REGION 4),Y,N,WWTP RW,3/15/2023,34.271889,-118.935988
WDR100001460,2019,267596,Todd Road Jail WWTP,* WDR Site,LOS ANGELES RWQCB (REGION 4),N,NaN,WWTP,4/29/2020,34.30704,-119.111235
WDR100001460,2020,267596,Todd Road Jail WWTP,* WDR Site,LOS ANGELES RWQCB (REGION 4),N,NaN,WWTP,3/9/2021,34.30704,-119.111235
WDR100001460,2021,267596,Todd Road Jail WWTP,* WDR Site,LOS ANGELES RWQCB (REGION 4),N,NaN,WWTP,4/22/2022,34.30704,-119.111235
WDR100001460,2022,267596,Todd Road Jail WWTP,* WDR Site,LOS ANGELES RWQCB (REGION 4),N,NaN,WWTP,3/15/2023,34.30704,-119.111235
WDR100001505,2019,268043,Encinal Canyon Water Recycling Plant on Tract 46277,* WDR Site,LOS ANGELES RWQCB (REGION 4),N,NaN,WWTP,6/29/2020,34.051389,-118.871667
WDR100001505,2020,268043,Encinal Canyon Water Recycling Plant on Tract 46277,* WDR Site,LOS ANGELES RWQCB (REGION 4),N,NaN,WWTP,4/26/2021,34.051389,-118.871667
WDR100001505,2021,268043,Encinal Canyon Water Recycling Plant on Tract 46277,* WDR Site,LOS ANGELES RWQCB (REGION 4),N,NaN,WWTP,3/14/2022,34.051389,-118.871667
WDR100001505,2022,268043,Encinal Canyon Water Recycling Plant on Tract 46277,* WDR Site,LOS ANGELES RWQCB (REGION 4),N,NaN,WWTP,1/12/2023,34.051389,-118.871667
WDR100000132,2019,212135,Burbank WRP,* WDR Site,LOS ANGELES RWQCB (REGION 4),Y,N,WWTP RW,5/12/2020,34.18195,-118.319332
WDR100000132,2020,212135,Burbank WRP,* WDR Site,LOS ANGELES RWQCB (REGION 4),Y,N,WWTP RW,4/6/2021,34.18195,-118.319332
WDR100000132,2021,212135,Burbank WRP,* WDR Site,LOS ANGELES RWQCB (REGION 4),Y,N,WWTP RW,3/1/2022,34.18195,-118.319332
WDR100000132,2022,212135,Burbank WRP,* WDR Site,LOS ANGELES RWQCB (REGION 4),Y,N,WWTP RW,3/14/2023,34.18195,-118.319332
WDR100000191,2019,216832,Camrosa Water Reclamation Facility,* WDR Site,LOS ANGELES RWQCB (REGION 4),Y,N,WWTP RW,4/27/2020,34.17162,-119.053202
WDR100000191,2021,216832,Camrosa Water Reclamation Facility,* WDR Site,LOS ANGELES RWQCB (REGION 4),Y,N,WWTP RW,1/27/2022,34.17162,-119.053202
WDR100000191,2020,216832,Camrosa Water Reclamation Facility,* WDR Site,LOS ANGELES RWQCB (REGION 4),Y,N,WWTP RW,3/18/2021,34.17162,-119.053202
WDR100000191,2022,216832,Camrosa Water Reclamation Facility,* WDR Site,LOS ANGELES RWQCB (REGION 4),Y,N,WWTP RW,1/11/2023,34.17162,-119.053202
WDR100000266,2019,238163,Leachate Treatment Plant,* WDR Site,LOS ANGELES RWQCB (REGION 4),N,NaN,WWTP,5/18/2020,34.026702,-117.916751
WDR100000266,2020,238163,Leachate Treatment Plant,* WDR Site,LOS ANGELES RWQCB (REGION 4),N,NaN,WWTP,4/29/2021,34.026702,-117.916751
WDR100000266,2021,238163,Leachate Treatment Plant,* WDR Site,LOS ANGELES RWQCB (REGION 4),N,NaN,WWTP,4/21/2022,34.026702,-117.916751
WDR100000266,2022,238163,Leachate Treatment Plant,* WDR Site,LOS ANGELES RWQCB (REGION 4),N,NaN,WWTP,4/6/2023,34.026702,-117.916751
WDR100000359,2019,766648,Malibu Civic Center Wastewater Treatment Facility,* WDR Site,LOS ANGELES RWQCB (REGION 4),Y,N,WWTP RW,7/24/2020,34.035804,-118.697727
WDR100000359,2020,766648,Malibu Civic Center Wastewater Treatment Facility,* WDR Site,LOS ANGELES RWQCB (REGION 4),Y,N,WWTP RW,3/30/2021,34.035804,-118.697727
WDR100000359,2021,766648,Malibu Civic Center Wastewater Treatment Facility,* WDR Site,LOS ANGELES RWQCB (REGION 4),Y,N,WWTP RW,4/4/2022,34.035804,-118.697727
WDR100000359,2022,766648,Malibu Civic Center Wastewater Treatment Facility,* WDR Site,LOS ANGELES RWQCB (REGION 4),Y,N,WWTP RW,2/23/2023,34.035804,-118.697727
WDR100000408,2019,246946,Oxnard WWTP,* WDR Site,LOS ANGELES RWQCB (REGION 4),Y,N,WWTP RW,6/30/2020,34.141648,-119.185403
WDR100000408,2020,246946,Oxnard WWTP,* WDR Site,LOS ANGELES RWQCB (REGION 4),Y,N,WWTP RW,4/28/2021,34.141648,-119.185403
WDR100000408,2021,246946,Oxnard WWTP,* WDR Site,LOS ANGELES RWQCB (REGION 4),Y,N,WWTP RW,4/30/2022,34.141648,-119.185403
WDR100000408,2022,246946,Oxnard WWTP,* WDR Site,LOS ANGELES RWQCB (REGION 4),Y,N,WWTP RW,4/11/2023,34.141648,-119.185403
WDR100000593,2019,260064,San Clemente Island WWTP,* WDR Site,LOS ANGELES RWQCB (REGION 4),Y,N,WWTP RW,9/9/2020,32.99722,-118.54583
WDR100000593,2020,260064,San Clemente Island WWTP,* WDR Site,LOS ANGELES RWQCB (REGION 4),Y,N,WWTP RW,4/27/2021,32.99722,-118.54583
WDR100000593,2021,260064,San Clemente Island WWTP,* WDR Site,LOS ANGELES RWQCB (REGION 4),Y,N,WWTP RW,3/29/2022,32.99722,-118.54583
WDR100000593,2022,260064,San Clemente Island WWTP,* WDR Site,LOS ANGELES RWQCB (REGION 4),Y,N,WWTP RW,4/11/2023,32.99722,-118.54583
WDR100000609,2019,226149,Hope Gardens Family Center,* WDR Site,LOS ANGELES RWQCB (REGION 4),Y,N,WWTP RW,3/5/2020,34.298988,-118.400029
WDR100000609,2020,226149,Hope Gardens Family Center,* WDR Site,LOS ANGELES RWQCB (REGION 4),Y,N,WWTP RW,3/26/2021,34.298988,-118.400029
WDR100000609,2021,226149,Hope Gardens Family Center,* WDR Site,LOS ANGELES RWQCB (REGION 4),Y,N,WWTP RW,3/22/2022,34.298988,-118.400029
WDR100000609,2022,226149,Hope Gardens Family Center,* WDR Site,LOS ANGELES RWQCB (REGION 4),N,NaN,WWTP,3/8/2023,34.298988,-118.400029
WDR100000656,2019,271054,Ventura WRF,* WDR Site,LOS ANGELES RWQCB (REGION 4),Y,N,WWTP RW,3/30/2020,34.23639,-119.25861
WDR100000656,2020,271054,Ventura WRF,* WDR Site,LOS ANGELES RWQCB (REGION 4),Y,N,WWTP RW,3/31/2021,34.23639,-119.25861
WDR100000656,2021,271054,Ventura WRF,* WDR Site,LOS ANGELES RWQCB (REGION 4),Y,N,WWTP RW,3/30/2022,34.23639,-119.25861
WDR100000656,2022,271054,Ventura WRF,* WDR Site,LOS ANGELES RWQCB (REGION 4),Y,N,WWTP RW,4/10/2023,34.23639,-119.25861
WDR100000725,2019,267429,The Thacher School Wastewater Treatment Plant,* WDR Site,LOS ANGELES RWQCB (REGION 4),N,NaN,WWTP,4/27/2020,34.464179,-119.179272
WDR100000725,2021,267429,The Thacher School Wastewater Treatment Plant,* WDR Site,LOS ANGELES RWQCB (REGION 4),N,NaN,WWTP,4/18/2022,34.464179,-119.179272
WDR100000725,2020,267429,The Thacher School Wastewater Treatment Plant,* WDR Site,LOS ANGELES RWQCB (REGION 4),N,NaN,WWTP,3/15/2021,34.464179,-119.179272
WDR100000725,2022,267429,The Thacher School Wastewater Treatment Plant,* WDR Site,LOS ANGELES RWQCB (REGION 4),N,NaN,WWTP,4/28/2023,34.464179,-119.179272
WDR100000730,2019,260412,Thomas Aquinas College,* WDR Site,LOS ANGELES RWQCB (REGION 4),N,NaN,WWTP,4/27/2020,34.42911,-119.08668
WDR100000730,2021,260412,Thomas Aquinas College,* WDR Site,LOS ANGELES RWQCB (REGION 4),N,NaN,WWTP,4/18/2022,34.42911,-119.08668
WDR100000730,2020,260412,Thomas Aquinas College,* WDR Site,LOS ANGELES RWQCB (REGION 4),N,NaN,WWTP,3/15/2021,34.42911,-119.08668
WDR100000730,2022,260412,Thomas Aquinas College,* WDR Site,LOS ANGELES RWQCB (REGION 4),N,NaN,WWTP,4/28/2023,34.42911,-119.08668
WDR100000740,2019,267585,Tivoli Cove WWTP,* WDR Site,LOS ANGELES RWQCB (REGION 4),N,NaN,WWTP,9/2/2020,34.029114,-118.753541
WDR100000740,2020,267585,Tivoli Cove WWTP,* WDR Site,LOS ANGELES RWQCB (REGION 4),N,NaN,WWTP,4/28/2021,34.029114,-118.753541
WDR100000740,2021,267585,Tivoli Cove WWTP,* WDR Site,LOS ANGELES RWQCB (REGION 4),N,NaN,WWTP,8/15/2022,34.029114,-118.753541
WDR100000740,2022,267585,Tivoli Cove WWTP,* WDR Site,LOS ANGELES RWQCB (REGION 4),N,NaN,WWTP,3/1/2023,34.029114,-118.753541
WDR100000744,2019,267637,Top O'Topanga Community Association WWTP,* WDR Site,LOS ANGELES RWQCB (REGION 4),N,NaN,WWTP,4/27/2020,34.137007,-118.599355
WDR100000744,2020,267637,Top O'Topanga Community Association WWTP,* WDR Site,LOS ANGELES RWQCB (REGION 4),Y,N,WWTP RW,4/30/2021,34.137007,-118.599355
WDR100000744,2021,267637,Top O'Topanga Community Association WWTP,* WDR Site,LOS ANGELES RWQCB (REGION 4),Y,N,WWTP RW,4/25/2022,34.137007,-118.599355
WDR100000744,2022,267637,Top O'Topanga Community Association WWTP,* WDR Site,LOS ANGELES RWQCB (REGION 4),Y,N,WWTP RW,3/15/2023,34.137007,-118.599355
WDR100000800,2019,251021,Point Dume Club WWRP,* WDR Site,LOS ANGELES RWQCB (REGION 4),Y,N,WWTP RW,4/29/2020,34.014191,-118.811949
WDR100000800,2020,251021,Point Dume Club WWRP,* WDR Site,LOS ANGELES RWQCB (REGION 4),Y,N,WWTP RW,9/27/2021,34.014191,-118.811949
WDR100000800,2021,251021,Point Dume Club WWRP,* WDR Site,LOS ANGELES RWQCB (REGION 4),Y,N,WWTP RW,5/13/2022,34.014191,-118.811949
WDR100014231,2019,268842,"Two Harbors STP, Catalina Island",* WDR Site,LOS ANGELES RWQCB (REGION 4),Y,N,WWTP RW,6/3/2020,33.438661,-118.495086
WDR100014231,2020,268842,"Two Harbors STP, Catalina Island",* WDR Site,LOS ANGELES RWQCB (REGION 4),Y,N,WWTP RW,4/29/2021,33.438661,-118.495086
WDR100014231,2021,268842,"Two Harbors STP, Catalina Island",* WDR Site,LOS ANGELES RWQCB (REGION 4),Y,N,WWTP RW,8/15/2022,33.438661,-118.495086
WDR100014231,2022,268842,"Two Harbors STP, Catalina Island",* WDR Site,LOS ANGELES RWQCB (REGION 4),Y,N,WWTP RW,2/28/2023,33.438661,-118.495086
WDR100001039,2019,266940,Tapia WRF,* WDR Site,LOS ANGELES RWQCB (REGION 4),Y,N,WWTP RW,2/13/2020,34.081499,-118.704268
WDR100001039,2020,266940,Tapia WRF,* WDR Site,LOS ANGELES RWQCB (REGION 4),Y,N,WWTP RW,4/7/2021,34.081499,-118.704268
WDR100001039,2021,266940,Tapia WRF,* WDR Site,LOS ANGELES RWQCB (REGION 4),Y,N,WWTP RW,4/13/2022,34.081499,-118.704268
WDR100001039,2022,266940,Tapia WRF,* WDR Site,LOS ANGELES RWQCB (REGION 4),Y,N,WWTP RW,4/10/2023,34.081499,-118.704268
WDR100001067,2019,237748,La Canada WWRP,* WDR Site,LOS ANGELES RWQCB (REGION 4),Y,N,WWTP RW,6/11/2020,34.211959,-118.181743
WDR100001067,2020,237748,La Canada WWRP,* WDR Site,LOS ANGELES RWQCB (REGION 4),Y,N,WWTP RW,4/29/2021,34.211959,-118.181743
WDR100001067,2021,237748,La Canada WWRP,* WDR Site,LOS ANGELES RWQCB (REGION 4),Y,N,WWTP RW,4/28/2022,34.211959,-118.181743
WDR100001067,2022,237748,La Canada WWRP,* WDR Site,LOS ANGELES RWQCB (REGION 4),Y,N,WWTP RW,4/27/2023,34.211959,-118.181743
WDR100001083,2019,260156,San Jose Creek Water Reclamation Plant,* WDR Site,LOS ANGELES RWQCB (REGION 4),Y,N,WWTP RW,6/29/2020,33.93056,-118.10667
WDR100001083,2020,260156,San Jose Creek Water Reclamation Plant,* WDR Site,LOS ANGELES RWQCB (REGION 4),Y,N,WWTP RW,4/29/2021,33.93056,-118.10667
WDR100001083,2021,260156,San Jose Creek Water Reclamation Plant,* WDR Site,LOS ANGELES RWQCB (REGION 4),Y,N,WWTP RW,4/29/2022,33.93056,-118.10667
WDR100001083,2022,260156,San Jose Creek Water Reclamation Plant,* WDR Site,LOS ANGELES RWQCB (REGION 4),Y,N,WWTP RW,4/28/2023,33.93056,-118.10667
WDR100001085,2019,260494,Saugus Water Reclamation Plant,* WDR Site,LOS ANGELES RWQCB (REGION 4),Y,N,WWTP RW,6/16/2020,34.413831,-118.539766
WDR100001085,2020,260494,Saugus Water Reclamation Plant,* WDR Site,LOS ANGELES RWQCB (REGION 4),Y,N,WWTP RW,4/29/2021,34.413831,-118.539766
WDR100001085,2021,260494,Saugus Water Reclamation Plant,* WDR Site,LOS ANGELES RWQCB (REGION 4),Y,N,WWTP RW,4/29/2022,34.413831,-118.539766
WDR100001085,2022,260494,Saugus Water Reclamation Plant,* WDR Site,LOS ANGELES RWQCB (REGION 4),Y,N,WWTP RW,4/28/2023,34.413831,-118.539766
WDR100001834,2019,249771,Paradise Ranch WWTP,* WDR Site,LOS ANGELES RWQCB (REGION 4),N,NaN,WWTP,4/16/2020,34.572265,-118.689749
WDR100001834,2020,249771,Paradise Ranch WWTP,* WDR Site,LOS ANGELES RWQCB (REGION 4),N,NaN,WWTP,4/20/2021,34.572265,-118.689749
WDR100001834,2021,249771,Paradise Ranch WWTP,* WDR Site,LOS ANGELES RWQCB (REGION 4),N,NaN,WWTP,4/21/2022,34.572265,-118.689749
WDR100001834,2022,249771,Paradise Ranch WWTP,* WDR Site,LOS ANGELES RWQCB (REGION 4),N,NaN,WWTP,3/20/2023,34.572265,-118.689749
WDR100001103,2019,270849,Valencia WRP,* WDR Site,LOS ANGELES RWQCB (REGION 4),Y,N,WWTP RW,6/16/2020,34.43314,-118.592712
WDR100001103,2020,270849,Valencia WRP,* WDR Site,LOS ANGELES RWQCB (REGION 4),Y,N,WWTP RW,4/29/2021,34.43314,-118.592712
WDR100001103,2021,270849,Valencia WRP,* WDR Site,LOS ANGELES RWQCB (REGION 4),Y,N,WWTP RW,4/29/2022,34.43314,-118.592712
WDR100001103,2022,270849,Valencia WRP,* WDR Site,LOS ANGELES RWQCB (REGION 4),Y,N,WWTP RW,4/28/2023,34.43314,-118.592712
WDR100001584,2019,225881,Fillmore WWTP and Wastewater Recycling Plant,* WDR Site,LOS ANGELES RWQCB (REGION 4),Y,N,WWTP RW,6/29/2020,34.39048,-118.94034
WDR100001584,2021,225881,Fillmore WWTP and Wastewater Recycling Plant,* WDR Site,LOS ANGELES RWQCB (REGION 4),Y,N,WWTP RW,2/15/2022,34.39048,-118.94034
WDR100001584,2020,225881,Fillmore WWTP and Wastewater Recycling Plant,* WDR Site,LOS ANGELES RWQCB (REGION 4),Y,N,WWTP RW,3/30/2021,34.39048,-118.94034
WDR100001584,2022,225881,Fillmore WWTP and Wastewater Recycling Plant,* WDR Site,LOS ANGELES RWQCB (REGION 4),Y,N,WWTP RW,2/23/2023,34.39048,-118.94034
WDR100001153,2019,267571,Donald C. Tillman WWRP,* WDR Site,LOS ANGELES RWQCB (REGION 4),Y,N,WWTP RW,8/7/2020,34.179565,-118.481951
WDR100001153,2021,267571,Donald C. Tillman WWRP,* WDR Site,LOS ANGELES RWQCB (REGION 4),Y,N,WWTP RW,3/30/2022,34.179565,-118.481951
WDR100001153,2020,267571,Donald C. Tillman WWRP,* WDR Site,LOS ANGELES RWQCB (REGION 4),Y,N,WWTP RW,4/6/2021,34.179565,-118.481951
WDR100001153,2022,267571,Donald C. Tillman WWRP,* WDR Site,LOS ANGELES RWQCB (REGION 4),Y,N,WWTP RW,4/13/2023,34.179565,-118.481951
WDR100001158,2019,232063,Hyperion WWTP,* WDR Site,LOS ANGELES RWQCB (REGION 4),Y,N,WWTP RW,4/28/2020,33.924482,-118.431805
WDR100001158,2021,232063,Hyperion WWTP,* WDR Site,LOS ANGELES RWQCB (REGION 4),Y,N,WWTP RW,4/18/2022,33.924482,-118.431805
WDR100001158,2020,232063,Hyperion WWTP,* WDR Site,LOS ANGELES RWQCB (REGION 4),Y,N,WWTP RW,3/25/2021,33.924482,-118.431805
WDR100001158,2022,232063,Hyperion WWTP,* WDR Site,LOS ANGELES RWQCB (REGION 4),Y,N,WWTP RW,4/21/2023,33.924482,-118.431805
WDR100001164,2019,235738,Los Angeles-Glendale WWRP,* WDR Site,LOS ANGELES RWQCB (REGION 4),Y,N,WWTP RW,4/23/2020,34.14081,-118.273975
WDR100001164,2020,235738,Los Angeles-Glendale WWRP,* WDR Site,LOS ANGELES RWQCB (REGION 4),Y,N,WWTP RW,4/6/2021,34.14081,-118.273975
WDR100001164,2021,235738,Los Angeles-Glendale WWRP,* WDR Site,LOS ANGELES RWQCB (REGION 4),Y,N,WWTP RW,3/30/2022,34.14081,-118.273975
WDR100001164,2022,235738,Los Angeles-Glendale WWRP,* WDR Site,LOS ANGELES RWQCB (REGION 4),Y,N,WWTP RW,4/13/2023,34.14081,-118.273975
WDR100001228,2019,207053,Acton Rehabilitation Center,* WDR Site,LOS ANGELES RWQCB (REGION 4),N,NaN,WWTP,4/28/2020,34.449529,-118.198376
WDR100001228,2020,207053,Acton Rehabilitation Center,* WDR Site,LOS ANGELES RWQCB (REGION 4),N,NaN,WWTP,4/30/2021,34.449529,-118.198376
WDR100001228,2021,207053,Acton Rehabilitation Center,* WDR Site,LOS ANGELES RWQCB (REGION 4),N,NaN,WWTP,2/17/2022,34.449529,-118.198376
WDR100001228,2022,207053,Acton Rehabilitation Center,* WDR Site,LOS ANGELES RWQCB (REGION 4),N,NaN,WWTP,4/22/2023,34.449529,-118.198376
WDR100001229,2019,273397,Warm Springs Rehabilition Center,* WDR Site,LOS ANGELES RWQCB (REGION 4),Y,N,WWTP RW,4/28/2020,34.60694,-118.55833
WDR100001229,2020,273397,Warm Springs Rehabilition Center,* WDR Site,LOS ANGELES RWQCB (REGION 4),N,NaN,WWTP,4/30/2021,34.60694,-118.55833
WDR100001229,2021,273397,Warm Springs Rehabilition Center,* WDR Site,LOS ANGELES RWQCB (REGION 4),N,NaN,WWTP,2/17/2022,34.60694,-118.55833
WDR100001229,2022,273397,Warm Springs Rehabilition Center,* WDR Site,LOS ANGELES RWQCB (REGION 4),N,NaN,WWTP,4/22/2023,34.60694,-118.55833
WDR100005138,2019,242135,Malibu Bay Club WWTP,* WDR Site,LOS ANGELES RWQCB (REGION 4),N,NaN,WWTP,4/27/2020,34.04946,-118.95381
WDR100005138,2021,242135,Malibu Bay Club WWTP,* WDR Site,LOS ANGELES RWQCB (REGION 4),N,NaN,WWTP,4/18/2022,34.04946,-118.95381
WDR100005138,2020,242135,Malibu Bay Club WWTP,* WDR Site,LOS ANGELES RWQCB (REGION 4),N,NaN,WWTP,3/15/2021,34.04946,-118.95381
WDR100005138,2022,242135,Malibu Bay Club WWTP,* WDR Site,LOS ANGELES RWQCB (REGION 4),N,NaN,WWTP,3/15/2023,34.04946,-118.95381
WDR100006793,2019,629209,Alamitos Barrier Recycled Water Project/Leo J. Vander Lans Water Treatment Fac.,* WDR Site,LOS ANGELES RWQCB (REGION 4),Y,Y,RWP,2/27/2020,33.802548,-118.086628
WDR100006793,2020,629209,Alamitos Barrier Recycled Water Project/Leo J. Vander Lans Water Treatment Fac.,* WDR Site,LOS ANGELES RWQCB (REGION 4),Y,Y,RWP,4/5/2021,33.802548,-118.086628
WDR100006793,2021,629209,Alamitos Barrier Recycled Water Project/Leo J. Vander Lans Water Treatment Fac.,* WDR Site,LOS ANGELES RWQCB (REGION 4),Y,Y,RWP,2/25/2022,33.802548,-118.086628
WDR100006793,2022,629209,Alamitos Barrier Recycled Water Project/Leo J. Vander Lans Water Treatment Fac.,* WDR Site,LOS ANGELES RWQCB (REGION 4),Y,Y,RWP,4/17/2023,33.802548,-118.086628
WDR100000047,2019,273663,Edward C. Little Water Recycling Plant (Recycled Water Irrigation),* WDR Site,LOS ANGELES RWQCB (REGION 4),Y,Y,RWP,6/29/2020,33.907954,-118.394561
WDR100000047,2020,273663,Edward C. Little Water Recycling Plant (Recycled Water Irrigation),* WDR Site,LOS ANGELES RWQCB (REGION 4),Y,Y,RWP,4/30/2021,33.907954,-118.394561
WDR100000047,2021,273663,Edward C. Little Water Recycling Plant (Recycled Water Irrigation),* WDR Site,LOS ANGELES RWQCB (REGION 4),Y,Y,RWP,4/28/2022,33.907954,-118.394561
WDR100000047,2022,273663,Edward C. Little Water Recycling Plant (Recycled Water Irrigation),* WDR Site,LOS ANGELES RWQCB (REGION 4),Y,Y,RWP,4/28/2023,33.907954,-118.394561
WDR100001876,2019,260219,San Nicolas Island WWTP,* WDR Site,LOS ANGELES RWQCB (REGION 4),N,NaN,WWTP,7/1/2020,33.254094,-119.480058
WDR100001876,2020,260219,San Nicolas Island WWTP,* WDR Site,LOS ANGELES RWQCB (REGION 4),N,NaN,WWTP,4/14/2021,33.254094,-119.480058
WDR100001876,2021,260219,San Nicolas Island WWTP,* WDR Site,LOS ANGELES RWQCB (REGION 4),N,NaN,WWTP,3/17/2022,33.254094,-119.480058
WDR100001876,2022,260219,San Nicolas Island WWTP,* WDR Site,LOS ANGELES RWQCB (REGION 4),N,NaN,WWTP,4/18/2023,33.254094,-119.480058
WDR100017186,2019,238315,Limoneira WWTP,* WDR Site,LOS ANGELES RWQCB (REGION 4),Y,N,WWTP RW,9/1/2020,34.33095,-119.126236
WDR100017186,2021,238315,Limoneira WWTP,* WDR Site,LOS ANGELES RWQCB (REGION 4),N,NaN,WWTP,3/10/2022,34.33095,-119.126236
WDR100017186,2020,238315,Limoneira WWTP,* WDR Site,LOS ANGELES RWQCB (REGION 4),Y,N,WWTP RW,10/20/2021,34.33095,-119.126236
WDR100017186,2022,238315,Limoneira WWTP,* WDR Site,LOS ANGELES RWQCB (REGION 4),N,NaN,WWTP,3/19/2023,34.33095,-119.126236
WDR100016910,2019,805193,Vista Canyon Water Factory,* WDR Site,LOS ANGELES RWQCB (REGION 4),N,NaN,WWTP,6/29/2020,34.4146744,-118.4396601
WDR100016910,2021,805193,Vista Canyon Water Factory,* WDR Site,LOS ANGELES RWQCB (REGION 4),N,NaN,WWTP,3/1/2022,34.4146744,-118.4396601
WDR100016910,2020,805193,Vista Canyon Water Factory,* WDR Site,LOS ANGELES RWQCB (REGION 4),N,NaN,WWTP,4/30/2021,34.4146744,-118.4396601
WDR100016910,2022,805193,Vista Canyon Water Factory,* WDR Site,LOS ANGELES RWQCB (REGION 4),N,NaN,WWTP,2/28/2023,34.4146744,-118.4396601
WDR100014340,2019,216719,Camarillo WRP,* WDR Site,LOS ANGELES RWQCB (REGION 4),Y,N,WWTP RW,4/29/2020,34.19167,-119.00302
WDR100014340,2021,216719,Camarillo WRP,* WDR Site,LOS ANGELES RWQCB (REGION 4),Y,N,WWTP RW,3/17/2022,34.19167,-119.00302
WDR100014340,2020,216719,Camarillo WRP,* WDR Site,LOS ANGELES RWQCB (REGION 4),Y,N,WWTP RW,4/13/2021,34.19167,-119.00302
WDR100014340,2022,216719,Camarillo WRP,* WDR Site,LOS ANGELES RWQCB (REGION 4),Y,N,WWTP RW,1/25/2023,34.19167,-119.00302
WDR100033958,2019,239317,Manila CSD WWTP,* WDR Site,NORTH COAST RWQCB (REGION 1),N,NaN,WWTP,7/16/2020,40.85109,-124.16887
WDR100033958,2020,239317,Manila CSD WWTP,* WDR Site,NORTH COAST RWQCB (REGION 1),N,NaN,WWTP,5/19/2021,40.85109,-124.16887
WDR100033958,2022,239317,Manila CSD WWTP,* WDR Site,NORTH COAST RWQCB (REGION 1),N,NaN,WWTP,3/3/2023,40.85109,-124.16887
WDR100033958,2021,239317,Manila CSD WWTP,* WDR Site,NORTH COAST RWQCB (REGION 1),N,NaN,WWTP,5/4/2022,40.85109,-124.16887
WDR100034743,2019,256049,SCWA Geyserville CSD,* WDR Site,NORTH COAST RWQCB (REGION 1),Y,N,WWTP RW,4/24/2020,38.70289,-122.89461
WDR100034743,2020,256049,SCWA Geyserville CSD,* WDR Site,NORTH COAST RWQCB (REGION 1),Y,N,WWTP RW,3/11/2021,38.70289,-122.89461
WDR100034743,2021,256049,SCWA Geyserville CSD,* WDR Site,NORTH COAST RWQCB (REGION 1),Y,N,WWTP RW,2/17/2022,38.70289,-122.89461
WDR100034743,2022,256049,SCWA Geyserville CSD,* WDR Site,NORTH COAST RWQCB (REGION 1),Y,N,WWTP RW,1/30/2023,38.70289,-122.89461
WDR100033514,2019,239889,Mayacama Golf Club LLC,* WDR Site,NORTH COAST RWQCB (REGION 1),Y,N,WWTP RW,4/1/2020,38.52917,-122.73306
WDR100033514,2020,239889,Mayacama Golf Club LLC,* WDR Site,NORTH COAST RWQCB (REGION 1),Y,Y,RWP,4/27/2021,38.52917,-122.73306
WDR100033514,2021,239889,Mayacama Golf Club LLC,* WDR Site,NORTH COAST RWQCB (REGION 1),Y,N,WWTP RW,3/23/2022,38.52917,-122.73306
WDR100033514,2022,239889,Mayacama Golf Club LLC,* WDR Site,NORTH COAST RWQCB (REGION 1),Y,N,WWTP RW,3/13/2023,38.52917,-122.73306
WDR100031015,2019,229643,Happy Camp WWTP,* WDR Site,NORTH COAST RWQCB (REGION 1),N,NaN,WWTP,9/1/2020,41.77696,-123.39872
WDR100031015,2020,229643,Happy Camp WWTP,* WDR Site,NORTH COAST RWQCB (REGION 1),N,NaN,WWTP,5/12/2021,41.77696,-123.39872
WDR100031015,2021,229643,Happy Camp WWTP,* WDR Site,NORTH COAST RWQCB (REGION 1),N,NaN,WWTP,1/25/2022,41.77696,-123.39872
WDR100031015,2022,229643,Happy Camp WWTP,* WDR Site,NORTH COAST RWQCB (REGION 1),N,NaN,WWTP,3/29/2023,41.77696,-123.39872
WDR100028108,2019,220567,Dorris City STP,* WDR Site,NORTH COAST RWQCB (REGION 1),N,NaN,WWTP,5/6/2020,41.95848,-121.92127
WDR100028108,2021,220567,Dorris City STP,* WDR Site,NORTH COAST RWQCB (REGION 1),N,NaN,WWTP,8/26/2022,41.95848,-121.92127
WDR100028108,2022,220567,Dorris City STP,* WDR Site,NORTH COAST RWQCB (REGION 1),N,NaN,WWTP,3/16/2023,41.95848,-121.92127
WDR100032865,2019,247809,Pauma Valley Treatment Plant,* WDR Site,SAN DIEGO RWQCB (REGION 9),N,NaN,WWTP,3/27/2020,33.3129,-117.00436
WDR100032865,2021,247809,Pauma Valley Treatment Plant,* WDR Site,SAN DIEGO RWQCB (REGION 9),N,NaN,WWTP,1/11/2022,33.3129,-117.00436
WDR100032865,2020,247809,Pauma Valley Treatment Plant,* WDR Site,SAN DIEGO RWQCB (REGION 9),N,NaN,WWTP,2/13/2021,33.3129,-117.00436
WDR100032865,2022,247809,Pauma Valley Treatment Plant,* WDR Site,SAN DIEGO RWQCB (REGION 9),N,NaN,WWTP,2/3/2023,33.3129,-117.00436
WDR100027277,2019,209949,Bodega Bay Wastewater Reclamation Facility,* WDR Site,NORTH COAST RWQCB (REGION 1),N,NaN,WWTP,6/26/2020,38.31889,-123.03476
WDR100027277,2020,209949,Bodega Bay Wastewater Reclamation Facility,* WDR Site,NORTH COAST RWQCB (REGION 1),Y,N,WWTP RW,4/2/2021,38.31889,-123.03476
WDR100027277,2021,209949,Bodega Bay Wastewater Reclamation Facility,* WDR Site,NORTH COAST RWQCB (REGION 1),Y,N,WWTP RW,2/21/2022,38.31889,-123.03476
WDR100027277,2022,209949,Bodega Bay Wastewater Reclamation Facility,* WDR Site,NORTH COAST RWQCB (REGION 1),Y,N,WWTP RW,1/25/2023,38.31889,-123.03476
WDR100029559,2019,236601,Las Palmas Ranch Reclamation Facility,* WDR Site,CENTRAL COAST RWQCB (REGION 3),Y,N,WWTP RW,6/29/2020,36.6126,-121.65588
WDR100029559,2020,236601,Las Palmas Ranch Reclamation Facility,* WDR Site,CENTRAL COAST RWQCB (REGION 3),Y,N,WWTP RW,4/1/2021,36.6126,-121.65588
WDR100029559,2021,236601,Las Palmas Ranch Reclamation Facility,* WDR Site,CENTRAL COAST RWQCB (REGION 3),Y,N,WWTP RW,1/27/2022,36.6126,-121.65588
WDR100029559,2022,236601,Las Palmas Ranch Reclamation Facility,* WDR Site,CENTRAL COAST RWQCB (REGION 3),Y,N,WWTP RW,3/14/2023,36.6126,-121.65588
WDR100037223,2019,219280,"DDJC, Tracy - WWTP, Stormwater",* WDR Site,CENTRAL VALLEY RWQCB (REGION 5S),N,NaN,WWTP,4/3/2020,37.7221,-121.39726
WDR100037223,2021,219280,"DDJC, Tracy - WWTP, Stormwater",* WDR Site,CENTRAL VALLEY RWQCB (REGION 5S),N,NaN,WWTP,1/11/2022,37.7221,-121.39726
WDR100037223,2020,219280,"DDJC, Tracy - WWTP, Stormwater",* WDR Site,CENTRAL VALLEY RWQCB (REGION 5S),N,NaN,WWTP,2/16/2021,37.7221,-121.39726
WDR100037223,2022,219280,"DDJC, Tracy - WWTP, Stormwater",* WDR Site,CENTRAL VALLEY RWQCB (REGION 5S),N,NaN,WWTP,1/25/2023,37.7221,-121.39726
WDR100034845,2019,253008,Robbins Wastewater Treatment Facility,* WDR Site,CENTRAL VALLEY RWQCB (REGION 5S),N,NaN,WWTP,6/22/2020,38.87071,-121.704
WDR100034845,2020,253008,Robbins Wastewater Treatment Facility,* WDR Site,CENTRAL VALLEY RWQCB (REGION 5S),N,NaN,WWTP,5/18/2021,38.87071,-121.704
WDR100034845,2021,253008,Robbins Wastewater Treatment Facility,* WDR Site,CENTRAL VALLEY RWQCB (REGION 5S),N,NaN,WWTP,8/25/2022,38.87071,-121.704
WDR100034845,2022,253008,Robbins Wastewater Treatment Facility,* WDR Site,CENTRAL VALLEY RWQCB (REGION 5S),N,NaN,WWTP,4/28/2023,38.87071,-121.704
WDR100027082,2021,273163,Biola WWTF,* WDR Site,CENTRAL VALLEY RWQCB (REGION 5F),N,NaN,WWTP,8/31/2022,36.80018,-120.02492
WDR100027082,2022,273163,Biola WWTF,* WDR Site,CENTRAL VALLEY RWQCB (REGION 5F),N,NaN,WWTP,4/26/2023,36.80018,-120.02492
WDR100030496,2019,201069,Madera Cnty #22A-Oakhurst WWTF,* WDR Site,CENTRAL VALLEY RWQCB (REGION 5F),N,NaN,WWTP,4/13/2020,37.3284,-119.66704
WDR100030496,2020,201069,Madera Cnty #22A-Oakhurst WWTF,* WDR Site,CENTRAL VALLEY RWQCB (REGION 5F),N,NaN,WWTP,2/17/2021,37.3284,-119.66704
WDR100030496,2021,201069,Madera Cnty #22A-Oakhurst WWTF,* WDR Site,CENTRAL VALLEY RWQCB (REGION 5F),N,NaN,WWTP,3/28/2022,37.3284,-119.66704
WDR100030496,2022,201069,Madera Cnty #22A-Oakhurst WWTF,* WDR Site,CENTRAL VALLEY RWQCB (REGION 5F),N,NaN,WWTP,2/13/2023,37.3284,-119.66704
WDR100030416,2019,273176,Le Grand WWTF,* WDR Site,CENTRAL VALLEY RWQCB (REGION 5F),N,NaN,WWTP,7/21/2020,37.207015,-120.253036
WDR100030416,2020,273176,Le Grand WWTF,* WDR Site,CENTRAL VALLEY RWQCB (REGION 5F),N,NaN,WWTP,4/27/2021,37.207015,-120.253036
WDR100030416,2021,273176,Le Grand WWTF,* WDR Site,CENTRAL VALLEY RWQCB (REGION 5F),N,NaN,WWTP,1/12/2022,37.207015,-120.253036
WDR100030499,2019,201071,Madera Cnty #27-Goldside Estates WWTF,* WDR Site,CENTRAL VALLEY RWQCB (REGION 5F),N,NaN,WWTP,4/14/2020,37.33596,-119.70742
WDR100030499,2020,201071,Madera Cnty #27-Goldside Estates WWTF,* WDR Site,CENTRAL VALLEY RWQCB (REGION 5F),N,NaN,WWTP,2/17/2021,37.33596,-119.70742
WDR100030499,2021,201071,Madera Cnty #27-Goldside Estates WWTF,* WDR Site,CENTRAL VALLEY RWQCB (REGION 5F),N,NaN,WWTP,3/23/2022,37.33596,-119.70742
WDR100030499,2022,201071,Madera Cnty #27-Goldside Estates WWTF,* WDR Site,CENTRAL VALLEY RWQCB (REGION 5F),N,NaN,WWTP,2/13/2023,37.33596,-119.70742
WDR100029436,2019,213002,Calaveras Timber Trails WWTF & Disposal Facility,* WDR Site,CENTRAL VALLEY RWQCB (REGION 5S),N,NaN,WWTP,8/3/2020,38.20207,-120.38671
WDR100029436,2020,213002,Calaveras Timber Trails WWTF & Disposal Facility,* WDR Site,CENTRAL VALLEY RWQCB (REGION 5S),N,NaN,WWTP,3/8/2021,38.20207,-120.38671
WDR100029436,2021,213002,Calaveras Timber Trails WWTF & Disposal Facility,* WDR Site,CENTRAL VALLEY RWQCB (REGION 5S),N,NaN,WWTP,3/10/2022,38.20207,-120.38671
WDR100029436,2022,213002,Calaveras Timber Trails WWTF & Disposal Facility,* WDR Site,CENTRAL VALLEY RWQCB (REGION 5S),N,NaN,WWTP,4/10/2023,38.20207,-120.38671
WDR100028557,2019,212847,Camanche North Shore WWTP,* WDR Site,CENTRAL VALLEY RWQCB (REGION 5S),N,NaN,WWTP,4/1/2020,38.293152,-120.927743
WDR100028557,2020,212847,Camanche North Shore WWTP,* WDR Site,CENTRAL VALLEY RWQCB (REGION 5S),N,NaN,WWTP,2/25/2021,38.293152,-120.927743
WDR100028557,2021,212847,Camanche North Shore WWTP,* WDR Site,CENTRAL VALLEY RWQCB (REGION 5S),N,NaN,WWTP,3/22/2022,38.293152,-120.927743
WDR100028557,2022,212847,Camanche North Shore WWTP,* WDR Site,CENTRAL VALLEY RWQCB (REGION 5S),N,NaN,WWTP,3/1/2023,38.293152,-120.927743
WDR100028745,2019,222071,Eastern Sierra CSD WWTF,* WDR Site,LAHONTAN RWQCB (REGION 6V),N,NaN,WWTP,4/9/2020,37.355471,-118.369097
WDR100028745,2020,222071,Eastern Sierra CSD WWTF,* WDR Site,LAHONTAN RWQCB (REGION 6V),N,NaN,WWTP,3/8/2021,37.355471,-118.369097
WDR100028745,2021,222071,Eastern Sierra CSD WWTF,* WDR Site,LAHONTAN RWQCB (REGION 6V),N,NaN,WWTP,4/28/2022,37.355471,-118.369097
WDR100028745,2022,222071,Eastern Sierra CSD WWTF,* WDR Site,LAHONTAN RWQCB (REGION 6V),N,NaN,WWTP,4/27/2023,37.355471,-118.369097
WDR100027318,2020,208769,Barstow Wastewater Treatment Plant,* WDR Site,LAHONTAN RWQCB (REGION 6V),Y,N,WWTP RW,1/12/2021,34.884568,-116.980925
WDR100027318,2019,208769,Barstow Wastewater Treatment Plant,* WDR Site,LAHONTAN RWQCB (REGION 6V),Y,N,WWTP RW,3/5/2020,34.884568,-116.980925
WDR100027318,2021,208769,Barstow Wastewater Treatment Plant,* WDR Site,LAHONTAN RWQCB (REGION 6V),Y,N,WWTP RW,1/12/2022,34.884568,-116.980925
WDR100027318,2022,208769,Barstow Wastewater Treatment Plant,* WDR Site,LAHONTAN RWQCB (REGION 6V),Y,N,WWTP RW,4/12/2023,34.884568,-116.980925
WDR100029738,2019,216135,Crestline SD Three WTF's,* WDR Site,LAHONTAN RWQCB (REGION 6V),Y,N,WWTP RW,4/28/2020,34.254284,-117.270822
WDR100029738,2020,216135,Crestline SD Three WTF's,* WDR Site,LAHONTAN RWQCB (REGION 6V),Y,N,WWTP RW,4/27/2021,34.254284,-117.270822
WDR100029738,2021,216135,Crestline SD Three WTF's,* WDR Site,LAHONTAN RWQCB (REGION 6V),N,NaN,WWTP,4/18/2022,34.254284,-117.270822
WDR100029738,2022,216135,Crestline SD Three WTF's,* WDR Site,LAHONTAN RWQCB (REGION 6V),Y,N,WWTP RW,4/27/2023,34.254284,-117.270822
WDR100031418,2019,263043,Tecopa Hot Springs Park WWTF,* WDR Site,LAHONTAN RWQCB (REGION 6V),N,NaN,WWTP,7/8/2020,35.872813,-116.234545
WDR100031418,2020,263043,Tecopa Hot Springs Park WWTF,* WDR Site,LAHONTAN RWQCB (REGION 6V),N,NaN,WWTP,4/28/2021,35.872813,-116.234545
WDR100031418,2021,263043,Tecopa Hot Springs Park WWTF,* WDR Site,LAHONTAN RWQCB (REGION 6V),N,NaN,WWTP,8/15/2022,35.872813,-116.234545
WDR100031418,2022,263043,Tecopa Hot Springs Park WWTF,* WDR Site,LAHONTAN RWQCB (REGION 6V),N,NaN,WWTP,3/6/2023,35.872813,-116.234545
WDR100027966,2019,209528,Big Pine STP,* WDR Site,LAHONTAN RWQCB (REGION 6V),Y,N,WWTP RW,5/20/2021,37.17189,-118.278224
WDR100027966,2021,209528,Big Pine STP,* WDR Site,LAHONTAN RWQCB (REGION 6V),N,NaN,WWTP,1/11/2022,37.17189,-118.278224
WDR100027966,2020,209528,Big Pine STP,* WDR Site,LAHONTAN RWQCB (REGION 6V),N,NaN,WWTP,5/20/2021,37.17189,-118.278224
WDR100027966,2022,209528,Big Pine STP,* WDR Site,LAHONTAN RWQCB (REGION 6V),N,NaN,WWTP,1/13/2023,37.17189,-118.278224
WDR100028677,2019,259209,Perris Valley RWRF,* WDR Site,SANTA ANA RWQCB (REGION 8),Y,N,WWTP RW,5/4/2020,33.76375,-117.20571
WDR100028677,2020,259209,Perris Valley RWRF,* WDR Site,SANTA ANA RWQCB (REGION 8),Y,N,WWTP RW,3/23/2021,33.76375,-117.20571
WDR100028677,2021,259209,Perris Valley RWRF,* WDR Site,SANTA ANA RWQCB (REGION 8),Y,N,WWTP RW,4/28/2022,33.76375,-117.20571
WDR100028677,2022,259209,Perris Valley RWRF,* WDR Site,SANTA ANA RWQCB (REGION 8),Y,N,WWTP RW,4/26/2023,33.76375,-117.20571
WDR100028736,2019,259223,Sun City RWRF,* WDR Site,SANTA ANA RWQCB (REGION 8),N,NaN,WWTP,4/22/2020,33.69659,-117.21116
WDR100028736,2021,259223,Sun City RWRF,* WDR Site,SANTA ANA RWQCB (REGION 8),N,NaN,WWTP,3/8/2022,33.69659,-117.21116
WDR100028736,2020,259223,Sun City RWRF,* WDR Site,SANTA ANA RWQCB (REGION 8),N,NaN,WWTP,3/9/2021,33.69659,-117.21116
WDR100028736,2022,259223,Sun City RWRF,* WDR Site,SANTA ANA RWQCB (REGION 8),Y,N,WWTP RW,4/26/2023,33.69659,-117.21116
WDR100028673,2019,259203,Moreno Valley RWRF,* WDR Site,SANTA ANA RWQCB (REGION 8),Y,N,WWTP RW,5/4/2020,33.87195,-117.21607
WDR100028673,2020,259203,Moreno Valley RWRF,* WDR Site,SANTA ANA RWQCB (REGION 8),Y,N,WWTP RW,3/23/2021,33.87195,-117.21607
WDR100028673,2021,259203,Moreno Valley RWRF,* WDR Site,SANTA ANA RWQCB (REGION 8),Y,N,WWTP RW,6/7/2022,33.87195,-117.21607
WDR100028673,2022,259203,Moreno Valley RWRF,* WDR Site,SANTA ANA RWQCB (REGION 8),Y,N,WWTP RW,4/26/2023,33.87195,-117.21607
WDR100028457,2019,225089,Fortuna City WWTP,* WDR Site,NORTH COAST RWQCB (REGION 1),N,NaN,WWTP,3/26/2020,40.59083,-124.15844
WDR100028457,2021,225089,Fortuna City WWTP,* WDR Site,NORTH COAST RWQCB (REGION 1),N,NaN,WWTP,1/10/2022,40.59083,-124.15844
WDR100028457,2020,225089,Fortuna City WWTP,* WDR Site,NORTH COAST RWQCB (REGION 1),N,NaN,WWTP,2/11/2021,40.59083,-124.15844
WDR100028457,2022,225089,Fortuna City WWTP,* WDR Site,NORTH COAST RWQCB (REGION 1),N,NaN,WWTP,1/10/2023,40.59083,-124.15844
WDR100031577,2019,228057,Groveland WWTF,* WDR Site,CENTRAL VALLEY RWQCB (REGION 5F),Y,N,WWTP RW,8/3/2020,37.84458,-120.22898
WDR100031577,2020,228057,Groveland WWTF,* WDR Site,CENTRAL VALLEY RWQCB (REGION 5F),Y,N,WWTP RW,3/2/2021,37.84458,-120.22898
WDR100031577,2021,228057,Groveland WWTF,* WDR Site,CENTRAL VALLEY RWQCB (REGION 5F),Y,N,WWTP RW,3/29/2022,37.84458,-120.22898
WDR100031577,2022,228057,Groveland WWTF,* WDR Site,CENTRAL VALLEY RWQCB (REGION 5F),Y,N,WWTP RW,4/24/2023,37.84458,-120.22898
WDR100033693,2019,244565,North San Juan WW Facility,* WDR Site,CENTRAL VALLEY RWQCB (REGION 5S),N,NaN,WWTP,4/15/2020,39.37169,-121.10391
WDR100033693,2020,244565,North San Juan WW Facility,* WDR Site,CENTRAL VALLEY RWQCB (REGION 5S),N,NaN,WWTP,4/29/2021,39.37169,-121.10391
WDR100033693,2021,244565,North San Juan WW Facility,* WDR Site,CENTRAL VALLEY RWQCB (REGION 5S),N,NaN,WWTP,2/24/2022,39.37169,-121.10391
WDR100033693,2022,244565,North San Juan WW Facility,* WDR Site,CENTRAL VALLEY RWQCB (REGION 5S),N,NaN,WWTP,4/28/2023,39.37169,-121.10391
WDR100028733,2019,259193,San Jacinto Valley RWRF,* WDR Site,SANTA ANA RWQCB (REGION 8),Y,N,WWTP RW,5/4/2020,33.79804,-117.01189
WDR100028733,2021,259193,San Jacinto Valley RWRF,* WDR Site,SANTA ANA RWQCB (REGION 8),Y,N,WWTP RW,5/5/2022,33.79804,-117.01189
WDR100028733,2020,259193,San Jacinto Valley RWRF,* WDR Site,SANTA ANA RWQCB (REGION 8),Y,N,WWTP RW,3/23/2021,33.79804,-117.01189
WDR100028733,2022,259193,San Jacinto Valley RWRF,* WDR Site,SANTA ANA RWQCB (REGION 8),Y,N,WWTP RW,4/26/2023,33.79804,-117.01189
WDR100028561,2019,222916,Escalon Treatment Plant,* WDR Site,CENTRAL VALLEY RWQCB (REGION 5S),N,NaN,WWTP,3/31/2020,37.758961,-121.00343
WDR100028561,2020,222916,Escalon Treatment Plant,* WDR Site,CENTRAL VALLEY RWQCB (REGION 5S),N,NaN,WWTP,4/21/2021,37.758961,-121.00343
WDR100028561,2022,222916,Escalon Treatment Plant,* WDR Site,CENTRAL VALLEY RWQCB (REGION 5S),N,NaN,WWTP,2/28/2023,37.758961,-121.00343
WDR100028561,2021,222916,Escalon Treatment Plant,* WDR Site,CENTRAL VALLEY RWQCB (REGION 5S),N,NaN,WWTP,2/28/2023,37.758961,-121.00343
WDR100035359,2019,252695,Ridgecrest WTF,* WDR Site,LAHONTAN RWQCB (REGION 6V),Y,N,WWTP RW,8/13/2020,35.670026,-117.638706
WDR100035359,2020,252695,Ridgecrest WTF,* WDR Site,LAHONTAN RWQCB (REGION 6V),Y,N,WWTP RW,1/22/2021,35.670026,-117.638706
WDR100035359,2021,252695,Ridgecrest WTF,* WDR Site,LAHONTAN RWQCB (REGION 6V),Y,N,WWTP RW,2/4/2022,35.670026,-117.638706
WDR100035359,2022,252695,Ridgecrest WTF,* WDR Site,LAHONTAN RWQCB (REGION 6V),Y,N,WWTP RW,4/10/2023,35.670026,-117.638706
WDR100037216,2019,269543,US Coast Guard TRACEN - Tomales,* WDR Site,NORTH COAST RWQCB (REGION 1),Y,N,WWTP RW,3/20/2020,38.25122,-122.78636
WDR100037216,2020,269543,US Coast Guard TRACEN - Tomales,* WDR Site,NORTH COAST RWQCB (REGION 1),Y,N,WWTP RW,2/5/2021,38.25122,-122.78636
WDR100037216,2021,269543,US Coast Guard TRACEN - Tomales,* WDR Site,NORTH COAST RWQCB (REGION 1),Y,N,WWTP RW,1/12/2022,38.25122,-122.78636
WDR100037216,2022,269543,US Coast Guard TRACEN - Tomales,* WDR Site,NORTH COAST RWQCB (REGION 1),Y,N,WWTP RW,2/21/2023,38.25122,-122.78636
WDR100029948,2019,212424,California Utilities,* WDR Site,CENTRAL COAST RWQCB (REGION 3),N,NaN,WWTP,5/27/2020,36.62745,-121.68772
WDR100029948,2020,212424,California Utilities,* WDR Site,CENTRAL COAST RWQCB (REGION 3),N,NaN,WWTP,4/5/2021,36.62745,-121.68772
WDR100029948,2021,212424,California Utilities,* WDR Site,CENTRAL COAST RWQCB (REGION 3),N,NaN,WWTP,4/5/2022,36.62745,-121.68772
WDR100029948,2022,212424,California Utilities,* WDR Site,CENTRAL COAST RWQCB (REGION 3),N,NaN,WWTP,3/27/2023,36.62745,-121.68772
WDR100027479,2019,213580,"CCC @ Susanville, CSP-LC WTF",* WDR Site,LAHONTAN RWQCB (REGION 6T),N,NaN,WWTP,3/20/2020,40.4021,-120.51432
WDR100027479,2020,213580,"CCC @ Susanville, CSP-LC WTF",* WDR Site,LAHONTAN RWQCB (REGION 6T),N,NaN,WWTP,4/23/2021,40.4021,-120.51432
WDR100027479,2021,213580,"CCC @ Susanville, CSP-LC WTF",* WDR Site,LAHONTAN RWQCB (REGION 6T),N,NaN,WWTP,1/11/2022,40.4021,-120.51432
WDR100027479,2022,213580,"CCC @ Susanville, CSP-LC WTF",* WDR Site,LAHONTAN RWQCB (REGION 6T),N,NaN,WWTP,4/11/2023,40.4021,-120.51432
WDR100028527,2019,201076,Fresno Cnty #34-Millerton New Town WWTF,* WDR Site,CENTRAL VALLEY RWQCB (REGION 5F),Y,N,WWTP RW,6/11/2020,36.97876,-119.64877
WDR100028527,2020,201076,Fresno Cnty #34-Millerton New Town WWTF,* WDR Site,CENTRAL VALLEY RWQCB (REGION 5F),Y,N,WWTP RW,4/29/2021,36.97876,-119.64877
WDR100028527,2021,201076,Fresno Cnty #34-Millerton New Town WWTF,* WDR Site,CENTRAL VALLEY RWQCB (REGION 5F),Y,N,WWTP RW,4/26/2022,36.97876,-119.64877
WDR100028527,2022,201076,Fresno Cnty #34-Millerton New Town WWTF,* WDR Site,CENTRAL VALLEY RWQCB (REGION 5F),Y,N,WWTP RW,4/27/2023,36.97876,-119.64877
WDR100034221,2019,214665,Taft WWTF,* WDR Site,CENTRAL VALLEY RWQCB (REGION 5F),Y,N,WWTP RW,8/28/2020,35.15011,-119.42701
WDR100034221,2020,214665,Taft WWTF,* WDR Site,CENTRAL VALLEY RWQCB (REGION 5F),Y,N,WWTP RW,4/26/2021,35.15011,-119.42701
WDR100034221,2021,214665,Taft WWTF,* WDR Site,CENTRAL VALLEY RWQCB (REGION 5F),Y,N,WWTP RW,1/21/2022,35.15011,-119.42701
WDR100034221,2022,214665,Taft WWTF,* WDR Site,CENTRAL VALLEY RWQCB (REGION 5F),Y,N,WWTP RW,1/4/2023,35.15011,-119.42701
WDR100034298,2019,257379,Skyline Ranch Country Club,* WDR Site,SAN DIEGO RWQCB (REGION 9),Y,N,WWTP RW,9/3/2020,33.20739,-116.94956
WDR100034298,2020,257379,Skyline Ranch Country Club,* WDR Site,SAN DIEGO RWQCB (REGION 9),Y,N,WWTP RW,2/18/2021,33.20739,-116.94956
WDR100034298,2021,257379,Skyline Ranch Country Club,* WDR Site,SAN DIEGO RWQCB (REGION 9),Y,N,WWTP RW,3/5/2022,33.20739,-116.94956
WDR100034298,2022,257379,Skyline Ranch Country Club,* WDR Site,SAN DIEGO RWQCB (REGION 9),Y,N,WWTP RW,2/14/2023,33.20739,-116.94956
WDR100031912,2019,230555,Hollister Domestic WWTP,* WDR Site,CENTRAL COAST RWQCB (REGION 3),Y,N,WWTP RW,8/14/2020,36.85277,-121.44442
WDR100031912,2021,230555,Hollister Domestic WWTP,* WDR Site,CENTRAL COAST RWQCB (REGION 3),Y,N,WWTP RW,3/4/2022,36.85277,-121.44442
WDR100031912,2020,230555,Hollister Domestic WWTP,* WDR Site,CENTRAL COAST RWQCB (REGION 3),Y,N,WWTP RW,4/6/2021,36.85277,-121.44442
WDR100031912,2022,230555,Hollister Domestic WWTP,* WDR Site,CENTRAL COAST RWQCB (REGION 3),Y,N,WWTP RW,3/15/2023,36.85277,-121.44442
WDR100027289,2019,210972,Byron Sanitary District WWTF,* WDR Site,CENTRAL VALLEY RWQCB (REGION 5S),N,NaN,WWTP,6/30/2020,37.866667,-121.617222
WDR100027289,2020,210972,Byron Sanitary District WWTF,* WDR Site,CENTRAL VALLEY RWQCB (REGION 5S),N,NaN,WWTP,9/24/2021,37.866667,-121.617222
WDR100027289,2021,210972,Byron Sanitary District WWTF,* WDR Site,CENTRAL VALLEY RWQCB (REGION 5S),N,NaN,WWTP,5/5/2022,37.866667,-121.617222
WDR100027289,2022,210972,Byron Sanitary District WWTF,* WDR Site,CENTRAL VALLEY RWQCB (REGION 5S),N,NaN,WWTP,5/17/2023,37.866667,-121.617222
WDR100030702,2019,736188,Lake Cnty SD Kelseyville WWD No. 3 Kelseyville WWTF,* WDR Site,CENTRAL VALLEY RWQCB (REGION 5S),N,NaN,WWTP,4/28/2020,38.99126,-122.83065
WDR100030702,2020,736188,Lake Cnty SD Kelseyville WWD No. 3 Kelseyville WWTF,* WDR Site,CENTRAL VALLEY RWQCB (REGION 5S),N,NaN,WWTP,4/6/2021,38.99126,-122.83065
WDR100030702,2021,736188,Lake Cnty SD Kelseyville WWD No. 3 Kelseyville WWTF,* WDR Site,CENTRAL VALLEY RWQCB (REGION 5S),N,NaN,WWTP,4/25/2022,38.99126,-122.83065
WDR100030702,2022,736188,Lake Cnty SD Kelseyville WWD No. 3 Kelseyville WWTF,* WDR Site,CENTRAL VALLEY RWQCB (REGION 5S),N,NaN,WWTP,3/21/2023,38.99126,-122.83065
WDR100037211,2019,235208,Konocti Harbor Resort,* WDR Site,CENTRAL VALLEY RWQCB (REGION 5S),N,NaN,WWTP,6/26/2020,38.941698,-122.738172
WDR100037211,2020,235208,Konocti Harbor Resort,* WDR Site,CENTRAL VALLEY RWQCB (REGION 5S),N,NaN,WWTP,2/16/2021,38.941698,-122.738172
WDR100037211,2021,235208,Konocti Harbor Resort,* WDR Site,CENTRAL VALLEY RWQCB (REGION 5S),N,NaN,WWTP,2/10/2022,38.941698,-122.738172
WDR100026887,2019,248424,Pine Grove Community Leachfield System,* WDR Site,CENTRAL VALLEY RWQCB (REGION 5S),N,NaN,WWTP,4/13/2020,38.38325,-120.78853
WDR100037076,2019,229873,Trinity County Waterworks District #1 Hayfork WWTP,* WDR Site,NORTH COAST RWQCB (REGION 1),N,NaN,WWTP,8/12/2020,40.54044,-123.20216
WDR100037076,2021,229873,Trinity County Waterworks District #1 Hayfork WWTP,* WDR Site,NORTH COAST RWQCB (REGION 1),N,NaN,WWTP,1/26/2022,40.54044,-123.20216
WDR100037076,2020,229873,Trinity County Waterworks District #1 Hayfork WWTP,* WDR Site,NORTH COAST RWQCB (REGION 1),N,NaN,WWTP,5/18/2021,40.54044,-123.20216
WDR100037076,2022,229873,Trinity County Waterworks District #1 Hayfork WWTP,* WDR Site,NORTH COAST RWQCB (REGION 1),N,NaN,WWTP,1/25/2023,40.54044,-123.20216
WDR100034219,2019,262797,Taft Federal Prison WWTF,* WDR Site,CENTRAL VALLEY RWQCB (REGION 5F),N,NaN,WWTP,8/28/2020,35.11073,-119.380362
WDR100034219,2020,262797,Taft Federal Prison WWTF,* WDR Site,CENTRAL VALLEY RWQCB (REGION 5F),N,NaN,WWTP,4/26/2021,35.11073,-119.380362
WDR100034219,2021,262797,Taft Federal Prison WWTF,* WDR Site,CENTRAL VALLEY RWQCB (REGION 5F),N,NaN,WWTP,1/21/2022,35.11073,-119.380362
WDR100034219,2022,262797,Taft Federal Prison WWTF,* WDR Site,CENTRAL VALLEY RWQCB (REGION 5F),N,NaN,WWTP,1/3/2023,35.11073,-119.380362
WDR100028344,2019,273115,Fresno Regional WWTF,* WDR Site,CENTRAL VALLEY RWQCB (REGION 5F),Y,N,WWTP RW,3/24/2020,36.70638,-119.890539
WDR100028344,2020,273115,Fresno Regional WWTF,* WDR Site,CENTRAL VALLEY RWQCB (REGION 5F),Y,N,WWTP RW,5/12/2021,36.70638,-119.890539
WDR100028344,2021,273115,Fresno Regional WWTF,* WDR Site,CENTRAL VALLEY RWQCB (REGION 5F),Y,N,WWTP RW,2/16/2022,36.70638,-119.890539
WDR100028344,2022,273115,Fresno Regional WWTF,* WDR Site,CENTRAL VALLEY RWQCB (REGION 5F),Y,N,WWTP RW,2/8/2023,36.70638,-119.890539
WDR100029268,2019,212858,Cambria CSD WWTP,* WDR Site,CENTRAL COAST RWQCB (REGION 3),Y,N,WWTP RW,4/8/2020,35.56323,-121.09079
WDR100029268,2021,212858,Cambria CSD WWTP,* WDR Site,CENTRAL COAST RWQCB (REGION 3),N,NaN,WWTP,1/19/2022,35.56323,-121.09079
WDR100029268,2020,212858,Cambria CSD WWTP,* WDR Site,CENTRAL COAST RWQCB (REGION 3),N,NaN,WWTP,6/14/2022,35.56323,-121.09079
WDR100029268,2022,212858,Cambria CSD WWTP,* WDR Site,CENTRAL COAST RWQCB (REGION 3),N,NaN,WWTP,1/24/2023,35.56323,-121.09079
WDR100035384,2019,245581,Oak Shores Development CSA-7A,* WDR Site,CENTRAL COAST RWQCB (REGION 3),N,NaN,WWTP,4/30/2020,35.75317,-120.98514
WDR100035384,2020,245581,Oak Shores Development CSA-7A,* WDR Site,CENTRAL COAST RWQCB (REGION 3),N,NaN,WWTP,4/30/2021,35.75317,-120.98514
WDR100035384,2022,245581,Oak Shores Development CSA-7A,* WDR Site,CENTRAL COAST RWQCB (REGION 3),N,NaN,WWTP,3/2/2023,35.75317,-120.98514
WDR100035384,2021,245581,Oak Shores Development CSA-7A,* WDR Site,CENTRAL COAST RWQCB (REGION 3),N,NaN,WWTP,4/11/2022,35.75317,-120.98514
WDR100033596,2021,236252,Lake San Antonio Southshore WWTP,* WDR Site,CENTRAL COAST RWQCB (REGION 3),N,NaN,WWTP,4/11/2022,35.81684,-120.95917
WDR100033596,2022,236252,Lake San Antonio Southshore WWTP,* WDR Site,CENTRAL COAST RWQCB (REGION 3),N,NaN,WWTP,5/1/2023,35.81684,-120.95917
WDR100032587,2019,251975,"Reclam,OCWD-Green Acres",* WDR Site,SANTA ANA RWQCB (REGION 8),Y,Y,RWP,4/30/2020,33.69417,-117.94543
WDR100032587,2020,251975,"Reclam,OCWD-Green Acres",* WDR Site,SANTA ANA RWQCB (REGION 8),Y,Y,RWP,4/13/2021,33.69417,-117.94543
WDR100032587,2021,251975,"Reclam,OCWD-Green Acres",* WDR Site,SANTA ANA RWQCB (REGION 8),Y,Y,RWP,3/11/2022,33.69417,-117.94543
WDR100032587,2022,251975,"Reclam,OCWD-Green Acres",* WDR Site,SANTA ANA RWQCB (REGION 8),Y,Y,RWP,3/20/2023,33.69417,-117.94543
WDR100028606,2019,212853,Camanche South Shore WWTP,* WDR Site,CENTRAL VALLEY RWQCB (REGION 5S),N,NaN,WWTP,4/8/2020,38.21259,-120.91144
WDR100028606,2020,212853,Camanche South Shore WWTP,* WDR Site,CENTRAL VALLEY RWQCB (REGION 5S),N,NaN,WWTP,2/25/2021,38.21259,-120.91144
WDR100028606,2021,212853,Camanche South Shore WWTP,* WDR Site,CENTRAL VALLEY RWQCB (REGION 5S),N,NaN,WWTP,3/22/2022,38.21259,-120.91144
WDR100028606,2022,212853,Camanche South Shore WWTP,* WDR Site,CENTRAL VALLEY RWQCB (REGION 5S),N,NaN,WWTP,3/1/2023,38.21259,-120.91144
WDR100034937,2019,262840,Tahoe Truckee Sanitation Agency,* WDR Site,LAHONTAN RWQCB (REGION 6T),N,NaN,WWTP,6/29/2020,39.3390439,-120.1277733
WDR100034937,2020,262840,Tahoe Truckee Sanitation Agency,* WDR Site,LAHONTAN RWQCB (REGION 6T),N,NaN,WWTP,4/26/2021,39.3390439,-120.1277733
WDR100034937,2021,262840,Tahoe Truckee Sanitation Agency,* WDR Site,LAHONTAN RWQCB (REGION 6T),N,NaN,WWTP,2/9/2022,39.3390439,-120.1277733
WDR100034937,2022,262840,Tahoe Truckee Sanitation Agency,* WDR Site,LAHONTAN RWQCB (REGION 6T),N,NaN,WWTP,4/24/2023,39.3390439,-120.1277733
WDR100036383,2019,272537,Wild Wings Water Recycling Facility,* WDR Site,CENTRAL VALLEY RWQCB (REGION 5S),Y,N,WWTP RW,5/20/2020,38.66969,-121.87069
WDR100036383,2020,272537,Wild Wings Water Recycling Facility,* WDR Site,CENTRAL VALLEY RWQCB (REGION 5S),N,NaN,WWTP,4/14/2021,38.66969,-121.87069
WDR100036383,2022,272537,Wild Wings Water Recycling Facility,* WDR Site,CENTRAL VALLEY RWQCB (REGION 5S),Y,N,WWTP RW,8/8/2023,38.66969,-121.87069
WDR100026779,2019,205396,Amador City WW Export System,* WDR Site,CENTRAL VALLEY RWQCB (REGION 5S),N,NaN,WWTP,6/29/2020,38.08429,-120.56149
WDR100026779,2020,205396,Amador City WW Export System,* WDR Site,CENTRAL VALLEY RWQCB (REGION 5S),N,NaN,WWTP,4/21/2021,38.08429,-120.56149
WDR100026779,2021,205396,Amador City WW Export System,* WDR Site,CENTRAL VALLEY RWQCB (REGION 5S),N,NaN,WWTP,4/4/2022,38.08429,-120.56149
WDR100026779,2022,205396,Amador City WW Export System,* WDR Site,CENTRAL VALLEY RWQCB (REGION 5S),N,NaN,WWTP,3/14/2023,38.08429,-120.56149
WDR100035855,2019,273187,SKF CSD WWTF,* WDR Site,CENTRAL VALLEY RWQCB (REGION 5F),N,NaN,WWTP,4/16/2020,36.517963,-119.587906
WDR100035855,2020,273187,SKF CSD WWTF,* WDR Site,CENTRAL VALLEY RWQCB (REGION 5F),N,NaN,WWTP,3/3/2021,36.517963,-119.587906
WDR100035855,2021,273187,SKF CSD WWTF,* WDR Site,CENTRAL VALLEY RWQCB (REGION 5F),N,NaN,WWTP,4/27/2022,36.517963,-119.587906
WDR100035855,2022,273187,SKF CSD WWTF,* WDR Site,CENTRAL VALLEY RWQCB (REGION 5F),N,NaN,WWTP,3/14/2023,36.517963,-119.587906
WDR100031387,2019,227893,"Greenfield WWTP, City of",* WDR Site,CENTRAL COAST RWQCB (REGION 3),N,NaN,WWTP,7/20/2020,36.34086,-121.22414
WDR100031387,2020,227893,"Greenfield WWTP, City of",* WDR Site,CENTRAL COAST RWQCB (REGION 3),N,NaN,WWTP,4/30/2021,36.34086,-121.22414
WDR100031387,2021,227893,"Greenfield WWTP, City of",* WDR Site,CENTRAL COAST RWQCB (REGION 3),N,NaN,WWTP,3/24/2022,36.34086,-121.22414
WDR100031387,2022,227893,"Greenfield WWTP, City of",* WDR Site,CENTRAL COAST RWQCB (REGION 3),N,NaN,WWTP,4/26/2023,36.34086,-121.22414
WDR100036965,2019,707474,Trimmer Recreation Area - Pine Flat Lake,* WDR Site,CENTRAL VALLEY RWQCB (REGION 5F),N,NaN,WWTP,6/30/2020,36.86416,-119.31528
WDR100036965,2020,707474,Trimmer Recreation Area - Pine Flat Lake,* WDR Site,CENTRAL VALLEY RWQCB (REGION 5F),N,NaN,WWTP,4/1/2021,36.86416,-119.31528
WDR100036965,2021,707474,Trimmer Recreation Area - Pine Flat Lake,* WDR Site,CENTRAL VALLEY RWQCB (REGION 5F),N,NaN,WWTP,5/2/2022,36.86416,-119.31528
WDR100036965,2022,707474,Trimmer Recreation Area - Pine Flat Lake,* WDR Site,CENTRAL VALLEY RWQCB (REGION 5F),N,NaN,WWTP,4/28/2023,36.86416,-119.31528
WDR100037417,2019,236857,Lemoore NAS WWTF,* WDR Site,CENTRAL VALLEY RWQCB (REGION 5F),N,NaN,WWTP,8/13/2020,36.27557,-119.82353
WDR100037417,2020,236857,Lemoore NAS WWTF,* WDR Site,CENTRAL VALLEY RWQCB (REGION 5F),N,NaN,WWTP,4/12/2021,36.27557,-119.82353
WDR100037417,2021,236857,Lemoore NAS WWTF,* WDR Site,CENTRAL VALLEY RWQCB (REGION 5F),N,NaN,WWTP,2/6/2022,36.27557,-119.82353
WDR100037417,2022,236857,Lemoore NAS WWTF,* WDR Site,CENTRAL VALLEY RWQCB (REGION 5F),N,NaN,WWTP,4/4/2023,36.27557,-119.82353
WDR100028696,2020,273112,Exeter WWTF,* WDR Site,CENTRAL VALLEY RWQCB (REGION 5F),N,NaN,WWTP,11/29/2021,36.28927,-119.14325
WDR100028696,2019,273112,Exeter WWTF,* WDR Site,CENTRAL VALLEY RWQCB (REGION 5F),N,NaN,WWTP,11/29/2021,36.28927,-119.14325
WDR100028696,2021,273112,Exeter WWTF,* WDR Site,CENTRAL VALLEY RWQCB (REGION 5F),N,NaN,WWTP,4/4/2022,36.28927,-119.14325
WDR100028696,2022,273112,Exeter WWTF,* WDR Site,CENTRAL VALLEY RWQCB (REGION 5F),N,NaN,WWTP,4/18/2023,36.28927,-119.14325
WDR100027968,2019,209527,Big Pine Indian RES WTF,* WDR Site,LAHONTAN RWQCB (REGION 6V),N,NaN,WWTP,7/16/2020,37.167149,-118.277024
WDR100027968,2020,209527,Big Pine Indian RES WTF,* WDR Site,LAHONTAN RWQCB (REGION 6V),N,NaN,WWTP,4/27/2021,37.167149,-118.277024
WDR100027968,2021,209527,Big Pine Indian RES WTF,* WDR Site,LAHONTAN RWQCB (REGION 6V),N,NaN,WWTP,5/2/2022,37.167149,-118.277024
WDR100027968,2022,209527,Big Pine Indian RES WTF,* WDR Site,LAHONTAN RWQCB (REGION 6V),N,NaN,WWTP,4/27/2023,37.167149,-118.277024
WDR100027470,2019,210082,Boron STP,* WDR Site,LAHONTAN RWQCB (REGION 6V),N,NaN,WWTP,4/28/2020,35.003954,-117.676913
WDR100027470,2020,210082,Boron STP,* WDR Site,LAHONTAN RWQCB (REGION 6V),N,NaN,WWTP,4/12/2021,35.003954,-117.676913
WDR100027470,2021,210082,Boron STP,* WDR Site,LAHONTAN RWQCB (REGION 6V),N,NaN,WWTP,3/4/2022,35.003954,-117.676913
WDR100027470,2022,210082,Boron STP,* WDR Site,LAHONTAN RWQCB (REGION 6V),N,NaN,WWTP,3/1/2023,35.003954,-117.676913
WDR100036791,2019,227381,New Melones Lake Glory Hole Recreation Area,* WDR Site,CENTRAL VALLEY RWQCB (REGION 5S),N,NaN,WWTP,9/2/2020,38.04594,-120.52594
WDR100036791,2020,227381,New Melones Lake Glory Hole Recreation Area,* WDR Site,CENTRAL VALLEY RWQCB (REGION 5S),N,NaN,WWTP,2/11/2021,38.04594,-120.52594
WDR100036791,2021,227381,New Melones Lake Glory Hole Recreation Area,* WDR Site,CENTRAL VALLEY RWQCB (REGION 5S),N,NaN,WWTP,1/14/2022,38.04594,-120.52594
WDR100036791,2022,227381,New Melones Lake Glory Hole Recreation Area,* WDR Site,CENTRAL VALLEY RWQCB (REGION 5S),N,NaN,WWTP,3/16/2023,38.04594,-120.52594
WDR100036562,2019,273196,Wasco WWTF,* WDR Site,CENTRAL VALLEY RWQCB (REGION 5F),Y,N,WWTP RW,6/23/2020,35.59618,-119.3876
WDR100036562,2020,273196,Wasco WWTF,* WDR Site,CENTRAL VALLEY RWQCB (REGION 5F),Y,N,WWTP RW,4/29/2021,35.59618,-119.3876
WDR100036562,2021,273196,Wasco WWTF,* WDR Site,CENTRAL VALLEY RWQCB (REGION 5F),Y,N,WWTP RW,4/12/2022,35.59618,-119.3876
WDR100036562,2022,273196,Wasco WWTF,* WDR Site,CENTRAL VALLEY RWQCB (REGION 5F),Y,N,WWTP RW,2/14/2023,35.59618,-119.3876
WDR100030201,2019,241609,Mountain of Attn Sanctuary,* WDR Site,CENTRAL VALLEY RWQCB (REGION 5S),N,NaN,WWTP,4/2/2020,38.87197,-122.69093
WDR100030201,2020,241609,Mountain of Attn Sanctuary,* WDR Site,CENTRAL VALLEY RWQCB (REGION 5S),N,NaN,WWTP,2/22/2021,38.87197,-122.69093
WDR100030201,2021,241609,Mountain of Attn Sanctuary,* WDR Site,CENTRAL VALLEY RWQCB (REGION 5S),N,NaN,WWTP,3/28/2022,38.87197,-122.69093
WDR100030201,2022,241609,Mountain of Attn Sanctuary,* WDR Site,CENTRAL VALLEY RWQCB (REGION 5S),N,NaN,WWTP,2/28/2023,38.87197,-122.69093
WDR100032874,2019,248791,Point Arena Wastewater Treatment Plant,* WDR Site,NORTH COAST RWQCB (REGION 1),N,NaN,WWTP,6/24/2020,38.90839,-123.6966
WDR100032874,2021,248791,Point Arena Wastewater Treatment Plant,* WDR Site,NORTH COAST RWQCB (REGION 1),N,NaN,WWTP,1/10/2022,38.90839,-123.6966
WDR100032874,2020,248791,Point Arena Wastewater Treatment Plant,* WDR Site,NORTH COAST RWQCB (REGION 1),N,NaN,WWTP,2/11/2021,38.90839,-123.6966
WDR100032874,2022,248791,Point Arena Wastewater Treatment Plant,* WDR Site,NORTH COAST RWQCB (REGION 1),N,NaN,WWTP,1/25/2023,38.90839,-123.6966
WDR100036493,2019,272837,Winters WWTF,* WDR Site,CENTRAL VALLEY RWQCB (REGION 5S),N,NaN,WWTP,4/30/2020,38.52289,-121.96607
WDR100036493,2020,272837,Winters WWTF,* WDR Site,CENTRAL VALLEY RWQCB (REGION 5S),N,NaN,WWTP,1/19/2021,38.52289,-121.96607
WDR100036493,2021,272837,Winters WWTF,* WDR Site,CENTRAL VALLEY RWQCB (REGION 5S),N,NaN,WWTP,2/18/2022,38.52289,-121.96607
WDR100036493,2022,272837,Winters WWTF,* WDR Site,CENTRAL VALLEY RWQCB (REGION 5S),N,NaN,WWTP,1/26/2023,38.52289,-121.96607
WDR100029380,2019,272716,Wilseyville Wastewater Treatment Plant,* WDR Site,CENTRAL VALLEY RWQCB (REGION 5S),N,NaN,WWTP,6/29/2020,38.37459,-120.50968
WDR100029380,2020,272716,Wilseyville Wastewater Treatment Plant,* WDR Site,CENTRAL VALLEY RWQCB (REGION 5S),N,NaN,WWTP,4/29/2021,38.37459,-120.50968
WDR100029380,2021,272716,Wilseyville Wastewater Treatment Plant,* WDR Site,CENTRAL VALLEY RWQCB (REGION 5S),N,NaN,WWTP,4/29/2022,38.37459,-120.50968
WDR100029380,2022,272716,Wilseyville Wastewater Treatment Plant,* WDR Site,CENTRAL VALLEY RWQCB (REGION 5S),N,NaN,WWTP,4/3/2023,38.37459,-120.50968
WDR100036645,2019,204763,Airforce Research Lab STP,* WDR Site,LAHONTAN RWQCB (REGION 6V),N,NaN,WWTP,7/9/2020,34.908498,-117.698901
WDR100036645,2020,204763,Airforce Research Lab STP,* WDR Site,LAHONTAN RWQCB (REGION 6V),N,NaN,WWTP,4/27/2021,34.908498,-117.698901
WDR100036645,2021,204763,Airforce Research Lab STP,* WDR Site,LAHONTAN RWQCB (REGION 6V),N,NaN,WWTP,3/16/2022,34.908498,-117.698901
WDR100036645,2022,204763,Airforce Research Lab STP,* WDR Site,LAHONTAN RWQCB (REGION 6V),N,NaN,WWTP,4/13/2023,34.908498,-117.698901
WDR100035704,2019,208771,Barstow/Daggett Airport WTF,* WDR Site,LAHONTAN RWQCB (REGION 6V),N,NaN,WWTP,8/26/2020,34.864554,-116.784148
WDR100035704,2021,208771,Barstow/Daggett Airport WTF,* WDR Site,LAHONTAN RWQCB (REGION 6V),N,NaN,WWTP,3/11/2022,34.864554,-116.784148
WDR100035704,2020,208771,Barstow/Daggett Airport WTF,* WDR Site,LAHONTAN RWQCB (REGION 6V),N,NaN,WWTP,4/7/2021,34.864554,-116.784148
WDR100035704,2022,208771,Barstow/Daggett Airport WTF,* WDR Site,LAHONTAN RWQCB (REGION 6V),N,NaN,WWTP,4/28/2023,34.864554,-116.784148
WDR100026982,2019,205793,Angels City WWTP,* WDR Site,CENTRAL VALLEY RWQCB (REGION 5S),Y,N,WWTP RW,4/29/2020,38.094444,-120.537222
WDR100026982,2020,205793,Angels City WWTP,* WDR Site,CENTRAL VALLEY RWQCB (REGION 5S),Y,N,WWTP RW,4/28/2021,38.094444,-120.537222
WDR100026982,2021,205793,Angels City WWTP,* WDR Site,CENTRAL VALLEY RWQCB (REGION 5S),Y,N,WWTP RW,4/26/2022,38.094444,-120.537222
WDR100026982,2022,205793,Angels City WWTP,* WDR Site,CENTRAL VALLEY RWQCB (REGION 5S),Y,N,WWTP RW,4/26/2023,38.094444,-120.537222
WDR100030055,2019,237325,Lone Pine WWTF,* WDR Site,LAHONTAN RWQCB (REGION 6V),N,NaN,WWTP,4/1/2020,36.605982,-118.044725
WDR100030055,2020,237325,Lone Pine WWTF,* WDR Site,LAHONTAN RWQCB (REGION 6V),N,NaN,WWTP,1/12/2021,36.605982,-118.044725
WDR100030055,2021,237325,Lone Pine WWTF,* WDR Site,LAHONTAN RWQCB (REGION 6V),N,NaN,WWTP,1/13/2022,36.605982,-118.044725
WDR100030055,2022,237325,Lone Pine WWTF,* WDR Site,LAHONTAN RWQCB (REGION 6V),N,NaN,WWTP,1/14/2023,36.605982,-118.044725
WDR100037596,2019,215611,Convict Lake Campground WTF,* WDR Site,LAHONTAN RWQCB (REGION 6V),N,NaN,WWTP,4/28/2020,37.60311,-118.852737
WDR100037596,2020,215611,Convict Lake Campground WTF,* WDR Site,LAHONTAN RWQCB (REGION 6V),N,NaN,WWTP,4/19/2021,37.60311,-118.852737
WDR100037596,2021,215611,Convict Lake Campground WTF,* WDR Site,LAHONTAN RWQCB (REGION 6V),N,NaN,WWTP,3/11/2022,37.60311,-118.852737
WDR100037596,2022,215611,Convict Lake Campground WTF,* WDR Site,LAHONTAN RWQCB (REGION 6V),N,NaN,WWTP,7/31/2023,37.60311,-118.852737
WDR100030124,2019,232340,Independence WWTF,* WDR Site,LAHONTAN RWQCB (REGION 6V),N,NaN,WWTP,7/22/2020,36.813664,-118.170625
WDR100030124,2020,232340,Independence WWTF,* WDR Site,LAHONTAN RWQCB (REGION 6V),N,NaN,WWTP,4/28/2021,36.813664,-118.170625
WDR100030124,2021,232340,Independence WWTF,* WDR Site,LAHONTAN RWQCB (REGION 6V),N,NaN,WWTP,8/23/2022,36.813664,-118.170625
WDR100035375,2019,252315,Sas Regional Reclamation Facility,* WDR Site,CENTRAL VALLEY RWQCB (REGION 5S),N,NaN,WWTP,4/29/2020,38.44865,-121.46368
WDR100035375,2020,252315,Sas Regional Reclamation Facility,* WDR Site,CENTRAL VALLEY RWQCB (REGION 5S),Y,N,WWTP RW,2/25/2021,38.44865,-121.46368
WDR100035375,2021,252315,Sas Regional Reclamation Facility,* WDR Site,CENTRAL VALLEY RWQCB (REGION 5S),N,NaN,WWTP,2/27/2022,38.44865,-121.46368
WDR100035375,2022,252315,Sas Regional Reclamation Facility,* WDR Site,CENTRAL VALLEY RWQCB (REGION 5S),Y,Y,RWP,4/21/2023,38.44865,-121.46368
WDR100035996,2019,239771,Roseville City Master Reclamation Permit,* WDR Site,CENTRAL VALLEY RWQCB (REGION 5S),Y,N,WWTP RW,4/2/2020,38.72976,-121.316276
WDR100035996,2020,239771,Roseville City Master Reclamation Permit,* WDR Site,CENTRAL VALLEY RWQCB (REGION 5S),Y,N,WWTP RW,3/30/2021,38.72976,-121.316276
WDR100035996,2021,239771,Roseville City Master Reclamation Permit,* WDR Site,CENTRAL VALLEY RWQCB (REGION 5S),Y,N,WWTP RW,3/31/2022,38.72976,-121.316276
WDR100035996,2022,239771,Roseville City Master Reclamation Permit,* WDR Site,CENTRAL VALLEY RWQCB (REGION 5S),Y,N,WWTP RW,3/20/2023,38.72976,-121.316276
WDR100033632,2019,263044,Tecopa Hot Springs Resort LLC,* WDR Site,LAHONTAN RWQCB (REGION 6V),N,NaN,WWTP,6/22/2020,35.869592,-116.234611
WDR100033632,2020,263044,Tecopa Hot Springs Resort LLC,* WDR Site,LAHONTAN RWQCB (REGION 6V),N,NaN,WWTP,4/28/2021,35.869592,-116.234611
WDR100033632,2021,263044,Tecopa Hot Springs Resort LLC,* WDR Site,LAHONTAN RWQCB (REGION 6V),N,NaN,WWTP,8/15/2022,35.869592,-116.234611
WDR100033632,2022,263044,Tecopa Hot Springs Resort LLC,* WDR Site,LAHONTAN RWQCB (REGION 6V),N,NaN,WWTP,3/6/2023,35.869592,-116.234611
WDR100031390,2021,227914,Greenstone Estates Mobile Home Park,* WDR Site,CENTRAL VALLEY RWQCB (REGION 5S),N,NaN,WWTP,2/2/2022,38.673635,-120.887887
WDR100031390,2019,227914,Greenstone Estates Mobile Home Park,* WDR Site,CENTRAL VALLEY RWQCB (REGION 5S),N,NaN,WWTP,10/7/2020,38.673635,-120.887887
WDR100031390,2020,227914,Greenstone Estates Mobile Home Park,* WDR Site,CENTRAL VALLEY RWQCB (REGION 5S),N,NaN,WWTP,2/26/2021,38.673635,-120.887887
WDR100031390,2022,227914,Greenstone Estates Mobile Home Park,* WDR Site,CENTRAL VALLEY RWQCB (REGION 5S),N,NaN,WWTP,4/6/2023,38.673635,-120.887887
WDR100030663,2019,240655,Middletown STP (SD 2-2),* WDR Site,CENTRAL VALLEY RWQCB (REGION 5S),Y,N,WWTP RW,4/28/2020,38.76915,-122.6513
WDR100030663,2020,240655,Middletown STP (SD 2-2),* WDR Site,CENTRAL VALLEY RWQCB (REGION 5S),Y,N,WWTP RW,4/9/2021,38.76915,-122.6513
WDR100030663,2021,240655,Middletown STP (SD 2-2),* WDR Site,CENTRAL VALLEY RWQCB (REGION 5S),Y,N,WWTP RW,4/25/2022,38.76915,-122.6513
WDR100030663,2022,240655,Middletown STP (SD 2-2),* WDR Site,CENTRAL VALLEY RWQCB (REGION 5S),Y,N,WWTP RW,3/21/2023,38.76915,-122.6513
WDR100027145,2019,209670,Nevada City School of the Arts WWTF,* WDR Site,CENTRAL VALLEY RWQCB (REGION 5S),N,NaN,WWTP,6/30/2020,39.255293,-121.155459
WDR100027145,2020,209670,Nevada City School of the Arts WWTF,* WDR Site,CENTRAL VALLEY RWQCB (REGION 5S),N,NaN,WWTP,4/29/2021,39.255293,-121.155459
WDR100027145,2021,209670,Nevada City School of the Arts WWTF,* WDR Site,CENTRAL VALLEY RWQCB (REGION 5S),N,NaN,WWTP,4/11/2022,39.255293,-121.155459
WDR100027145,2022,209670,Nevada City School of the Arts WWTF,* WDR Site,CENTRAL VALLEY RWQCB (REGION 5S),N,NaN,WWTP,4/26/2023,39.255293,-121.155459
WDR100033575,2019,244360,Nipomo CSD Black Lake - Reclaimed Water Producer,* WDR Site,CENTRAL COAST RWQCB (REGION 3),Y,N,WWTP RW,4/30/2020,35.047352,-120.546507
WDR100033575,2020,244360,Nipomo CSD Black Lake - Reclaimed Water Producer,* WDR Site,CENTRAL COAST RWQCB (REGION 3),Y,N,WWTP RW,4/27/2021,35.047352,-120.546507
WDR100033575,2021,244360,Nipomo CSD Black Lake - Reclaimed Water Producer,* WDR Site,CENTRAL COAST RWQCB (REGION 3),Y,N,WWTP RW,4/25/2022,35.047352,-120.546507
WDR100033575,2022,244360,Nipomo CSD Black Lake - Reclaimed Water Producer,* WDR Site,CENTRAL COAST RWQCB (REGION 3),Y,N,WWTP RW,3/17/2023,35.047352,-120.546507
WDR100028168,2019,219169,Davenport WWTP,* WDR Site,CENTRAL COAST RWQCB (REGION 3),Y,N,WWTP RW,6/30/2020,37.0188,-122.20502
WDR100028168,2020,219169,Davenport WWTP,* WDR Site,CENTRAL COAST RWQCB (REGION 3),Y,N,WWTP RW,4/13/2021,37.0188,-122.20502
WDR100028168,2021,219169,Davenport WWTP,* WDR Site,CENTRAL COAST RWQCB (REGION 3),Y,N,WWTP RW,4/5/2022,37.0188,-122.20502
WDR100028168,2022,219169,Davenport WWTP,* WDR Site,CENTRAL COAST RWQCB (REGION 3),Y,N,WWTP RW,4/7/2023,37.0188,-122.20502
WDR100035521,2021,272525,San Miguelito Wild Cherry Canyon,* WDR Site,CENTRAL COAST RWQCB (REGION 3),N,NaN,WWTP,4/25/2022,35.19498,-120.75857
WDR100035521,2022,272525,San Miguelito Wild Cherry Canyon,* WDR Site,CENTRAL COAST RWQCB (REGION 3),N,NaN,WWTP,4/26/2023,35.19498,-120.75857
WDR100029383,2019,213029,Canada Woods Reclamation Facility,* WDR Site,CENTRAL COAST RWQCB (REGION 3),Y,Y,RWP,7/29/2020,36.53662,-121.84475
WDR100029383,2020,213029,Canada Woods Reclamation Facility,* WDR Site,CENTRAL COAST RWQCB (REGION 3),Y,Y,RWP,4/26/2021,36.53662,-121.84475
WDR100029383,2021,213029,Canada Woods Reclamation Facility,* WDR Site,CENTRAL COAST RWQCB (REGION 3),Y,Y,RWP,4/28/2022,36.53662,-121.84475
WDR100029383,2022,213029,Canada Woods Reclamation Facility,* WDR Site,CENTRAL COAST RWQCB (REGION 3),Y,Y,RWP,4/25/2023,36.53662,-121.84475
WDR100033210,2019,240951,Mission Hills La Purisima WWTP,* WDR Site,CENTRAL COAST RWQCB (REGION 3),N,NaN,WWTP,6/29/2020,34.68947,-120.43185
WDR100033210,2020,240951,Mission Hills La Purisima WWTP,* WDR Site,CENTRAL COAST RWQCB (REGION 3),N,NaN,WWTP,2/24/2021,34.68947,-120.43185
WDR100033210,2021,240951,Mission Hills La Purisima WWTP,* WDR Site,CENTRAL COAST RWQCB (REGION 3),N,NaN,WWTP,4/15/2022,34.68947,-120.43185
WDR100033210,2022,240951,Mission Hills La Purisima WWTP,* WDR Site,CENTRAL COAST RWQCB (REGION 3),N,NaN,WWTP,4/7/2023,34.68947,-120.43185
WDR100030590,2019,236181,Lake Arrowhead CSD WTFS,* WDR Site,LAHONTAN RWQCB (REGION 6V),Y,N,WWTP RW,6/9/2020,34.286859,-117.219578
WDR100030590,2020,236181,Lake Arrowhead CSD WTFS,* WDR Site,LAHONTAN RWQCB (REGION 6V),Y,N,WWTP RW,4/6/2021,34.286859,-117.219578
WDR100030590,2021,236181,Lake Arrowhead CSD WTFS,* WDR Site,LAHONTAN RWQCB (REGION 6V),Y,N,WWTP RW,4/7/2022,34.286859,-117.219578
WDR100030590,2022,236181,Lake Arrowhead CSD WTFS,* WDR Site,LAHONTAN RWQCB (REGION 6V),Y,N,WWTP RW,4/25/2023,34.286859,-117.219578
WDR100037264,2019,872487,City of Tulare Wastewater Treatment Facility,* WDR Site,CENTRAL VALLEY RWQCB (REGION 5F),N,NaN,WWTP,5/6/2020,36.2294,-119.366758
WDR100037264,2020,872487,City of Tulare Wastewater Treatment Facility,* WDR Site,CENTRAL VALLEY RWQCB (REGION 5F),N,NaN,WWTP,2/11/2021,36.2294,-119.366758
WDR100037264,2021,872487,City of Tulare Wastewater Treatment Facility,* WDR Site,CENTRAL VALLEY RWQCB (REGION 5F),N,NaN,WWTP,2/22/2022,36.2294,-119.366758
WDR100037264,2022,872487,City of Tulare Wastewater Treatment Facility,* WDR Site,CENTRAL VALLEY RWQCB (REGION 5F),N,NaN,WWTP,3/13/2023,36.2294,-119.366758
WDR100037581,2019,209007,Beale AFB WWTP,* WDR Site,CENTRAL VALLEY RWQCB (REGION 5S),Y,N,WWTP RW,4/9/2020,39.125263,-121.385502
WDR100037581,2020,209007,Beale AFB WWTP,* WDR Site,CENTRAL VALLEY RWQCB (REGION 5S),Y,N,WWTP RW,3/8/2021,39.125263,-121.385502
WDR100037581,2021,209007,Beale AFB WWTP,* WDR Site,CENTRAL VALLEY RWQCB (REGION 5S),Y,N,WWTP RW,3/1/2022,39.125263,-121.385502
WDR100037581,2022,209007,Beale AFB WWTP,* WDR Site,CENTRAL VALLEY RWQCB (REGION 5S),Y,N,WWTP RW,4/17/2023,39.125263,-121.385502
WDR100030844,2019,241869,Lakeport City WWTP,* WDR Site,CENTRAL VALLEY RWQCB (REGION 5S),N,NaN,WWTP,3/23/2020,39.013487,-122.92338
WDR100030844,2021,241869,Lakeport City WWTP,* WDR Site,CENTRAL VALLEY RWQCB (REGION 5S),N,NaN,WWTP,1/13/2022,39.013487,-122.92338
WDR100030844,2020,241869,Lakeport City WWTP,* WDR Site,CENTRAL VALLEY RWQCB (REGION 5S),N,NaN,WWTP,3/10/2021,39.013487,-122.92338
WDR100030844,2022,241869,Lakeport City WWTP,* WDR Site,CENTRAL VALLEY RWQCB (REGION 5S),N,NaN,WWTP,8/14/2023,39.013487,-122.92338
WDR100033249,2019,243845,Napa Berryessa WTF,* WDR Site,CENTRAL VALLEY RWQCB (REGION 5S),N,NaN,WWTP,8/4/2020,38.509,-122.197
WDR100033249,2020,243845,Napa Berryessa WTF,* WDR Site,CENTRAL VALLEY RWQCB (REGION 5S),N,NaN,WWTP,2/17/2021,38.509,-122.197
WDR100033249,2021,243845,Napa Berryessa WTF,* WDR Site,CENTRAL VALLEY RWQCB (REGION 5S),N,NaN,WWTP,1/31/2022,38.509,-122.197
WDR100033249,2022,243845,Napa Berryessa WTF,* WDR Site,CENTRAL VALLEY RWQCB (REGION 5S),N,NaN,WWTP,2/22/2023,38.509,-122.197
WDR100027484,2019,241842,CDCR - Mule Creek State Prison WWTP,* WDR Site,CENTRAL VALLEY RWQCB (REGION 5S),N,NaN,WWTP,4/16/2020,38.373155,-120.946426
WDR100027484,2020,241842,CDCR - Mule Creek State Prison WWTP,* WDR Site,CENTRAL VALLEY RWQCB (REGION 5S),N,NaN,WWTP,1/19/2021,38.373155,-120.946426
WDR100027484,2021,241842,CDCR - Mule Creek State Prison WWTP,* WDR Site,CENTRAL VALLEY RWQCB (REGION 5S),N,NaN,WWTP,4/4/2022,38.373155,-120.946426
WDR100027484,2022,241842,CDCR - Mule Creek State Prison WWTP,* WDR Site,CENTRAL VALLEY RWQCB (REGION 5S),N,NaN,WWTP,3/28/2023,38.373155,-120.946426
WDR100033512,2019,239874,Maxwell PUD WWTF,* WDR Site,CENTRAL VALLEY RWQCB (REGION 5S),Y,N,WWTP RW,7/13/2020,39.268611,-122.184444
WDR100033512,2020,239874,Maxwell PUD WWTF,* WDR Site,CENTRAL VALLEY RWQCB (REGION 5S),Y,N,WWTP RW,4/12/2021,39.268611,-122.184444
WDR100033512,2021,239874,Maxwell PUD WWTF,* WDR Site,CENTRAL VALLEY RWQCB (REGION 5S),Y,N,WWTP RW,3/30/2022,39.268611,-122.184444
WDR100033512,2022,239874,Maxwell PUD WWTF,* WDR Site,CENTRAL VALLEY RWQCB (REGION 5S),Y,N,WWTP RW,3/29/2023,39.268611,-122.184444
WDR100036054,2019,259160,Running Springs WWTP,* WDR Site,SANTA ANA RWQCB (REGION 8),Y,N,WWTP RW,6/16/2020,34.19462,-117.13738
WDR100036054,2020,259160,Running Springs WWTP,* WDR Site,SANTA ANA RWQCB (REGION 8),Y,N,WWTP RW,4/26/2021,34.19462,-117.13738
WDR100036054,2021,259160,Running Springs WWTP,* WDR Site,SANTA ANA RWQCB (REGION 8),Y,N,WWTP RW,4/26/2022,34.19462,-117.13738
WDR100036054,2022,259160,Running Springs WWTP,* WDR Site,SANTA ANA RWQCB (REGION 8),Y,N,WWTP RW,4/27/2023,34.19462,-117.13738
WDR100027238,2019,273164,Buttonwillow WWTF,* WDR Site,CENTRAL VALLEY RWQCB (REGION 5F),N,NaN,WWTP,7/22/2020,35.40976,-119.46051
WDR100027238,2020,273164,Buttonwillow WWTF,* WDR Site,CENTRAL VALLEY RWQCB (REGION 5F),N,NaN,WWTP,4/30/2021,35.40976,-119.46051
WDR100027238,2021,273164,Buttonwillow WWTF,* WDR Site,CENTRAL VALLEY RWQCB (REGION 5F),N,NaN,WWTP,5/4/2022,35.40976,-119.46051
WDR100027238,2022,273164,Buttonwillow WWTF,* WDR Site,CENTRAL VALLEY RWQCB (REGION 5F),N,NaN,WWTP,4/27/2023,35.40976,-119.46051
WDR100036550,2019,273140,Woodlake WWTF,* WDR Site,CENTRAL VALLEY RWQCB (REGION 5F),N,NaN,WWTP,2/25/2021,36.40101,-119.09892
WDR100036550,2021,273140,Woodlake WWTF,* WDR Site,CENTRAL VALLEY RWQCB (REGION 5F),N,NaN,WWTP,1/6/2022,36.40101,-119.09892
WDR100036550,2020,273140,Woodlake WWTF,* WDR Site,CENTRAL VALLEY RWQCB (REGION 5F),N,NaN,WWTP,2/24/2021,36.40101,-119.09892
WDR100036550,2022,273140,Woodlake WWTF,* WDR Site,CENTRAL VALLEY RWQCB (REGION 5F),N,NaN,WWTP,1/17/2023,36.40101,-119.09892
WDR100031606,2019,232721,Isleton WWTP,* WDR Site,CENTRAL VALLEY RWQCB (REGION 5S),N,NaN,WWTP,9/2/2020,38.16023,-121.61268
WDR100031606,2020,232721,Isleton WWTP,* WDR Site,CENTRAL VALLEY RWQCB (REGION 5S),N,NaN,WWTP,4/8/2021,38.16023,-121.61268
WDR100031606,2021,232721,Isleton WWTP,* WDR Site,CENTRAL VALLEY RWQCB (REGION 5S),N,NaN,WWTP,5/19/2022,38.16023,-121.61268
WDR100029377,2019,258004,Southworth Ranch Estates WWTF,* WDR Site,CENTRAL VALLEY RWQCB (REGION 5S),N,NaN,WWTP,6/30/2020,38.16053,-120.948
WDR100029377,2020,258004,Southworth Ranch Estates WWTF,* WDR Site,CENTRAL VALLEY RWQCB (REGION 5S),N,NaN,WWTP,4/29/2021,38.16053,-120.948
WDR100029377,2021,258004,Southworth Ranch Estates WWTF,* WDR Site,CENTRAL VALLEY RWQCB (REGION 5S),N,NaN,WWTP,4/29/2022,38.16053,-120.948
WDR100029377,2022,258004,Southworth Ranch Estates WWTF,* WDR Site,CENTRAL VALLEY RWQCB (REGION 5S),N,NaN,WWTP,4/3/2023,38.16053,-120.948
WDR100028327,2019,259210,EVMWD Railroad Canyon WWRF,* WDR Site,SANTA ANA RWQCB (REGION 8),Y,N,WWTP RW,5/12/2020,33.66713,-117.26453
WDR100028327,2020,259210,EVMWD Railroad Canyon WWRF,* WDR Site,SANTA ANA RWQCB (REGION 8),Y,N,WWTP RW,4/16/2021,33.66713,-117.26453
WDR100028327,2021,259210,EVMWD Railroad Canyon WWRF,* WDR Site,SANTA ANA RWQCB (REGION 8),Y,N,WWTP RW,4/20/2022,33.66713,-117.26453
WDR100028327,2022,259210,EVMWD Railroad Canyon WWRF,* WDR Site,SANTA ANA RWQCB (REGION 8),Y,N,WWTP RW,4/17/2023,33.66713,-117.26453
WDR100028325,2019,259194,EVMWD Horsethief Canyon WWTP,* WDR Site,SANTA ANA RWQCB (REGION 8),Y,N,WWTP RW,5/12/2020,33.73311,-117.42754
WDR100028325,2020,259194,EVMWD Horsethief Canyon WWTP,* WDR Site,SANTA ANA RWQCB (REGION 8),Y,N,WWTP RW,4/16/2021,33.73311,-117.42754
WDR100028325,2021,259194,EVMWD Horsethief Canyon WWTP,* WDR Site,SANTA ANA RWQCB (REGION 8),Y,N,WWTP RW,4/20/2022,33.73311,-117.42754
WDR100028325,2022,259194,EVMWD Horsethief Canyon WWTP,* WDR Site,SANTA ANA RWQCB (REGION 8),Y,N,WWTP RW,4/17/2023,33.73311,-117.42754
WDR100029379,2019,272109,West Point WWTF,* WDR Site,CENTRAL VALLEY RWQCB (REGION 5S),N,NaN,WWTP,6/29/2020,38.37897,-120.5427
WDR100029379,2020,272109,West Point WWTF,* WDR Site,CENTRAL VALLEY RWQCB (REGION 5S),N,NaN,WWTP,4/29/2021,38.37897,-120.5427
WDR100029379,2021,272109,West Point WWTF,* WDR Site,CENTRAL VALLEY RWQCB (REGION 5S),N,NaN,WWTP,4/29/2022,38.37897,-120.5427
WDR100029379,2022,272109,West Point WWTF,* WDR Site,CENTRAL VALLEY RWQCB (REGION 5S),N,NaN,WWTP,4/3/2023,38.37897,-120.5427
WDR100035427,2019,252782,Ripon Industrial & Domestic TP,* WDR Site,CENTRAL VALLEY RWQCB (REGION 5S),N,NaN,WWTP,6/30/2020,37.72919,-121.132976
WDR100035427,2020,252782,Ripon Industrial & Domestic TP,* WDR Site,CENTRAL VALLEY RWQCB (REGION 5S),N,NaN,WWTP,4/28/2021,37.72919,-121.132976
WDR100035427,2021,252782,Ripon Industrial & Domestic TP,* WDR Site,CENTRAL VALLEY RWQCB (REGION 5S),N,NaN,WWTP,4/29/2022,37.72919,-121.132976
WDR100035427,2022,252782,Ripon Industrial & Domestic TP,* WDR Site,CENTRAL VALLEY RWQCB (REGION 5S),N,NaN,WWTP,5/3/2023,37.72919,-121.132976
WDR100035205,2019,216283,CSA 15 - STP,* WDR Site,CENTRAL VALLEY RWQCB (REGION 5S),N,NaN,WWTP,7/8/2020,37.98693,-121.24658
WDR100035205,2020,216283,CSA 15 - STP,* WDR Site,CENTRAL VALLEY RWQCB (REGION 5S),N,NaN,WWTP,4/26/2021,37.98693,-121.24658
WDR100035205,2021,216283,CSA 15 - STP,* WDR Site,CENTRAL VALLEY RWQCB (REGION 5S),N,NaN,WWTP,3/17/2022,37.98693,-121.24658
WDR100035205,2022,216283,CSA 15 - STP,* WDR Site,CENTRAL VALLEY RWQCB (REGION 5S),N,NaN,WWTP,1/31/2023,37.98693,-121.24658
WDR100036083,2019,271836,Waterford WWTP,* WDR Site,CENTRAL VALLEY RWQCB (REGION 5S),N,NaN,WWTP,4/24/2020,37.63413,-120.7667
WDR100036083,2021,271836,Waterford WWTP,* WDR Site,CENTRAL VALLEY RWQCB (REGION 5S),N,NaN,WWTP,1/10/2022,37.63413,-120.7667
WDR100036083,2020,271836,Waterford WWTP,* WDR Site,CENTRAL VALLEY RWQCB (REGION 5S),N,NaN,WWTP,2/9/2021,37.63413,-120.7667
WDR100036083,2022,271836,Waterford WWTP,* WDR Site,CENTRAL VALLEY RWQCB (REGION 5S),N,NaN,WWTP,1/13/2023,37.63413,-120.7667
WDR100036278,2019,214671,City of Wheatland WWTP,* WDR Site,CENTRAL VALLEY RWQCB (REGION 5S),N,NaN,WWTP,7/9/2020,39.00703,-121.42321
WDR100036278,2021,214671,City of Wheatland WWTP,* WDR Site,CENTRAL VALLEY RWQCB (REGION 5S),N,NaN,WWTP,2/16/2022,39.00703,-121.42321
WDR100036278,2020,214671,City of Wheatland WWTP,* WDR Site,CENTRAL VALLEY RWQCB (REGION 5S),N,NaN,WWTP,2/1/2021,39.00703,-121.42321
WDR100036278,2022,214671,City of Wheatland WWTP,* WDR Site,CENTRAL VALLEY RWQCB (REGION 5S),N,NaN,WWTP,3/20/2023,39.00703,-121.42321
WDR100033464,2019,241192,Mokelumne Hill WWTF,* WDR Site,CENTRAL VALLEY RWQCB (REGION 5S),N,NaN,WWTP,9/3/2020,38.30576,-120.71642
WDR100033464,2020,241192,Mokelumne Hill WWTF,* WDR Site,CENTRAL VALLEY RWQCB (REGION 5S),N,NaN,WWTP,4/30/2021,38.30576,-120.71642
WDR100033464,2021,241192,Mokelumne Hill WWTF,* WDR Site,CENTRAL VALLEY RWQCB (REGION 5S),N,NaN,WWTP,8/22/2022,38.30576,-120.71642
WDR100033464,2022,241192,Mokelumne Hill WWTF,* WDR Site,CENTRAL VALLEY RWQCB (REGION 5S),N,NaN,WWTP,4/28/2023,38.30576,-120.71642
WDR100029506,2019,213294,Carmel Valley Ranch WWTP (Producer),* WDR Site,CENTRAL COAST RWQCB (REGION 3),Y,N,WWTP RW,6/29/2020,36.52041,-121.79925
WDR100029506,2021,213294,Carmel Valley Ranch WWTP (Producer),* WDR Site,CENTRAL COAST RWQCB (REGION 3),Y,N,WWTP RW,1/27/2022,36.52041,-121.79925
WDR100029506,2020,213294,Carmel Valley Ranch WWTP (Producer),* WDR Site,CENTRAL COAST RWQCB (REGION 3),Y,N,WWTP RW,4/6/2021,36.52041,-121.79925
WDR100029506,2022,213294,Carmel Valley Ranch WWTP (Producer),* WDR Site,CENTRAL COAST RWQCB (REGION 3),Y,N,WWTP RW,3/14/2023,36.52041,-121.79925
WDR100036546,2019,272919,Woodbridge SD-Sewage Treatment,* WDR Site,CENTRAL VALLEY RWQCB (REGION 5S),N,NaN,WWTP,7/24/2020,38.162976,-121.315731
WDR100036546,2020,272919,Woodbridge SD-Sewage Treatment,* WDR Site,CENTRAL VALLEY RWQCB (REGION 5S),N,NaN,WWTP,4/30/2021,38.162976,-121.315731
WDR100036546,2021,272919,Woodbridge SD-Sewage Treatment,* WDR Site,CENTRAL VALLEY RWQCB (REGION 5S),N,NaN,WWTP,4/28/2022,38.162976,-121.315731
WDR100036546,2022,272919,Woodbridge SD-Sewage Treatment,* WDR Site,CENTRAL VALLEY RWQCB (REGION 5S),N,NaN,WWTP,3/28/2023,38.162976,-121.315731
WDR100029962,2019,213947,Ceres WWTP,* WDR Site,CENTRAL VALLEY RWQCB (REGION 5S),N,NaN,WWTP,4/7/2020,37.577098,-120.975269
WDR100029962,2020,213947,Ceres WWTP,* WDR Site,CENTRAL VALLEY RWQCB (REGION 5S),N,NaN,WWTP,4/15/2021,37.577098,-120.975269
WDR100029962,2021,213947,Ceres WWTP,* WDR Site,CENTRAL VALLEY RWQCB (REGION 5S),N,NaN,WWTP,3/8/2022,37.577098,-120.975269
WDR100029962,2022,213947,Ceres WWTP,* WDR Site,CENTRAL VALLEY RWQCB (REGION 5S),N,NaN,WWTP,2/16/2023,37.577098,-120.975269
WDR100026815,2019,205398,Amador County Regional Outfall,* WDR Site,CENTRAL VALLEY RWQCB (REGION 5S),Y,Y,RWP,7/1/2020,38.35269,-120.93272
WDR100026815,2020,205398,Amador County Regional Outfall,* WDR Site,CENTRAL VALLEY RWQCB (REGION 5S),Y,Y,RWP,4/22/2021,38.35269,-120.93272
WDR100026815,2021,205398,Amador County Regional Outfall,* WDR Site,CENTRAL VALLEY RWQCB (REGION 5S),Y,Y,RWP,4/5/2022,38.35269,-120.93272
WDR100026815,2022,205398,Amador County Regional Outfall,* WDR Site,CENTRAL VALLEY RWQCB (REGION 5S),Y,Y,RWP,4/29/2023,38.35269,-120.93272
WDR100033156,2019,240917,Miranda POTW,* WDR Site,NORTH COAST RWQCB (REGION 1),N,NaN,WWTP,8/26/2020,40.23308,-123.82784
WDR100033156,2020,240917,Miranda POTW,* WDR Site,NORTH COAST RWQCB (REGION 1),N,NaN,WWTP,3/25/2021,40.23308,-123.82784
WDR100033156,2021,240917,Miranda POTW,* WDR Site,NORTH COAST RWQCB (REGION 1),N,NaN,WWTP,3/10/2022,40.23308,-123.82784
WDR100033156,2022,240917,Miranda POTW,* WDR Site,NORTH COAST RWQCB (REGION 1),N,NaN,WWTP,4/16/2023,40.23308,-123.82784
WDR100030795,2019,238365,Lincoln City WWTF,* WDR Site,CENTRAL VALLEY RWQCB (REGION 5S),Y,N,WWTP RW,6/8/2020,38.897257,-121.335423
WDR100030795,2020,238365,Lincoln City WWTF,* WDR Site,CENTRAL VALLEY RWQCB (REGION 5S),Y,N,WWTP RW,1/7/2021,38.897257,-121.335423
WDR100030795,2021,238365,Lincoln City WWTF,* WDR Site,CENTRAL VALLEY RWQCB (REGION 5S),Y,N,WWTP RW,4/26/2022,38.897257,-121.335423
WDR100030795,2022,238365,Lincoln City WWTF,* WDR Site,CENTRAL VALLEY RWQCB (REGION 5S),Y,N,WWTP RW,4/11/2023,38.897257,-121.335423
WDR100035448,2019,237366,Lopez Rec Area,* WDR Site,CENTRAL COAST RWQCB (REGION 3),N,NaN,WWTP,4/29/2020,35.204691,-120.462333
WDR100035448,2020,237366,Lopez Rec Area,* WDR Site,CENTRAL COAST RWQCB (REGION 3),N,NaN,WWTP,3/19/2021,35.204691,-120.462333
WDR100035448,2021,237366,Lopez Rec Area,* WDR Site,CENTRAL COAST RWQCB (REGION 3),N,NaN,WWTP,4/18/2022,35.204691,-120.462333
WDR100035448,2022,237366,Lopez Rec Area,* WDR Site,CENTRAL COAST RWQCB (REGION 3),N,NaN,WWTP,4/26/2023,35.204691,-120.462333
WDR100032499,2019,255649,Santa Fe Valley WTP,* WDR Site,SAN DIEGO RWQCB (REGION 9),Y,N,WWTP RW,4/27/2020,33.025199,-117.135651
WDR100032499,2020,255649,Santa Fe Valley WTP,* WDR Site,SAN DIEGO RWQCB (REGION 9),Y,N,WWTP RW,4/30/2021,33.025199,-117.135651
WDR100032499,2021,255649,Santa Fe Valley WTP,* WDR Site,SAN DIEGO RWQCB (REGION 9),Y,N,WWTP RW,6/27/2022,33.025199,-117.135651
WDR100032499,2022,255649,Santa Fe Valley WTP,* WDR Site,SAN DIEGO RWQCB (REGION 9),Y,N,WWTP RW,7/5/2023,33.025199,-117.135651
WDR100018599,2019,268548,Trancas WPCP,* WDR Site,LOS ANGELES RWQCB (REGION 4),N,NaN,WWTP,9/3/2020,34.03160254,-118.8399414
WDR100018599,2020,268548,Trancas WPCP,* WDR Site,LOS ANGELES RWQCB (REGION 4),N,NaN,WWTP,3/4/2021,34.03160254,-118.8399414
WDR100018599,2021,268548,Trancas WPCP,* WDR Site,LOS ANGELES RWQCB (REGION 4),N,NaN,WWTP,3/1/2022,34.03160254,-118.8399414
WDR100018599,2022,268548,Trancas WPCP,* WDR Site,LOS ANGELES RWQCB (REGION 4),N,NaN,WWTP,4/26/2023,34.03160254,-118.8399414
WDR100032821,2019,255735,Santa Rosa WRF-Recycled WTR,* WDR Site,SAN DIEGO RWQCB (REGION 9),Y,N,WWTP RW,3/10/2020,33.530592,-117.188652
WDR100032821,2020,255735,Santa Rosa WRF-Recycled WTR,* WDR Site,SAN DIEGO RWQCB (REGION 9),Y,N,WWTP RW,6/10/2021,33.530592,-117.188652
WDR100032821,2021,255735,Santa Rosa WRF-Recycled WTR,* WDR Site,SAN DIEGO RWQCB (REGION 9),Y,N,WWTP RW,3/1/2022,33.530592,-117.188652
WDR100032821,2022,255735,Santa Rosa WRF-Recycled WTR,* WDR Site,SAN DIEGO RWQCB (REGION 9),Y,N,WWTP RW,2/16/2023,33.530592,-117.188652
WDR100035763,2019,212603,Calico Ghost Town REC Fac WTF,* WDR Site,LAHONTAN RWQCB (REGION 6V),N,NaN,WWTP,5/27/2020,34.940698,-116.868236
WDR100035763,2020,212603,Calico Ghost Town REC Fac WTF,* WDR Site,LAHONTAN RWQCB (REGION 6V),N,NaN,WWTP,4/9/2021,34.940698,-116.868236
WDR100035763,2021,212603,Calico Ghost Town REC Fac WTF,* WDR Site,LAHONTAN RWQCB (REGION 6V),N,NaN,WWTP,3/28/2022,34.940698,-116.868236
WDR100035763,2022,212603,Calico Ghost Town REC Fac WTF,* WDR Site,LAHONTAN RWQCB (REGION 6V),N,NaN,WWTP,2/24/2023,34.940698,-116.868236
WDR100032725,2019,247633,Park Knolls Subdivision,* WDR Site,LAHONTAN RWQCB (REGION 6V),N,NaN,WWTP,1/6/2021,35.008916,-117.675892
WDR100032725,2021,247633,Park Knolls Subdivision,* WDR Site,LAHONTAN RWQCB (REGION 6V),N,NaN,WWTP,2/15/2022,35.008916,-117.675892
WDR100032725,2020,247633,Park Knolls Subdivision,* WDR Site,LAHONTAN RWQCB (REGION 6V),N,NaN,WWTP,1/6/2021,35.008916,-117.675892
WDR100032725,2022,247633,Park Knolls Subdivision,* WDR Site,LAHONTAN RWQCB (REGION 6V),N,NaN,WWTP,1/30/2023,35.008916,-117.675892
WDR100028962,2019,216491,Cypress Ridge Sewer Facility,* WDR Site,CENTRAL COAST RWQCB (REGION 3),Y,N,WWTP RW,4/24/2020,35.062556,-120.577322
WDR100028962,2020,216491,Cypress Ridge Sewer Facility,* WDR Site,CENTRAL COAST RWQCB (REGION 3),Y,N,WWTP RW,3/30/2021,35.062556,-120.577322
WDR100028962,2021,216491,Cypress Ridge Sewer Facility,* WDR Site,CENTRAL COAST RWQCB (REGION 3),Y,N,WWTP RW,2/15/2022,35.062556,-120.577322
WDR100028962,2022,216491,Cypress Ridge Sewer Facility,* WDR Site,CENTRAL COAST RWQCB (REGION 3),Y,N,WWTP RW,3/15/2023,35.062556,-120.577322
WDR100037535,2019,237312,Lompoc Correctional Facility WWTP,* WDR Site,CENTRAL COAST RWQCB (REGION 3),N,NaN,WWTP,8/11/2020,34.677599,-120.505438
WDR100037535,2020,237312,Lompoc Correctional Facility WWTP,* WDR Site,CENTRAL COAST RWQCB (REGION 3),N,NaN,WWTP,2/16/2021,34.677599,-120.505438
WDR100037535,2021,237312,Lompoc Correctional Facility WWTP,* WDR Site,CENTRAL COAST RWQCB (REGION 3),N,NaN,WWTP,2/9/2022,34.677599,-120.505438
WDR100037535,2022,237312,Lompoc Correctional Facility WWTP,* WDR Site,CENTRAL COAST RWQCB (REGION 3),N,NaN,WWTP,3/22/2023,34.677599,-120.505438
WDR100035711,2019,212455,Cachuma Lake Recreation Area WWTP,* WDR Site,CENTRAL COAST RWQCB (REGION 3),N,NaN,WWTP,8/17/2020,34.57719,-119.97852
WDR100035711,2021,212455,Cachuma Lake Recreation Area WWTP,* WDR Site,CENTRAL COAST RWQCB (REGION 3),N,NaN,WWTP,2/23/2022,34.57719,-119.97852
WDR100035711,2020,212455,Cachuma Lake Recreation Area WWTP,* WDR Site,CENTRAL COAST RWQCB (REGION 3),N,NaN,WWTP,4/21/2021,34.57719,-119.97852
WDR100035711,2022,212455,Cachuma Lake Recreation Area WWTP,* WDR Site,CENTRAL COAST RWQCB (REGION 3),N,NaN,WWTP,4/23/2023,34.57719,-119.97852
WDR100034821,2019,256038,SCRWA Reclaiming WW Facility,* WDR Site,CENTRAL COAST RWQCB (REGION 3),Y,N,WWTP RW,4/7/2020,36.98759,-121.53745
WDR100034821,2020,256038,SCRWA Reclaiming WW Facility,* WDR Site,CENTRAL COAST RWQCB (REGION 3),Y,N,WWTP RW,3/9/2021,36.98759,-121.53745
WDR100034821,2021,256038,SCRWA Reclaiming WW Facility,* WDR Site,CENTRAL COAST RWQCB (REGION 3),Y,N,WWTP RW,4/18/2022,36.98759,-121.53745
WDR100034821,2022,256038,SCRWA Reclaiming WW Facility,* WDR Site,CENTRAL COAST RWQCB (REGION 3),Y,N,WWTP RW,7/5/2023,36.98759,-121.53745
WDR100029564,2019,247731,Pasadera Reclamation Facility (Producer),* WDR Site,CENTRAL COAST RWQCB (REGION 3),Y,N,WWTP RW,6/29/2020,36.57046,-121.77372
WDR100029564,2020,247731,Pasadera Reclamation Facility (Producer),* WDR Site,CENTRAL COAST RWQCB (REGION 3),Y,N,WWTP RW,4/6/2021,36.57046,-121.77372
WDR100029564,2021,247731,Pasadera Reclamation Facility (Producer),* WDR Site,CENTRAL COAST RWQCB (REGION 3),Y,N,WWTP RW,1/28/2022,36.57046,-121.77372
WDR100029564,2022,247731,Pasadera Reclamation Facility (Producer),* WDR Site,CENTRAL COAST RWQCB (REGION 3),Y,N,WWTP RW,3/14/2023,36.57046,-121.77372
WDR100035519,2019,255430,San Miguel SD WWTP,* WDR Site,CENTRAL COAST RWQCB (REGION 3),N,NaN,WWTP,4/30/2020,35.75921,-120.6928
WDR100035519,2021,255430,San Miguel SD WWTP,* WDR Site,CENTRAL COAST RWQCB (REGION 3),N,NaN,WWTP,1/10/2022,35.75921,-120.6928
WDR100035519,2020,255430,San Miguel SD WWTP,* WDR Site,CENTRAL COAST RWQCB (REGION 3),N,NaN,WWTP,3/1/2021,35.75921,-120.6928
WDR100035519,2022,255430,San Miguel SD WWTP,* WDR Site,CENTRAL COAST RWQCB (REGION 3),N,NaN,WWTP,2/14/2023,35.75921,-120.6928
WDR100029567,2019,258186,Spreckels Wastewater Treatment Plant,* WDR Site,CENTRAL COAST RWQCB (REGION 3),N,NaN,WWTP,6/29/2020,36.61478,-121.65175
WDR100029567,2020,258186,Spreckels Wastewater Treatment Plant,* WDR Site,CENTRAL COAST RWQCB (REGION 3),N,NaN,WWTP,4/1/2021,36.61478,-121.65175
WDR100029567,2021,258186,Spreckels Wastewater Treatment Plant,* WDR Site,CENTRAL COAST RWQCB (REGION 3),N,NaN,WWTP,1/28/2022,36.61478,-121.65175
WDR100029567,2022,258186,Spreckels Wastewater Treatment Plant,* WDR Site,CENTRAL COAST RWQCB (REGION 3),N,NaN,WWTP,3/14/2023,36.61478,-121.65175
WDR100027041,2019,210685,Buellton WWTP,* WDR Site,CENTRAL COAST RWQCB (REGION 3),N,NaN,WWTP,4/30/2020,34.610047,-120.201847
WDR100027041,2020,210685,Buellton WWTP,* WDR Site,CENTRAL COAST RWQCB (REGION 3),N,NaN,WWTP,4/6/2021,34.610047,-120.201847
WDR100027041,2021,210685,Buellton WWTP,* WDR Site,CENTRAL COAST RWQCB (REGION 3),N,NaN,WWTP,2/16/2022,34.610047,-120.201847
WDR100027041,2022,210685,Buellton WWTP,* WDR Site,CENTRAL COAST RWQCB (REGION 3),N,NaN,WWTP,2/12/2023,34.610047,-120.201847
WDR100037589,2019,209655,Bishop Creek Camp Ground WTF,* WDR Site,LAHONTAN RWQCB (REGION 6V),N,NaN,WWTP,4/28/2020,37.270403,-118.575906
WDR100037589,2021,209655,Bishop Creek Camp Ground WTF,* WDR Site,LAHONTAN RWQCB (REGION 6V),N,NaN,WWTP,3/11/2022,37.270403,-118.575906
WDR100037589,2020,209655,Bishop Creek Camp Ground WTF,* WDR Site,LAHONTAN RWQCB (REGION 6V),N,NaN,WWTP,4/19/2021,37.270403,-118.575906
WDR100037589,2022,209655,Bishop Creek Camp Ground WTF,* WDR Site,LAHONTAN RWQCB (REGION 6V),N,NaN,WWTP,7/31/2023,37.270403,-118.575906
WDR100036795,2019,259143,Stovepipe Wells Village,* WDR Site,LAHONTAN RWQCB (REGION 6V),N,NaN,WWTP,7/24/2020,36.610282,-117.144411
WDR100036795,2020,259143,Stovepipe Wells Village,* WDR Site,LAHONTAN RWQCB (REGION 6V),N,NaN,WWTP,4/29/2021,36.610282,-117.144411
WDR100036795,2021,259143,Stovepipe Wells Village,* WDR Site,LAHONTAN RWQCB (REGION 6V),N,NaN,WWTP,4/12/2022,36.610282,-117.144411
WDR100036795,2022,259143,Stovepipe Wells Village,* WDR Site,LAHONTAN RWQCB (REGION 6V),N,NaN,WWTP,4/13/2023,36.610282,-117.144411
WDR100027065,2019,208572,Baker WTF,* WDR Site,LAHONTAN RWQCB (REGION 6V),N,NaN,WWTP,11/20/2020,35.259279,-116.072756
WDR100027065,2021,208572,Baker WTF,* WDR Site,LAHONTAN RWQCB (REGION 6V),N,NaN,WWTP,2/16/2022,35.259279,-116.072756
WDR100027065,2020,208572,Baker WTF,* WDR Site,LAHONTAN RWQCB (REGION 6V),N,NaN,WWTP,1/5/2021,35.259279,-116.072756
WDR100032180,2019,249211,Princeton WWTP,* WDR Site,CENTRAL VALLEY RWQCB (REGION 5S),N,NaN,WWTP,6/15/2020,39.40043,-122.01724
WDR100032180,2020,249211,Princeton WWTP,* WDR Site,CENTRAL VALLEY RWQCB (REGION 5S),N,NaN,WWTP,4/25/2021,39.40043,-122.01724
WDR100032180,2022,249211,Princeton WWTP,* WDR Site,CENTRAL VALLEY RWQCB (REGION 5S),N,NaN,WWTP,2/11/2023,39.40043,-122.01724
WDR100032180,2021,249211,Princeton WWTP,* WDR Site,CENTRAL VALLEY RWQCB (REGION 5S),N,NaN,WWTP,4/28/2022,39.40043,-122.01724
WDR100029703,2019,213404,Casa De Amigos MHP,* WDR Site,CENTRAL VALLEY RWQCB (REGION 5S),N,NaN,WWTP,4/22/2020,37.818878,-120.868789
WDR100029703,2020,213404,Casa De Amigos MHP,* WDR Site,CENTRAL VALLEY RWQCB (REGION 5S),N,NaN,WWTP,4/21/2021,37.818878,-120.868789
WDR100029703,2021,213404,Casa De Amigos MHP,* WDR Site,CENTRAL VALLEY RWQCB (REGION 5S),N,NaN,WWTP,2/24/2023,37.818878,-120.868789
WDR100029703,2022,213404,Casa De Amigos MHP,* WDR Site,CENTRAL VALLEY RWQCB (REGION 5S),N,NaN,WWTP,2/24/2023,37.818878,-120.868789
WDR100034760,2019,272989,Woodward Reservoir Reg Park,* WDR Site,CENTRAL VALLEY RWQCB (REGION 5S),N,NaN,WWTP,4/9/2020,37.84712,-120.87701
WDR100034760,2021,272989,Woodward Reservoir Reg Park,* WDR Site,CENTRAL VALLEY RWQCB (REGION 5S),N,NaN,WWTP,1/10/2022,37.84712,-120.87701
WDR100034760,2020,272989,Woodward Reservoir Reg Park,* WDR Site,CENTRAL VALLEY RWQCB (REGION 5S),N,NaN,WWTP,4/6/2021,37.84712,-120.87701
WDR100034760,2022,272989,Woodward Reservoir Reg Park,* WDR Site,CENTRAL VALLEY RWQCB (REGION 5S),N,NaN,WWTP,3/3/2023,37.84712,-120.87701
WDR100034757,2019,241143,Modesto Reservoir WWTP,* WDR Site,CENTRAL VALLEY RWQCB (REGION 5S),N,NaN,WWTP,4/10/2020,37.66052,-120.65597
WDR100034757,2021,241143,Modesto Reservoir WWTP,* WDR Site,CENTRAL VALLEY RWQCB (REGION 5S),N,NaN,WWTP,1/12/2022,37.66052,-120.65597
WDR100034757,2020,241143,Modesto Reservoir WWTP,* WDR Site,CENTRAL VALLEY RWQCB (REGION 5S),N,NaN,WWTP,4/23/2021,37.66052,-120.65597
WDR100034757,2022,241143,Modesto Reservoir WWTP,* WDR Site,CENTRAL VALLEY RWQCB (REGION 5S),N,NaN,WWTP,3/2/2023,37.66052,-120.65597
WDR100034703,2019,271772,St Helena Hospital WWTP,* WDR Site,SAN FRANCISCO BAY RWQCB (REGION 2),Y,Y,RWP,9/2/2020,38.543351,-122.475852
WDR100034703,2020,271772,St Helena Hospital WWTP,* WDR Site,SAN FRANCISCO BAY RWQCB (REGION 2),Y,Y,RWP,4/12/2021,38.543351,-122.475852
WDR100034703,2021,271772,St Helena Hospital WWTP,* WDR Site,SAN FRANCISCO BAY RWQCB (REGION 2),Y,Y,RWP,3/29/2022,38.543351,-122.475852
WDR100034703,2022,271772,St Helena Hospital WWTP,* WDR Site,SAN FRANCISCO BAY RWQCB (REGION 2),Y,Y,RWP,3/7/2023,38.543351,-122.475852
WDR100030803,2019,237069,Linden Co Water Dist WWTF,* WDR Site,CENTRAL VALLEY RWQCB (REGION 5S),N,NaN,WWTP,4/7/2020,38.01874,-121.09257
WDR100030803,2020,237069,Linden Co Water Dist WWTF,* WDR Site,CENTRAL VALLEY RWQCB (REGION 5S),N,NaN,WWTP,2/18/2021,38.01874,-121.09257
WDR100030803,2021,237069,Linden Co Water Dist WWTF,* WDR Site,CENTRAL VALLEY RWQCB (REGION 5S),N,NaN,WWTP,1/11/2022,38.01874,-121.09257
WDR100030803,2022,237069,Linden Co Water Dist WWTF,* WDR Site,CENTRAL VALLEY RWQCB (REGION 5S),N,NaN,WWTP,1/30/2023,38.01874,-121.09257
WDR100035243,2019,251857,Richardson Bay SD- RECYCLED WATER,* WDR Site,SAN FRANCISCO BAY RWQCB (REGION 2),N,NaN,WWTP,3/17/2020,37.895005,-122.486723
WDR100035243,2020,251857,Richardson Bay SD- RECYCLED WATER,* WDR Site,SAN FRANCISCO BAY RWQCB (REGION 2),N,NaN,WWTP,2/16/2021,37.895005,-122.486723
WDR100035243,2021,251857,Richardson Bay SD- RECYCLED WATER,* WDR Site,SAN FRANCISCO BAY RWQCB (REGION 2),N,NaN,WWTP,2/16/2022,37.895005,-122.486723
WDR100035243,2022,251857,Richardson Bay SD- RECYCLED WATER,* WDR Site,SAN FRANCISCO BAY RWQCB (REGION 2),N,NaN,WWTP,1/30/2023,37.895005,-122.486723
WDR100027397,2019,209987,Bolinas Community WWTP Pond System,* WDR Site,SAN FRANCISCO BAY RWQCB (REGION 2),N,NaN,WWTP,6/30/2020,37.898759,-122.704249
WDR100027397,2020,209987,Bolinas Community WWTP Pond System,* WDR Site,SAN FRANCISCO BAY RWQCB (REGION 2),N,NaN,WWTP,4/30/2021,37.898759,-122.704249
WDR100027397,2021,209987,Bolinas Community WWTP Pond System,* WDR Site,SAN FRANCISCO BAY RWQCB (REGION 2),N,NaN,WWTP,4/27/2022,37.898759,-122.704249
WDR100027397,2022,209987,Bolinas Community WWTP Pond System,* WDR Site,SAN FRANCISCO BAY RWQCB (REGION 2),N,NaN,WWTP,3/27/2023,37.898759,-122.704249
WDR100034847,2019,259717,Sutter Creek WWTP,* WDR Site,CENTRAL VALLEY RWQCB (REGION 5S),Y,N,WWTP RW,7/1/2020,38.39369,-120.803073
WDR100034847,2020,259717,Sutter Creek WWTP,* WDR Site,CENTRAL VALLEY RWQCB (REGION 5S),N,NaN,WWTP,4/21/2021,38.39369,-120.803073
WDR100034847,2021,259717,Sutter Creek WWTP,* WDR Site,CENTRAL VALLEY RWQCB (REGION 5S),N,NaN,WWTP,4/4/2022,38.39369,-120.803073
WDR100034847,2022,259717,Sutter Creek WWTP,* WDR Site,CENTRAL VALLEY RWQCB (REGION 5S),N,NaN,WWTP,4/28/2023,38.39369,-120.803073
WDR100037396,2019,257763,Sonora Regional WWTF,* WDR Site,CENTRAL VALLEY RWQCB (REGION 5F),Y,N,WWTP RW,3/17/2020,37.966394,-120.388012
WDR100037396,2020,257763,Sonora Regional WWTF,* WDR Site,CENTRAL VALLEY RWQCB (REGION 5F),Y,N,WWTP RW,3/21/2021,37.966394,-120.388012
WDR100037396,2021,257763,Sonora Regional WWTF,* WDR Site,CENTRAL VALLEY RWQCB (REGION 5F),Y,N,WWTP RW,4/21/2022,37.966394,-120.388012
WDR100037396,2022,257763,Sonora Regional WWTF,* WDR Site,CENTRAL VALLEY RWQCB (REGION 5F),Y,N,WWTP RW,3/30/2023,37.966394,-120.388012
WDR100032579,2019,272688,Willow Springs MHP,* WDR Site,LAHONTAN RWQCB (REGION 6V),N,NaN,WWTP,4/21/2020,35.118321,-118.3869
WDR100032579,2020,272688,Willow Springs MHP,* WDR Site,LAHONTAN RWQCB (REGION 6V),N,NaN,WWTP,2/16/2021,35.118321,-118.3869
WDR100032579,2021,272688,Willow Springs MHP,* WDR Site,LAHONTAN RWQCB (REGION 6V),N,NaN,WWTP,3/17/2022,35.118321,-118.3869
WDR100032579,2022,272688,Willow Springs MHP,* WDR Site,LAHONTAN RWQCB (REGION 6V),N,NaN,WWTP,6/7/2023,35.118321,-118.3869
WDR100035415,2019,252750,Rio Dell City WWTF,* WDR Site,NORTH COAST RWQCB (REGION 1),N,NaN,WWTP,4/1/2020,40.49716,-124.09453
WDR100035415,2020,252750,Rio Dell City WWTF,* WDR Site,NORTH COAST RWQCB (REGION 1),N,NaN,WWTP,3/3/2021,40.49716,-124.09453
WDR100035415,2021,252750,Rio Dell City WWTF,* WDR Site,NORTH COAST RWQCB (REGION 1),N,NaN,WWTP,2/16/2022,40.49716,-124.09453
WDR100035415,2022,252750,Rio Dell City WWTF,* WDR Site,NORTH COAST RWQCB (REGION 1),N,NaN,WWTP,4/24/2023,40.49716,-124.09453
WDR100035388,2019,215915,Country Club Estates,* WDR Site,CENTRAL COAST RWQCB (REGION 3),Y,N,WWTP RW,4/30/2020,35.21438,-120.63099
WDR100035388,2020,215915,Country Club Estates,* WDR Site,CENTRAL COAST RWQCB (REGION 3),Y,N,WWTP RW,4/29/2021,35.21438,-120.63099
WDR100035388,2021,215915,Country Club Estates,* WDR Site,CENTRAL COAST RWQCB (REGION 3),Y,N,WWTP RW,4/11/2022,35.21438,-120.63099
WDR100035388,2022,215915,Country Club Estates,* WDR Site,CENTRAL COAST RWQCB (REGION 3),Y,N,WWTP RW,3/2/2023,35.21438,-120.63099
WDR100036290,2019,274538,Yreka City WWTP,* WDR Site,NORTH COAST RWQCB (REGION 1),N,NaN,WWTP,8/24/2020,41.7441,-122.63073
WDR100036290,2021,274538,Yreka City WWTP,* WDR Site,NORTH COAST RWQCB (REGION 1),N,NaN,WWTP,2/17/2022,41.7441,-122.63073
WDR100036290,2020,274538,Yreka City WWTP,* WDR Site,NORTH COAST RWQCB (REGION 1),N,NaN,WWTP,4/6/2021,41.7441,-122.63073
WDR100036290,2022,274538,Yreka City WWTP,* WDR Site,NORTH COAST RWQCB (REGION 1),N,NaN,WWTP,1/26/2023,41.7441,-122.63073
WDR100035682,2019,252780,Ripley WTP 03-012,* WDR Site,COLORADO RIVER BASIN RWQCB (REGION 7),N,NaN,WWTP,5/21/2020,33.51616,-114.65706
WDR100035682,2020,252780,Ripley WTP 03-012,* WDR Site,COLORADO RIVER BASIN RWQCB (REGION 7),N,NaN,WWTP,4/26/2021,33.51616,-114.65706
WDR100035682,2021,252780,Ripley WTP 03-012,* WDR Site,COLORADO RIVER BASIN RWQCB (REGION 7),N,NaN,WWTP,3/17/2022,33.51616,-114.65706
WDR100035682,2022,252780,Ripley WTP 03-012,* WDR Site,COLORADO RIVER BASIN RWQCB (REGION 7),N,NaN,WWTP,2/15/2023,33.51616,-114.65706
WDR100031592,2019,230282,Hidden Valley Lake WRF,* WDR Site,CENTRAL VALLEY RWQCB (REGION 5S),Y,N,WWTP RW,6/30/2020,38.79758,-122.55373
WDR100031592,2021,230282,Hidden Valley Lake WRF,* WDR Site,CENTRAL VALLEY RWQCB (REGION 5S),Y,N,WWTP RW,2/18/2022,38.79758,-122.55373
WDR100031592,2020,230282,Hidden Valley Lake WRF,* WDR Site,CENTRAL VALLEY RWQCB (REGION 5S),Y,N,WWTP RW,1/22/2021,38.79758,-122.55373
WDR100031592,2022,230282,Hidden Valley Lake WRF,* WDR Site,CENTRAL VALLEY RWQCB (REGION 5S),Y,N,WWTP RW,1/26/2023,38.79758,-122.55373
WDR100029315,2019,224889,Forest Meadows WWT & RP,* WDR Site,CENTRAL VALLEY RWQCB (REGION 5S),Y,N,WWTP RW,6/30/2020,38.16368,-120.41881
WDR100029315,2020,224889,Forest Meadows WWT & RP,* WDR Site,CENTRAL VALLEY RWQCB (REGION 5S),Y,N,WWTP RW,4/29/2021,38.16368,-120.41881
WDR100029315,2021,224889,Forest Meadows WWT & RP,* WDR Site,CENTRAL VALLEY RWQCB (REGION 5S),Y,N,WWTP RW,4/29/2022,38.16368,-120.41881
WDR100029315,2022,224889,Forest Meadows WWT & RP,* WDR Site,CENTRAL VALLEY RWQCB (REGION 5S),Y,N,WWTP RW,4/3/2023,38.16368,-120.41881
WDR100030689,2019,239130,Madison WWTF,* WDR Site,CENTRAL VALLEY RWQCB (REGION 5S),N,NaN,WWTP,7/7/2020,38.68173,-121.96723
WDR100030689,2020,239130,Madison WWTF,* WDR Site,CENTRAL VALLEY RWQCB (REGION 5S),N,NaN,WWTP,4/30/2021,38.68173,-121.96723
WDR100030689,2021,239130,Madison WWTF,* WDR Site,CENTRAL VALLEY RWQCB (REGION 5S),N,NaN,WWTP,5/11/2022,38.68173,-121.96723
WDR100026819,2019,273104,Arvin WWTF,* WDR Site,CENTRAL VALLEY RWQCB (REGION 5F),Y,N,WWTP RW,4/8/2020,35.1864,-118.84748
WDR100026819,2020,273104,Arvin WWTF,* WDR Site,CENTRAL VALLEY RWQCB (REGION 5F),Y,N,WWTP RW,2/16/2021,35.1864,-118.84748
WDR100026819,2021,273104,Arvin WWTF,* WDR Site,CENTRAL VALLEY RWQCB (REGION 5F),Y,N,WWTP RW,3/15/2022,35.1864,-118.84748
WDR100026819,2022,273104,Arvin WWTF,* WDR Site,CENTRAL VALLEY RWQCB (REGION 5F),Y,N,WWTP RW,3/11/2023,35.1864,-118.84748
WDR100029577,2019,213561,Carmel Reclamation,* WDR Site,CENTRAL COAST RWQCB (REGION 3),Y,N,WWTP RW,4/21/2020,36.53943,-121.91931
WDR100029577,2021,213561,Carmel Reclamation,* WDR Site,CENTRAL COAST RWQCB (REGION 3),Y,N,WWTP RW,2/14/2022,36.53943,-121.91931
WDR100029577,2020,213561,Carmel Reclamation,* WDR Site,CENTRAL COAST RWQCB (REGION 3),Y,N,WWTP RW,2/23/2021,36.53943,-121.91931
WDR100029577,2022,213561,Carmel Reclamation,* WDR Site,CENTRAL COAST RWQCB (REGION 3),Y,N,WWTP RW,2/3/2023,36.53943,-121.91931
WDR100037286,2019,244056,Nebo Domestic WTF,* WDR Site,LAHONTAN RWQCB (REGION 6V),N,NaN,WWTP,4/8/2021,34.876936,-116.938532
WDR100037286,2020,244056,Nebo Domestic WTF,* WDR Site,LAHONTAN RWQCB (REGION 6V),N,NaN,WWTP,4/8/2021,34.876936,-116.938532
WDR100037286,2021,244056,Nebo Domestic WTF,* WDR Site,LAHONTAN RWQCB (REGION 6V),N,NaN,WWTP,4/5/2022,34.876936,-116.938532
WDR100037286,2022,244056,Nebo Domestic WTF,* WDR Site,LAHONTAN RWQCB (REGION 6V),N,NaN,WWTP,4/12/2023,34.876936,-116.938532
WDR100029631,2019,212648,California City WTF,* WDR Site,LAHONTAN RWQCB (REGION 6V),Y,N,WWTP RW,3/13/2020,35.14196,-117.935665
WDR100029631,2020,212648,California City WTF,* WDR Site,LAHONTAN RWQCB (REGION 6V),Y,N,WWTP RW,1/7/2021,35.14196,-117.935665
WDR100029631,2021,212648,California City WTF,* WDR Site,LAHONTAN RWQCB (REGION 6V),Y,N,WWTP RW,5/4/2022,35.14196,-117.935665
WDR100029631,2022,212648,California City WTF,* WDR Site,LAHONTAN RWQCB (REGION 6V),Y,N,WWTP RW,1/13/2023,35.14196,-117.935665
WDR100033139,2019,215910,Coulterville WWTF,* WDR Site,CENTRAL VALLEY RWQCB (REGION 5F),N,NaN,WWTP,4/28/2020,37.69202,-120.19462
WDR100033139,2020,215910,Coulterville WWTF,* WDR Site,CENTRAL VALLEY RWQCB (REGION 5F),N,NaN,WWTP,4/20/2021,37.69202,-120.19462
WDR100033139,2021,215910,Coulterville WWTF,* WDR Site,CENTRAL VALLEY RWQCB (REGION 5F),N,NaN,WWTP,3/29/2022,37.69202,-120.19462
WDR100033139,2022,215910,Coulterville WWTF,* WDR Site,CENTRAL VALLEY RWQCB (REGION 5F),N,NaN,WWTP,5/3/2023,37.69202,-120.19462
WDR100028741,2019,263145,Temecula Valley RWRF,* WDR Site,SAN DIEGO RWQCB (REGION 9),Y,N,WWTP RW,5/4/2020,33.50722,-117.17148
WDR100028741,2020,263145,Temecula Valley RWRF,* WDR Site,SAN DIEGO RWQCB (REGION 9),Y,N,WWTP RW,3/23/2021,33.50722,-117.17148
WDR100028741,2021,263145,Temecula Valley RWRF,* WDR Site,SAN DIEGO RWQCB (REGION 9),Y,N,WWTP RW,4/28/2022,33.50722,-117.17148
WDR100028741,2022,263145,Temecula Valley RWRF,* WDR Site,SAN DIEGO RWQCB (REGION 9),Y,N,WWTP RW,7/5/2023,33.50722,-117.17148
WDR100027094,2019,209662,Bishop Sewage Treatment Plant,* WDR Site,LAHONTAN RWQCB (REGION 6V),Y,N,WWTP RW,4/30/2020,37.356287,-118.374855
WDR100027094,2020,209662,Bishop Sewage Treatment Plant,* WDR Site,LAHONTAN RWQCB (REGION 6V),Y,N,WWTP RW,4/12/2021,37.356287,-118.374855
WDR100027094,2022,209662,Bishop Sewage Treatment Plant,* WDR Site,LAHONTAN RWQCB (REGION 6V),Y,N,WWTP RW,1/25/2023,37.356287,-118.374855
WDR100027094,2021,209662,Bishop Sewage Treatment Plant,* WDR Site,LAHONTAN RWQCB (REGION 6V),Y,N,WWTP RW,3/21/2022,37.356287,-118.374855
WDR100027855,2019,210365,Bridgeport PUD Treatment Plant,* WDR Site,LAHONTAN RWQCB (REGION 6T),N,NaN,WWTP,4/2/2020,38.2681521,-119.209621
WDR100027855,2020,210365,Bridgeport PUD Treatment Plant,* WDR Site,LAHONTAN RWQCB (REGION 6T),N,NaN,WWTP,3/1/2021,38.2681521,-119.209621
WDR100027855,2021,210365,Bridgeport PUD Treatment Plant,* WDR Site,LAHONTAN RWQCB (REGION 6T),N,NaN,WWTP,1/10/2022,38.2681521,-119.209621
WDR100027855,2022,210365,Bridgeport PUD Treatment Plant,* WDR Site,LAHONTAN RWQCB (REGION 6T),N,NaN,WWTP,4/3/2023,38.2681521,-119.209621
WDR100027202,2019,208668,Banning STP-Non NPDES,* WDR Site,COLORADO RIVER BASIN RWQCB (REGION 7),N,NaN,WWTP,7/20/2020,NaN,NaN
WDR100027202,2020,208668,Banning STP-Non NPDES,* WDR Site,COLORADO RIVER BASIN RWQCB (REGION 7),N,NaN,WWTP,4/6/2021,NaN,NaN
WDR100027202,2021,208668,Banning STP-Non NPDES,* WDR Site,COLORADO RIVER BASIN RWQCB (REGION 7),N,NaN,WWTP,1/28/2022,NaN,NaN
WDR100027202,2022,208668,Banning STP-Non NPDES,* WDR Site,COLORADO RIVER BASIN RWQCB (REGION 7),N,NaN,WWTP,3/13/2023,NaN,NaN
WDR100035838,2019,210116,Boulder Creek Golf & Cntry Club WWTP,* WDR Site,CENTRAL COAST RWQCB (REGION 3),N,NaN,WWTP,4/6/2020,37.15394,-122.16183
WDR100035838,2020,210116,Boulder Creek Golf & Cntry Club WWTP,* WDR Site,CENTRAL COAST RWQCB (REGION 3),N,NaN,WWTP,1/27/2021,37.15394,-122.16183
WDR100035838,2021,210116,Boulder Creek Golf & Cntry Club WWTP,* WDR Site,CENTRAL COAST RWQCB (REGION 3),N,NaN,WWTP,8/22/2022,37.15394,-122.16183
WDR100035838,2022,210116,Boulder Creek Golf & Cntry Club WWTP,* WDR Site,CENTRAL COAST RWQCB (REGION 3),N,NaN,WWTP,4/4/2023,37.15394,-122.16183
WDR100033604,2020,241305,Chualar Wastewater Treatment Plant,* WDR Site,CENTRAL COAST RWQCB (REGION 3),N,NaN,WWTP,8/3/2021,36.55212,-121.54215
WDR100033604,2019,241305,Chualar Wastewater Treatment Plant,* WDR Site,CENTRAL COAST RWQCB (REGION 3),N,NaN,WWTP,8/3/2021,36.55212,-121.54215
WDR100033604,2021,241305,Chualar Wastewater Treatment Plant,* WDR Site,CENTRAL COAST RWQCB (REGION 3),N,NaN,WWTP,5/4/2022,36.55212,-121.54215
WDR100033604,2022,241305,Chualar Wastewater Treatment Plant,* WDR Site,CENTRAL COAST RWQCB (REGION 3),N,NaN,WWTP,8/6/2023,36.55212,-121.54215
WDR100033697,2019,247940,Penn Valley WWTP,* WDR Site,CENTRAL VALLEY RWQCB (REGION 5S),N,NaN,WWTP,4/15/2020,39.17526,-121.19634
WDR100033697,2021,247940,Penn Valley WWTP,* WDR Site,CENTRAL VALLEY RWQCB (REGION 5S),N,NaN,WWTP,2/24/2022,39.17526,-121.19634
WDR100033697,2020,247940,Penn Valley WWTP,* WDR Site,CENTRAL VALLEY RWQCB (REGION 5S),N,NaN,WWTP,4/29/2021,39.17526,-121.19634
WDR100033697,2022,247940,Penn Valley WWTP,* WDR Site,CENTRAL VALLEY RWQCB (REGION 5S),N,NaN,WWTP,4/28/2023,39.17526,-121.19634
WDR100031904,2019,273118,Hanford WWTF,* WDR Site,CENTRAL VALLEY RWQCB (REGION 5F),Y,N,WWTP RW,7/27/2020,36.2984,-119.64984
WDR100031904,2021,273118,Hanford WWTF,* WDR Site,CENTRAL VALLEY RWQCB (REGION 5F),Y,N,WWTP RW,1/10/2022,36.2984,-119.64984
WDR100031904,2020,273118,Hanford WWTF,* WDR Site,CENTRAL VALLEY RWQCB (REGION 5F),Y,N,WWTP RW,2/17/2021,36.2984,-119.64984
WDR100031904,2022,273118,Hanford WWTF,* WDR Site,CENTRAL VALLEY RWQCB (REGION 5F),Y,N,WWTP RW,1/24/2023,36.2984,-119.64984
WDR100033461,2019,241188,Mojave STP,* WDR Site,LAHONTAN RWQCB (REGION 6V),N,NaN,WWTP,4/2/2020,35.030014,-118.146276
WDR100033461,2020,241188,Mojave STP,* WDR Site,LAHONTAN RWQCB (REGION 6V),N,NaN,WWTP,1/14/2021,35.030014,-118.146276
WDR100033461,2021,241188,Mojave STP,* WDR Site,LAHONTAN RWQCB (REGION 6V),N,NaN,WWTP,1/13/2022,35.030014,-118.146276
WDR100033461,2022,241188,Mojave STP,* WDR Site,LAHONTAN RWQCB (REGION 6V),N,NaN,WWTP,1/30/2023,35.030014,-118.146276
WDR100036649,2019,222326,Edwards AFB WTF,* WDR Site,LAHONTAN RWQCB (REGION 6V),Y,N,WWTP RW,6/30/2020,34.878627,-117.889736
WDR100036649,2020,222326,Edwards AFB WTF,* WDR Site,LAHONTAN RWQCB (REGION 6V),Y,N,WWTP RW,4/27/2021,34.878627,-117.889736
WDR100036649,2021,222326,Edwards AFB WTF,* WDR Site,LAHONTAN RWQCB (REGION 6V),Y,N,WWTP RW,3/29/2022,34.878627,-117.889736
WDR100036649,2022,222326,Edwards AFB WTF,* WDR Site,LAHONTAN RWQCB (REGION 6V),Y,N,WWTP RW,4/26/2023,34.878627,-117.889736
WDR100037291,2019,274458,Yermo Domestic WTF,* WDR Site,LAHONTAN RWQCB (REGION 6V),N,NaN,WWTP,4/8/2021,34.894663,-116.864918
WDR100037291,2020,274458,Yermo Domestic WTF,* WDR Site,LAHONTAN RWQCB (REGION 6V),N,NaN,WWTP,4/8/2021,34.894663,-116.864918
WDR100037291,2021,274458,Yermo Domestic WTF,* WDR Site,LAHONTAN RWQCB (REGION 6V),N,NaN,WWTP,4/5/2022,34.894663,-116.864918
WDR100037291,2022,274458,Yermo Domestic WTF,* WDR Site,LAHONTAN RWQCB (REGION 6V),N,NaN,WWTP,4/12/2023,34.894663,-116.864918
WDR100028572,2019,222947,Esparto CSD WWTF,* WDR Site,CENTRAL VALLEY RWQCB (REGION 5S),N,NaN,WWTP,6/29/2020,38.68755,-122.00709
WDR100028572,2020,222947,Esparto CSD WWTF,* WDR Site,CENTRAL VALLEY RWQCB (REGION 5S),N,NaN,WWTP,3/1/2021,38.68755,-122.00709
WDR100028572,2021,222947,Esparto CSD WWTF,* WDR Site,CENTRAL VALLEY RWQCB (REGION 5S),N,NaN,WWTP,3/22/2022,38.68755,-122.00709
WDR100028572,2022,222947,Esparto CSD WWTF,* WDR Site,CENTRAL VALLEY RWQCB (REGION 5S),N,NaN,WWTP,2/27/2023,38.68755,-122.00709
WDR100035198,2019,273132,San Joaquin WWTF,* WDR Site,CENTRAL VALLEY RWQCB (REGION 5F),N,NaN,WWTP,8/28/2020,36.60311,-120.19741
WDR100035198,2020,273132,San Joaquin WWTF,* WDR Site,CENTRAL VALLEY RWQCB (REGION 5F),N,NaN,WWTP,2/11/2021,36.60311,-120.19741
WDR100035198,2021,273132,San Joaquin WWTF,* WDR Site,CENTRAL VALLEY RWQCB (REGION 5F),N,NaN,WWTP,1/20/2022,36.60311,-120.19741
WDR100035198,2022,273132,San Joaquin WWTF,* WDR Site,CENTRAL VALLEY RWQCB (REGION 5F),N,NaN,WWTP,3/14/2023,36.60311,-120.19741
WDR100032748,2020,273182,Planada WWTF,* WDR Site,CENTRAL VALLEY RWQCB (REGION 5F),Y,N,WWTP RW,4/30/2021,37.27692,-120.33191
WDR100032748,2021,273182,Planada WWTF,* WDR Site,CENTRAL VALLEY RWQCB (REGION 5F),N,NaN,WWTP,3/14/2022,37.27692,-120.33191
WDR100032748,2019,273182,Planada WWTF,* WDR Site,CENTRAL VALLEY RWQCB (REGION 5F),Y,N,WWTP RW,4/30/2021,37.27692,-120.33191
WDR100032748,2022,273182,Planada WWTF,* WDR Site,CENTRAL VALLEY RWQCB (REGION 5F),Y,N,WWTP RW,3/2/2023,37.27692,-120.33191
WDR100027669,2019,271740,Wasco State Prison WWTF,* WDR Site,CENTRAL VALLEY RWQCB (REGION 5F),Y,N,WWTP RW,8/13/2020,35.589574,-119.406452
WDR100027669,2020,271740,Wasco State Prison WWTF,* WDR Site,CENTRAL VALLEY RWQCB (REGION 5F),Y,N,WWTP RW,3/11/2021,35.589574,-119.406452
WDR100027669,2021,271740,Wasco State Prison WWTF,* WDR Site,CENTRAL VALLEY RWQCB (REGION 5F),Y,N,WWTP RW,4/12/2022,35.589574,-119.406452
WDR100027669,2022,271740,Wasco State Prison WWTF,* WDR Site,CENTRAL VALLEY RWQCB (REGION 5F),Y,N,WWTP RW,3/29/2023,35.589574,-119.406452
WDR100032145,2019,241099,Oakwood Lake WWTF,* WDR Site,CENTRAL VALLEY RWQCB (REGION 5S),Y,N,WWTP RW,3/17/2020,37.775257,-121.28854
WDR100032145,2020,241099,Oakwood Lake WWTF,* WDR Site,CENTRAL VALLEY RWQCB (REGION 5S),Y,N,WWTP RW,3/30/2021,37.775257,-121.28854
WDR100032145,2021,241099,Oakwood Lake WWTF,* WDR Site,CENTRAL VALLEY RWQCB (REGION 5S),Y,N,WWTP RW,4/19/2022,37.775257,-121.28854
WDR100032145,2022,241099,Oakwood Lake WWTF,* WDR Site,CENTRAL VALLEY RWQCB (REGION 5S),Y,N,WWTP RW,2/21/2023,37.775257,-121.28854
WDR100027481,2019,213596,CDC Pelican Bay Prison WWTP,* WDR Site,NORTH COAST RWQCB (REGION 1),N,NaN,WWTP,6/29/2020,41.8501,-124.1529
WDR100027481,2021,213596,CDC Pelican Bay Prison WWTP,* WDR Site,NORTH COAST RWQCB (REGION 1),N,NaN,WWTP,1/11/2022,41.8501,-124.1529
WDR100027481,2020,213596,CDC Pelican Bay Prison WWTP,* WDR Site,NORTH COAST RWQCB (REGION 1),N,NaN,WWTP,4/6/2021,41.8501,-124.1529
WDR100027481,2022,213596,CDC Pelican Bay Prison WWTP,* WDR Site,NORTH COAST RWQCB (REGION 1),N,NaN,WWTP,1/31/2023,41.8501,-124.1529
WDR100027344,2019,602220,Bohemian Grove,* WDR Site,NORTH COAST RWQCB (REGION 1),Y,N,WWTP RW,4/1/2020,38.4664,-122.9998
WDR100027344,2020,602220,Bohemian Grove,* WDR Site,NORTH COAST RWQCB (REGION 1),Y,N,WWTP RW,4/28/2021,38.4664,-122.9998
WDR100027344,2021,602220,Bohemian Grove,* WDR Site,NORTH COAST RWQCB (REGION 1),Y,N,WWTP RW,3/23/2022,38.4664,-122.9998
WDR100027344,2022,602220,Bohemian Grove,* WDR Site,NORTH COAST RWQCB (REGION 1),Y,N,WWTP RW,3/13/2023,38.4664,-122.9998
WDR100031282,2019,273119,Huron WWTF,* WDR Site,CENTRAL VALLEY RWQCB (REGION 5F),N,NaN,WWTP,5/13/2020,36.206021,-120.10357
WDR100031282,2021,273119,Huron WWTF,* WDR Site,CENTRAL VALLEY RWQCB (REGION 5F),N,NaN,WWTP,2/14/2022,36.206021,-120.10357
WDR100031282,2020,273119,Huron WWTF,* WDR Site,CENTRAL VALLEY RWQCB (REGION 5F),N,NaN,WWTP,4/6/2021,36.206021,-120.10357
WDR100031282,2022,273119,Huron WWTF,* WDR Site,CENTRAL VALLEY RWQCB (REGION 5F),N,NaN,WWTP,1/23/2023,36.206021,-120.10357
WDR100027487,2019,234915,Kern Valley State Prison WWTF,* WDR Site,CENTRAL VALLEY RWQCB (REGION 5F),Y,N,WWTP RW,6/18/2020,35.76656,-119.31754
WDR100027487,2020,234915,Kern Valley State Prison WWTF,* WDR Site,CENTRAL VALLEY RWQCB (REGION 5F),Y,N,WWTP RW,4/30/2021,35.76656,-119.31754
WDR100027487,2021,234915,Kern Valley State Prison WWTF,* WDR Site,CENTRAL VALLEY RWQCB (REGION 5F),Y,N,WWTP RW,2/17/2022,35.76656,-119.31754
WDR100027487,2022,234915,Kern Valley State Prison WWTF,* WDR Site,CENTRAL VALLEY RWQCB (REGION 5F),Y,N,WWTP RW,4/4/2023,35.76656,-119.31754
WDR100033840,2019,273126,Mendota WWTF,* WDR Site,CENTRAL VALLEY RWQCB (REGION 5F),N,NaN,WWTP,5/15/2020,36.76875,-120.36786
WDR100033840,2020,273126,Mendota WWTF,* WDR Site,CENTRAL VALLEY RWQCB (REGION 5F),N,NaN,WWTP,4/29/2021,36.76875,-120.36786
WDR100033840,2021,273126,Mendota WWTF,* WDR Site,CENTRAL VALLEY RWQCB (REGION 5F),N,NaN,WWTP,4/13/2022,36.76875,-120.36786
WDR100033840,2022,273126,Mendota WWTF,* WDR Site,CENTRAL VALLEY RWQCB (REGION 5F),N,NaN,WWTP,1/26/2023,36.76875,-120.36786
WDR100030927,2019,220469,Livingston Domestic WWTF,* WDR Site,CENTRAL VALLEY RWQCB (REGION 5F),N,NaN,WWTP,6/30/2020,37.3931511,-120.7536461
WDR100030927,2020,220469,Livingston Domestic WWTF,* WDR Site,CENTRAL VALLEY RWQCB (REGION 5F),N,NaN,WWTP,4/30/2021,37.3931511,-120.7536461
WDR100030927,2021,220469,Livingston Domestic WWTF,* WDR Site,CENTRAL VALLEY RWQCB (REGION 5F),N,NaN,WWTP,8/11/2022,37.3931511,-120.7536461
WDR100030927,2022,220469,Livingston Domestic WWTF,* WDR Site,CENTRAL VALLEY RWQCB (REGION 5F),N,NaN,WWTP,4/28/2023,37.3931511,-120.7536461
WDR100030305,2019,273123,Madera WWTF,* WDR Site,CENTRAL VALLEY RWQCB (REGION 5F),N,NaN,WWTP,4/14/2020,36.93969,-120.15693
WDR100030305,2021,273123,Madera WWTF,* WDR Site,CENTRAL VALLEY RWQCB (REGION 5F),N,NaN,WWTP,2/1/2022,36.93969,-120.15693
WDR100030305,2020,273123,Madera WWTF,* WDR Site,CENTRAL VALLEY RWQCB (REGION 5F),N,NaN,WWTP,3/2/2021,36.93969,-120.15693
WDR100030305,2022,273123,Madera WWTF,* WDR Site,CENTRAL VALLEY RWQCB (REGION 5F),N,NaN,WWTP,1/23/2023,36.93969,-120.15693
WDR100027540,2019,248717,Pleasant Valley State Prison WWTF,* WDR Site,CENTRAL VALLEY RWQCB (REGION 5F),N,NaN,WWTP,8/19/2020,36.137222,-120.243421
WDR100027540,2021,248717,Pleasant Valley State Prison WWTF,* WDR Site,CENTRAL VALLEY RWQCB (REGION 5F),N,NaN,WWTP,2/16/2022,36.137222,-120.243421
WDR100027540,2020,248717,Pleasant Valley State Prison WWTF,* WDR Site,CENTRAL VALLEY RWQCB (REGION 5F),N,NaN,WWTP,5/19/2021,36.137222,-120.243421
WDR100027540,2022,248717,Pleasant Valley State Prison WWTF,* WDR Site,CENTRAL VALLEY RWQCB (REGION 5F),N,NaN,WWTP,4/5/2023,36.137222,-120.243421
WDR100033142,2019,220495,Don Pedro Sewer Zone 1,* WDR Site,CENTRAL VALLEY RWQCB (REGION 5F),Y,N,WWTP RW,5/12/2020,37.63008,-120.36428
WDR100033142,2020,220495,Don Pedro Sewer Zone 1,* WDR Site,CENTRAL VALLEY RWQCB (REGION 5F),Y,N,WWTP RW,4/20/2021,37.63008,-120.36428
WDR100033142,2021,220495,Don Pedro Sewer Zone 1,* WDR Site,CENTRAL VALLEY RWQCB (REGION 5F),Y,N,WWTP RW,3/29/2022,37.63008,-120.36428
WDR100033142,2022,220495,Don Pedro Sewer Zone 1,* WDR Site,CENTRAL VALLEY RWQCB (REGION 5F),Y,N,WWTP RW,5/3/2023,37.63008,-120.36428
WDR100035556,2019,273185,Riverdale WWTF,* WDR Site,CENTRAL VALLEY RWQCB (REGION 5F),N,NaN,WWTP,4/29/2020,36.43186,-119.86139
WDR100035556,2020,273185,Riverdale WWTF,* WDR Site,CENTRAL VALLEY RWQCB (REGION 5F),N,NaN,WWTP,4/28/2021,36.43186,-119.86139
WDR100035556,2021,273185,Riverdale WWTF,* WDR Site,CENTRAL VALLEY RWQCB (REGION 5F),N,NaN,WWTP,4/28/2022,36.43186,-119.86139
WDR100035556,2022,273185,Riverdale WWTF,* WDR Site,CENTRAL VALLEY RWQCB (REGION 5F),N,NaN,WWTP,4/13/2023,36.43186,-119.86139
WDR100028414,2019,273167,Del Rey WWTF,* WDR Site,CENTRAL VALLEY RWQCB (REGION 5F),N,NaN,WWTP,7/29/2021,36.663215,-119.5831
WDR100028414,2020,273167,Del Rey WWTF,* WDR Site,CENTRAL VALLEY RWQCB (REGION 5F),N,NaN,WWTP,4/28/2021,36.663215,-119.5831
WDR100028414,2021,273167,Del Rey WWTF,* WDR Site,CENTRAL VALLEY RWQCB (REGION 5F),N,NaN,WWTP,5/4/2022,36.663215,-119.5831
WDR100028414,2022,273167,Del Rey WWTF,* WDR Site,CENTRAL VALLEY RWQCB (REGION 5F),N,NaN,WWTP,4/6/2023,36.663215,-119.5831
WDR100036016,2019,234117,Julian Water Pollution Facility,* WDR Site,SAN DIEGO RWQCB (REGION 9),N,NaN,WWTP,4/7/2020,33.08019,-116.61971
WDR100036016,2020,234117,Julian Water Pollution Facility,* WDR Site,SAN DIEGO RWQCB (REGION 9),N,NaN,WWTP,4/12/2021,33.08019,-116.61971
WDR100036016,2021,234117,Julian Water Pollution Facility,* WDR Site,SAN DIEGO RWQCB (REGION 9),N,NaN,WWTP,4/27/2022,33.08019,-116.61971
WDR100036016,2022,234117,Julian Water Pollution Facility,* WDR Site,SAN DIEGO RWQCB (REGION 9),N,NaN,WWTP,4/24/2023,33.08019,-116.61971
WDR100035824,2019,259197,Lytle Creek WWTP,* WDR Site,SANTA ANA RWQCB (REGION 8),N,NaN,WWTP,8/26/2020,34.20179,-117.44881
WDR100035824,2020,259197,Lytle Creek WWTP,* WDR Site,SANTA ANA RWQCB (REGION 8),N,NaN,WWTP,3/22/2021,34.20179,-117.44881
WDR100035824,2021,259197,Lytle Creek WWTP,* WDR Site,SANTA ANA RWQCB (REGION 8),N,NaN,WWTP,3/28/2022,34.20179,-117.44881
WDR100035824,2022,259197,Lytle Creek WWTP,* WDR Site,SANTA ANA RWQCB (REGION 8),N,NaN,WWTP,3/3/2023,34.20179,-117.44881
WDR100037041,2019,274504,Tuolumne Meadows Wastewater Treatment Facility,* WDR Site,CENTRAL VALLEY RWQCB (REGION 5F),N,NaN,WWTP,7/24/2020,37.79724,-119.8608
WDR100037041,2021,274504,Tuolumne Meadows Wastewater Treatment Facility,* WDR Site,CENTRAL VALLEY RWQCB (REGION 5F),N,NaN,WWTP,2/7/2022,37.79724,-119.8608
WDR100037041,2020,274504,Tuolumne Meadows Wastewater Treatment Facility,* WDR Site,CENTRAL VALLEY RWQCB (REGION 5F),N,NaN,WWTP,1/28/2021,37.79724,-119.8608
WDR100037041,2022,274504,Tuolumne Meadows Wastewater Treatment Facility,* WDR Site,CENTRAL VALLEY RWQCB (REGION 5F),N,NaN,WWTP,2/6/2023,37.79724,-119.8608
WDR100029438,2019,233610,Jenny Lind Elementary School,* WDR Site,CENTRAL VALLEY RWQCB (REGION 5S),Y,N,WWTP RW,4/17/2020,38.134,-120.86797
WDR100029438,2020,233610,Jenny Lind Elementary School,* WDR Site,CENTRAL VALLEY RWQCB (REGION 5S),N,NaN,WWTP,2/26/2021,38.134,-120.86797
WDR100029438,2021,233610,Jenny Lind Elementary School,* WDR Site,CENTRAL VALLEY RWQCB (REGION 5S),Y,N,WWTP RW,2/21/2022,38.134,-120.86797
WDR100029438,2022,233610,Jenny Lind Elementary School,* WDR Site,CENTRAL VALLEY RWQCB (REGION 5S),Y,N,WWTP RW,2/22/2023,38.134,-120.86797
WDR100032399,2019,247301,Pacific Union College WWTP,* WDR Site,SAN FRANCISCO BAY RWQCB (REGION 2),Y,N,WWTP RW,4/30/2020,38.564365,-122.443483
WDR100032399,2020,247301,Pacific Union College WWTP,* WDR Site,SAN FRANCISCO BAY RWQCB (REGION 2),Y,N,WWTP RW,3/23/2021,38.564365,-122.443483
WDR100032399,2021,247301,Pacific Union College WWTP,* WDR Site,SAN FRANCISCO BAY RWQCB (REGION 2),N,NaN,WWTP,2/1/2023,38.564365,-122.443483
WDR100032399,2022,247301,Pacific Union College WWTP,* WDR Site,SAN FRANCISCO BAY RWQCB (REGION 2),N,NaN,WWTP,2/1/2023,38.564365,-122.443483
WDR100026749,2019,206653,Atascadero WWTP,* WDR Site,CENTRAL COAST RWQCB (REGION 3),Y,N,WWTP RW,4/8/2020,35.48211,-120.64443
WDR100026749,2020,206653,Atascadero WWTP,* WDR Site,CENTRAL COAST RWQCB (REGION 3),Y,N,WWTP RW,3/23/2021,35.48211,-120.64443
WDR100026749,2021,206653,Atascadero WWTP,* WDR Site,CENTRAL COAST RWQCB (REGION 3),Y,N,WWTP RW,3/8/2022,35.48211,-120.64443
WDR100026749,2022,206653,Atascadero WWTP,* WDR Site,CENTRAL COAST RWQCB (REGION 3),N,NaN,WWTP,4/18/2023,35.48211,-120.64443
WDR100027049,2019,206651,Atascadero State Hospital,* WDR Site,CENTRAL COAST RWQCB (REGION 3),N,NaN,WWTP,2/11/2021,35.46305,-120.63514
WDR100027049,2021,206651,Atascadero State Hospital,* WDR Site,CENTRAL COAST RWQCB (REGION 3),N,NaN,WWTP,2/17/2022,35.46305,-120.63514
WDR100027049,2020,206651,Atascadero State Hospital,* WDR Site,CENTRAL COAST RWQCB (REGION 3),N,NaN,WWTP,2/11/2021,35.46305,-120.63514
WDR100027049,2022,206651,Atascadero State Hospital,* WDR Site,CENTRAL COAST RWQCB (REGION 3),N,NaN,WWTP,4/5/2023,35.46305,-120.63514
WDR100036302,2019,272418,Whispering Palms WPCF,* WDR Site,SAN DIEGO RWQCB (REGION 9),Y,N,WWTP RW,8/19/2020,33.00127,-117.2002
WDR100036302,2020,272418,Whispering Palms WPCF,* WDR Site,SAN DIEGO RWQCB (REGION 9),Y,N,WWTP RW,2/11/2021,33.00127,-117.2002
WDR100036302,2021,272418,Whispering Palms WPCF,* WDR Site,SAN DIEGO RWQCB (REGION 9),Y,Y,RWP,1/10/2022,33.00127,-117.2002
WDR100036302,2022,272418,Whispering Palms WPCF,* WDR Site,SAN DIEGO RWQCB (REGION 9),Y,N,WWTP RW,7/5/2023,33.00127,-117.2002
WDR100027879,2019,273160,Avenal WWTF,* WDR Site,CENTRAL VALLEY RWQCB (REGION 5F),N,NaN,WWTP,4/29/2020,36.00412,-120.12903
WDR100027879,2020,273160,Avenal WWTF,* WDR Site,CENTRAL VALLEY RWQCB (REGION 5F),N,NaN,WWTP,2/19/2021,36.00412,-120.12903
WDR100027879,2021,273160,Avenal WWTF,* WDR Site,CENTRAL VALLEY RWQCB (REGION 5F),N,NaN,WWTP,3/28/2022,36.00412,-120.12903
WDR100027879,2022,273160,Avenal WWTF,* WDR Site,CENTRAL VALLEY RWQCB (REGION 5F),N,NaN,WWTP,2/17/2023,36.00412,-120.12903
WDR100032614,2019,248442,Pinecrest WWTP,* WDR Site,CENTRAL VALLEY RWQCB (REGION 5F),N,NaN,WWTP,8/25/2020,38.17148,-120.00164
WDR100032614,2020,248442,Pinecrest WWTP,* WDR Site,CENTRAL VALLEY RWQCB (REGION 5F),N,NaN,WWTP,4/23/2021,38.17148,-120.00164
WDR100032614,2021,248442,Pinecrest WWTP,* WDR Site,CENTRAL VALLEY RWQCB (REGION 5F),N,NaN,WWTP,2/15/2022,38.17148,-120.00164
WDR100032614,2022,248442,Pinecrest WWTP,* WDR Site,CENTRAL VALLEY RWQCB (REGION 5F),N,NaN,WWTP,2/5/2023,38.17148,-120.00164
WDR100035190,2019,257518,SMWD - Chiquita WRP,* WDR Site,SAN DIEGO RWQCB (REGION 9),Y,N,WWTP RW,4/10/2020,33.517265,-117.629322
WDR100035190,2020,257518,SMWD - Chiquita WRP,* WDR Site,SAN DIEGO RWQCB (REGION 9),Y,N,WWTP RW,3/4/2021,33.517265,-117.629322
WDR100035190,2021,257518,SMWD - Chiquita WRP,* WDR Site,SAN DIEGO RWQCB (REGION 9),Y,N,WWTP RW,2/4/2022,33.517265,-117.629322
WDR100035190,2022,257518,SMWD - Chiquita WRP,* WDR Site,SAN DIEGO RWQCB (REGION 9),Y,N,WWTP RW,2/7/2023,33.517265,-117.629322
WDR100031466,2019,230784,Herlong Public Utility District,* WDR Site,LAHONTAN RWQCB (REGION 6T),N,NaN,WWTP,8/6/2020,40.1601647,-120.176765
WDR100031466,2021,230784,Herlong Public Utility District,* WDR Site,LAHONTAN RWQCB (REGION 6T),N,NaN,WWTP,1/12/2022,40.1601647,-120.176765
WDR100031466,2020,230784,Herlong Public Utility District,* WDR Site,LAHONTAN RWQCB (REGION 6T),N,NaN,WWTP,1/27/2021,40.1601647,-120.176765
WDR100031466,2022,230784,Herlong Public Utility District,* WDR Site,LAHONTAN RWQCB (REGION 6T),N,NaN,WWTP,1/9/2023,40.1601647,-120.176765
WDR100035146,2019,255306,San Jerardo WWTP,* WDR Site,CENTRAL COAST RWQCB (REGION 3),N,NaN,WWTP,6/29/2020,36.64221,-121.53721
WDR100035146,2020,255306,San Jerardo WWTP,* WDR Site,CENTRAL COAST RWQCB (REGION 3),N,NaN,WWTP,2/18/2021,36.64221,-121.53721
WDR100035146,2021,255306,San Jerardo WWTP,* WDR Site,CENTRAL COAST RWQCB (REGION 3),N,NaN,WWTP,4/18/2022,36.64221,-121.53721
WDR100035146,2022,255306,San Jerardo WWTP,* WDR Site,CENTRAL COAST RWQCB (REGION 3),N,NaN,WWTP,4/28/2023,36.64221,-121.53721
WDR100033601,2021,244646,Lake San Antonio Northshore WWTP,* WDR Site,CENTRAL COAST RWQCB (REGION 3),N,NaN,WWTP,4/11/2022,35.86666,-120.96741
WDR100033601,2022,244646,Lake San Antonio Northshore WWTP,* WDR Site,CENTRAL COAST RWQCB (REGION 3),N,NaN,WWTP,5/1/2023,35.86666,-120.96741
WDR100027188,2019,205781,Angel Island State Pk - WWTP,* WDR Site,SAN FRANCISCO BAY RWQCB (REGION 2),N,NaN,WWTP,4/9/2020,37.86842,-122.43484
WDR100032590,2019,273127,Orange Cove WWTF,* WDR Site,CENTRAL VALLEY RWQCB (REGION 5F),N,NaN,WWTP,6/29/2020,36.60686,-119.33601
WDR100032590,2020,273127,Orange Cove WWTF,* WDR Site,CENTRAL VALLEY RWQCB (REGION 5F),N,NaN,WWTP,4/30/2021,36.60686,-119.33601
WDR100032590,2021,273127,Orange Cove WWTF,* WDR Site,CENTRAL VALLEY RWQCB (REGION 5F),N,NaN,WWTP,6/20/2022,36.60686,-119.33601
WDR100032584,2019,228046,Groundwater Replenishment System - Advanced WTF,* WDR Site,SANTA ANA RWQCB (REGION 8),Y,Y,RWP,4/30/2020,33.69319,-117.94512
WDR100032584,2020,228046,Groundwater Replenishment System - Advanced WTF,* WDR Site,SANTA ANA RWQCB (REGION 8),Y,Y,RWP,4/13/2021,33.69319,-117.94512
WDR100032584,2021,228046,Groundwater Replenishment System - Advanced WTF,* WDR Site,SANTA ANA RWQCB (REGION 8),Y,Y,RWP,3/11/2022,33.69319,-117.94512
WDR100032584,2022,228046,Groundwater Replenishment System - Advanced WTF,* WDR Site,SANTA ANA RWQCB (REGION 8),Y,Y,RWP,3/20/2023,33.69319,-117.94512
WDR100027346,2019,208952,Bolinas Community Public Utility District Water Recycling Facility,* WDR Site,SAN FRANCISCO BAY RWQCB (REGION 2),N,NaN,WWTP,6/30/2020,37.90194,-122.70361
WDR100027346,2020,208952,Bolinas Community Public Utility District Water Recycling Facility,* WDR Site,SAN FRANCISCO BAY RWQCB (REGION 2),N,NaN,WWTP,4/30/2021,37.90194,-122.70361
WDR100027346,2021,208952,Bolinas Community Public Utility District Water Recycling Facility,* WDR Site,SAN FRANCISCO BAY RWQCB (REGION 2),N,NaN,WWTP,4/27/2022,37.90194,-122.70361
WDR100027346,2022,208952,Bolinas Community Public Utility District Water Recycling Facility,* WDR Site,SAN FRANCISCO BAY RWQCB (REGION 2),N,NaN,WWTP,3/27/2023,37.90194,-122.70361
WDR100026871,2019,239038,Mace Meadows Leachfield/Fairway Pines Leachfield,* WDR Site,CENTRAL VALLEY RWQCB (REGION 5S),N,NaN,WWTP,4/14/2020,38.46456,-120.55657
WDR100028598,2019,219661,Desert Lake CSD WTF,* WDR Site,LAHONTAN RWQCB (REGION 6V),N,NaN,WWTP,4/28/2020,35.008962,-117.70697
WDR100028598,2021,219661,Desert Lake CSD WTF,* WDR Site,LAHONTAN RWQCB (REGION 6V),N,NaN,WWTP,3/4/2022,35.008962,-117.70697
WDR100028598,2020,219661,Desert Lake CSD WTF,* WDR Site,LAHONTAN RWQCB (REGION 6V),N,NaN,WWTP,4/12/2021,35.008962,-117.70697
WDR100028598,2022,219661,Desert Lake CSD WTF,* WDR Site,LAHONTAN RWQCB (REGION 6V),N,NaN,WWTP,3/1/2023,35.008962,-117.70697
WDR100036270,2019,272344,Westwood STP,* WDR Site,CENTRAL VALLEY RWQCB (REGION 5R),N,NaN,WWTP,3/20/2020,40.294961,-121.013683
WDR100036270,2020,272344,Westwood STP,* WDR Site,CENTRAL VALLEY RWQCB (REGION 5R),N,NaN,WWTP,2/15/2022,40.294961,-121.013683
WDR100036270,2021,272344,Westwood STP,* WDR Site,CENTRAL VALLEY RWQCB (REGION 5R),N,NaN,WWTP,2/15/2022,40.294961,-121.013683
WDR100036270,2022,272344,Westwood STP,* WDR Site,CENTRAL VALLEY RWQCB (REGION 5R),N,NaN,WWTP,5/11/2023,40.294961,-121.013683
WDR100034690,2019,256045,SCWA Airport WRF (Airport-Larkfield-Wikiup),* WDR Site,NORTH COAST RWQCB (REGION 1),Y,N,WWTP RW,4/23/2020,38.51816,-122.8013
WDR100034690,2021,256045,SCWA Airport WRF (Airport-Larkfield-Wikiup),* WDR Site,NORTH COAST RWQCB (REGION 1),Y,N,WWTP RW,2/22/2022,38.51816,-122.8013
WDR100034690,2020,256045,SCWA Airport WRF (Airport-Larkfield-Wikiup),* WDR Site,NORTH COAST RWQCB (REGION 1),Y,N,WWTP RW,3/22/2021,38.51816,-122.8013
WDR100034690,2022,256045,SCWA Airport WRF (Airport-Larkfield-Wikiup),* WDR Site,NORTH COAST RWQCB (REGION 1),Y,N,WWTP RW,1/30/2023,38.51816,-122.8013
WDR100027452,2019,209035,Bear Valley WWTF,* WDR Site,CENTRAL VALLEY RWQCB (REGION 5S),N,NaN,WWTP,8/20/2020,38.46521,-120.03895
WDR100027452,2021,209035,Bear Valley WWTF,* WDR Site,CENTRAL VALLEY RWQCB (REGION 5S),N,NaN,WWTP,2/3/2022,38.46521,-120.03895
WDR100027452,2020,209035,Bear Valley WWTF,* WDR Site,CENTRAL VALLEY RWQCB (REGION 5S),N,NaN,WWTP,3/2/2021,38.46521,-120.03895
WDR100027452,2022,209035,Bear Valley WWTF,* WDR Site,CENTRAL VALLEY RWQCB (REGION 5S),N,NaN,WWTP,2/22/2023,38.46521,-120.03895
WDR100033117,2019,241907,Murphys WWTF,* WDR Site,CENTRAL VALLEY RWQCB (REGION 5S),N,NaN,WWTP,3/17/2020,38.12669,-120.4616
WDR100033117,2021,241907,Murphys WWTF,* WDR Site,CENTRAL VALLEY RWQCB (REGION 5S),N,NaN,WWTP,1/14/2022,38.12669,-120.4616
WDR100033117,2020,241907,Murphys WWTF,* WDR Site,CENTRAL VALLEY RWQCB (REGION 5S),N,NaN,WWTP,2/11/2021,38.12669,-120.4616
WDR100033117,2022,241907,Murphys WWTF,* WDR Site,CENTRAL VALLEY RWQCB (REGION 5S),N,NaN,WWTP,1/3/2023,38.12669,-120.4616
WDR100035135,2019,241111,Moccasin Powerhouse,* WDR Site,CENTRAL VALLEY RWQCB (REGION 5F),N,NaN,WWTP,4/21/2020,37.80594,-120.29651
WDR100035135,2020,241111,Moccasin Powerhouse,* WDR Site,CENTRAL VALLEY RWQCB (REGION 5F),N,NaN,WWTP,3/10/2021,37.80594,-120.29651
WDR100026658,2019,206149,Arbuckle WWTP,* WDR Site,CENTRAL VALLEY RWQCB (REGION 5S),N,NaN,WWTP,7/27/2021,39.02751,-122.03549
WDR100026658,2020,206149,Arbuckle WWTP,* WDR Site,CENTRAL VALLEY RWQCB (REGION 5S),N,NaN,WWTP,7/27/2021,39.02751,-122.03549
WDR100026658,2021,206149,Arbuckle WWTP,* WDR Site,CENTRAL VALLEY RWQCB (REGION 5S),N,NaN,WWTP,4/22/2022,39.02751,-122.03549
WDR100026658,2022,206149,Arbuckle WWTP,* WDR Site,CENTRAL VALLEY RWQCB (REGION 5S),N,NaN,WWTP,5/1/2023,39.02751,-122.03549
WDR100027897,2019,208930,BB Reg WWA-Lucerne Vly,* WDR Site,COLORADO RIVER BASIN RWQCB (REGION 7),Y,N,WWTP RW,3/19/2020,NaN,NaN
WDR100027897,2020,208930,BB Reg WWA-Lucerne Vly,* WDR Site,COLORADO RIVER BASIN RWQCB (REGION 7),Y,N,WWTP RW,2/12/2021,NaN,NaN
WDR100027897,2021,208930,BB Reg WWA-Lucerne Vly,* WDR Site,COLORADO RIVER BASIN RWQCB (REGION 7),Y,N,WWTP RW,3/15/2022,NaN,NaN
WDR100027897,2022,208930,BB Reg WWA-Lucerne Vly,* WDR Site,COLORADO RIVER BASIN RWQCB (REGION 7),N,NaN,WWTP,3/10/2023,NaN,NaN
WDR100036120,2019,272964,Woodlands Mutual Water Company,* WDR Site,CENTRAL COAST RWQCB (REGION 3),Y,N,WWTP RW,5/27/2020,35.02056,-120.55978
WDR100036120,2020,272964,Woodlands Mutual Water Company,* WDR Site,CENTRAL COAST RWQCB (REGION 3),Y,N,WWTP RW,4/28/2021,35.02056,-120.55978
WDR100036120,2021,272964,Woodlands Mutual Water Company,* WDR Site,CENTRAL COAST RWQCB (REGION 3),Y,N,WWTP RW,4/27/2022,35.02056,-120.55978
WDR100036120,2022,272964,Woodlands Mutual Water Company,* WDR Site,CENTRAL COAST RWQCB (REGION 3),Y,N,WWTP RW,4/26/2023,35.02056,-120.55978
WDR100033292,2019,220385,Dixon Migrant Center WWTF,* WDR Site,CENTRAL VALLEY RWQCB (REGION 5S),N,NaN,WWTP,7/21/2020,38.38732,-121.77781
WDR100033292,2020,220385,Dixon Migrant Center WWTF,* WDR Site,CENTRAL VALLEY RWQCB (REGION 5S),N,NaN,WWTP,4/28/2021,38.38732,-121.77781
WDR100036226,2019,219219,Davis Migrant Center WWTF,* WDR Site,CENTRAL VALLEY RWQCB (REGION 5S),N,NaN,WWTP,7/21/2020,38.57392,-121.67519
WDR100036226,2020,219219,Davis Migrant Center WWTF,* WDR Site,CENTRAL VALLEY RWQCB (REGION 5S),N,NaN,WWTP,4/28/2021,38.57392,-121.67519
WDR100026864,2019,216284,CSA 3-Lake Camanche WWTP,* WDR Site,CENTRAL VALLEY RWQCB (REGION 5S),N,NaN,WWTP,4/13/2020,38.24955,-120.94998
WDR100026864,2021,216284,CSA 3-Lake Camanche WWTP,* WDR Site,CENTRAL VALLEY RWQCB (REGION 5S),N,NaN,WWTP,1/11/2022,38.24955,-120.94998
WDR100026864,2020,216284,CSA 3-Lake Camanche WWTP,* WDR Site,CENTRAL VALLEY RWQCB (REGION 5S),N,NaN,WWTP,2/12/2021,38.24955,-120.94998
WDR100026864,2022,216284,CSA 3-Lake Camanche WWTP,* WDR Site,CENTRAL VALLEY RWQCB (REGION 5S),N,NaN,WWTP,2/17/2023,38.24955,-120.94998
WDR100027488,2019,256920,Sierra Conservation CTR-WWTP-1 (NON15),* WDR Site,CENTRAL VALLEY RWQCB (REGION 5F),N,NaN,WWTP,6/26/2020,37.893591,-120.551725
WDR100027488,2020,256920,Sierra Conservation CTR-WWTP-1 (NON15),* WDR Site,CENTRAL VALLEY RWQCB (REGION 5F),N,NaN,WWTP,3/12/2021,37.893591,-120.551725
WDR100027488,2021,256920,Sierra Conservation CTR-WWTP-1 (NON15),* WDR Site,CENTRAL VALLEY RWQCB (REGION 5F),N,NaN,WWTP,2/9/2022,37.893591,-120.551725
WDR100027488,2022,256920,Sierra Conservation CTR-WWTP-1 (NON15),* WDR Site,CENTRAL VALLEY RWQCB (REGION 5F),Y,N,WWTP RW,1/24/2023,37.893591,-120.551725
WDR100027052,2019,214957,Coalinga State Hospital WWTF,* WDR Site,CENTRAL VALLEY RWQCB (REGION 5F),N,NaN,WWTP,7/27/2020,36.13729,-120.23248
WDR100027052,2021,214957,Coalinga State Hospital WWTF,* WDR Site,CENTRAL VALLEY RWQCB (REGION 5F),N,NaN,WWTP,2/15/2022,36.13729,-120.23248
WDR100027052,2020,214957,Coalinga State Hospital WWTF,* WDR Site,CENTRAL VALLEY RWQCB (REGION 5F),N,NaN,WWTP,3/9/2021,36.13729,-120.23248
WDR100027052,2022,214957,Coalinga State Hospital WWTF,* WDR Site,CENTRAL VALLEY RWQCB (REGION 5F),N,NaN,WWTP,3/29/2023,36.13729,-120.23248
WDR100031645,2020,273147,Gunner Ranch Water Reclamation Plant,* WDR Site,CENTRAL VALLEY RWQCB (REGION 5F),N,NaN,WWTP,12/14/2021,36.87468,-119.81741
WDR100031645,2022,273147,Gunner Ranch Water Reclamation Plant,* WDR Site,CENTRAL VALLEY RWQCB (REGION 5F),N,NaN,WWTP,2/13/2023,36.87468,-119.81741
WDR100031645,2021,273147,Gunner Ranch Water Reclamation Plant,* WDR Site,CENTRAL VALLEY RWQCB (REGION 5F),N,NaN,WWTP,4/29/2022,36.87468,-119.81741
WDR100032545,2019,257153,"Palm Springs Village-309, LLC Silvertip Resort Village WWTF",* WDR Site,CENTRAL VALLEY RWQCB (REGION 5F),N,NaN,WWTP,7/14/2021,37.480482,-119.638592
WDR100032545,2020,257153,"Palm Springs Village-309, LLC Silvertip Resort Village WWTF",* WDR Site,CENTRAL VALLEY RWQCB (REGION 5F),N,NaN,WWTP,7/14/2021,37.480482,-119.638592
WDR100032545,2021,257153,"Palm Springs Village-309, LLC Silvertip Resort Village WWTF",* WDR Site,CENTRAL VALLEY RWQCB (REGION 5F),N,NaN,WWTP,1/10/2022,37.480482,-119.638592
WDR100032545,2022,257153,"Palm Springs Village-309, LLC Silvertip Resort Village WWTF",* WDR Site,CENTRAL VALLEY RWQCB (REGION 5F),N,NaN,WWTP,2/15/2023,37.480482,-119.638592
WDR100030788,2019,236258,Lake Shastina CSD STP,* WDR Site,NORTH COAST RWQCB (REGION 1),Y,N,WWTP RW,7/31/2020,41.557222,-122.3775
WDR100030788,2021,236258,Lake Shastina CSD STP,* WDR Site,NORTH COAST RWQCB (REGION 1),Y,N,WWTP RW,1/12/2022,41.557222,-122.3775
WDR100030788,2020,236258,Lake Shastina CSD STP,* WDR Site,NORTH COAST RWQCB (REGION 1),Y,N,WWTP RW,1/29/2021,41.557222,-122.3775
WDR100030788,2022,236258,Lake Shastina CSD STP,* WDR Site,NORTH COAST RWQCB (REGION 1),N,NaN,WWTP,3/14/2023,41.557222,-122.3775
WDR100035692,2019,251675,Rancho Larios WWTP,* WDR Site,CENTRAL COAST RWQCB (REGION 3),Y,N,WWTP RW,4/29/2020,36.843921,-121.575067
WDR100035692,2020,251675,Rancho Larios WWTP,* WDR Site,CENTRAL COAST RWQCB (REGION 3),Y,N,WWTP RW,4/27/2021,36.843921,-121.575067
WDR100035692,2021,251675,Rancho Larios WWTP,* WDR Site,CENTRAL COAST RWQCB (REGION 3),Y,N,WWTP RW,8/15/2022,36.843921,-121.575067
WDR100035692,2022,251675,Rancho Larios WWTP,* WDR Site,CENTRAL COAST RWQCB (REGION 3),Y,N,WWTP RW,5/1/2023,36.843921,-121.575067
WDR100028522,2019,201073,Fresno Cnty #30-El Porvenir WWTF,* WDR Site,CENTRAL VALLEY RWQCB (REGION 5F),N,NaN,WWTP,6/9/2020,36.50245,-120.39155
WDR100028522,2020,201073,Fresno Cnty #30-El Porvenir WWTF,* WDR Site,CENTRAL VALLEY RWQCB (REGION 5F),N,NaN,WWTP,4/30/2021,36.50245,-120.39155
WDR100028522,2021,201073,Fresno Cnty #30-El Porvenir WWTF,* WDR Site,CENTRAL VALLEY RWQCB (REGION 5F),N,NaN,WWTP,4/28/2022,36.50245,-120.39155
WDR100028522,2022,201073,Fresno Cnty #30-El Porvenir WWTF,* WDR Site,CENTRAL VALLEY RWQCB (REGION 5F),N,NaN,WWTP,4/26/2023,36.50245,-120.39155
WDR100033849,2019,255535,Sandy Mush WWTF,* WDR Site,CENTRAL VALLEY RWQCB (REGION 5F),N,NaN,WWTP,8/16/2020,37.19022476,-120.5352799
WDR100033849,2020,255535,Sandy Mush WWTF,* WDR Site,CENTRAL VALLEY RWQCB (REGION 5F),N,NaN,WWTP,4/28/2021,37.19022476,-120.5352799
WDR100033849,2021,255535,Sandy Mush WWTF,* WDR Site,CENTRAL VALLEY RWQCB (REGION 5F),N,NaN,WWTP,4/1/2022,37.19022476,-120.5352799
WDR100033849,2022,255535,Sandy Mush WWTF,* WDR Site,CENTRAL VALLEY RWQCB (REGION 5F),N,NaN,WWTP,2/28/2023,37.19022476,-120.5352799
WDR100029526,2019,255678,City of Santa Maria WWTP,* WDR Site,CENTRAL COAST RWQCB (REGION 3),N,NaN,WWTP,4/2/2020,34.9489,-120.4908
WDR100029526,2020,255678,City of Santa Maria WWTP,* WDR Site,CENTRAL COAST RWQCB (REGION 3),N,NaN,WWTP,2/17/2021,34.9489,-120.4908
WDR100029526,2021,255678,City of Santa Maria WWTP,* WDR Site,CENTRAL COAST RWQCB (REGION 3),N,NaN,WWTP,4/18/2022,34.9489,-120.4908
WDR100029526,2022,255678,City of Santa Maria WWTP,* WDR Site,CENTRAL COAST RWQCB (REGION 3),N,NaN,WWTP,4/4/2023,34.9489,-120.4908
WDR100031236,2019,226719,Garberville POTW,* WDR Site,NORTH COAST RWQCB (REGION 1),N,NaN,WWTP,11/3/2020,40.10471,-123.80029
WDR100031236,2020,226719,Garberville POTW,* WDR Site,NORTH COAST RWQCB (REGION 1),N,NaN,WWTP,3/18/2021,40.10471,-123.80029
WDR100031236,2021,226719,Garberville POTW,* WDR Site,NORTH COAST RWQCB (REGION 1),N,NaN,WWTP,3/21/2022,40.10471,-123.80029
WDR100031236,2022,226719,Garberville POTW,* WDR Site,NORTH COAST RWQCB (REGION 1),N,NaN,WWTP,1/23/2023,40.10471,-123.80029
WDR100029679,2019,259173,Corona WWRF #2,* WDR Site,SANTA ANA RWQCB (REGION 8),Y,N,WWTP RW,6/29/2020,33.88293,-117.55827
WDR100029679,2020,259173,Corona WWRF #2,* WDR Site,SANTA ANA RWQCB (REGION 8),Y,N,WWTP RW,4/29/2021,33.88293,-117.55827
WDR100029679,2021,259173,Corona WWRF #2,* WDR Site,SANTA ANA RWQCB (REGION 8),Y,N,WWTP RW,4/29/2022,33.88293,-117.55827
WDR100029679,2022,259173,Corona WWRF #2,* WDR Site,SANTA ANA RWQCB (REGION 8),Y,N,WWTP RW,4/30/2023,33.88293,-117.55827
WDR100029647,2019,726877,Caruthers WWTF,* WDR Site,CENTRAL VALLEY RWQCB (REGION 5F),N,NaN,WWTP,4/8/2020,36.5364,-119.85251
WDR100029647,2020,726877,Caruthers WWTF,* WDR Site,CENTRAL VALLEY RWQCB (REGION 5F),N,NaN,WWTP,4/30/2021,36.5364,-119.85251
WDR100029647,2021,726877,Caruthers WWTF,* WDR Site,CENTRAL VALLEY RWQCB (REGION 5F),N,NaN,WWTP,2/3/2022,36.5364,-119.85251
WDR100029647,2022,726877,Caruthers WWTF,* WDR Site,CENTRAL VALLEY RWQCB (REGION 5F),N,NaN,WWTP,1/24/2023,36.5364,-119.85251
WDR100031225,2019,273148,Hume Lake WWTF,* WDR Site,CENTRAL VALLEY RWQCB (REGION 5F),Y,N,WWTP RW,4/30/2020,36.78771,-118.91349
WDR100031225,2020,273148,Hume Lake WWTF,* WDR Site,CENTRAL VALLEY RWQCB (REGION 5F),N,NaN,WWTP,3/8/2021,36.78771,-118.91349
WDR100031225,2021,273148,Hume Lake WWTF,* WDR Site,CENTRAL VALLEY RWQCB (REGION 5F),N,NaN,WWTP,3/21/2022,36.78771,-118.91349
WDR100031225,2022,273148,Hume Lake WWTF,* WDR Site,CENTRAL VALLEY RWQCB (REGION 5F),Y,N,WWTP RW,3/30/2023,36.78771,-118.91349
WDR100030774,2019,234841,Kerman WWTF,* WDR Site,CENTRAL VALLEY RWQCB (REGION 5F),N,NaN,WWTP,11/18/2020,36.712629,-120.201032
WDR100030774,2020,234841,Kerman WWTF,* WDR Site,CENTRAL VALLEY RWQCB (REGION 5F),N,NaN,WWTP,5/17/2021,36.712629,-120.201032
WDR100030774,2021,234841,Kerman WWTF,* WDR Site,CENTRAL VALLEY RWQCB (REGION 5F),N,NaN,WWTP,4/7/2022,36.712629,-120.201032
WDR100030774,2022,234841,Kerman WWTF,* WDR Site,CENTRAL VALLEY RWQCB (REGION 5F),N,NaN,WWTP,3/13/2023,36.712629,-120.201032
WDR100028616,2019,753205,EBMUD Recycled Water - RARE WTP,* WDR Site,SAN FRANCISCO BAY RWQCB (REGION 2),Y,Y,RWP,4/29/2020,37.94153,-122.37861
WDR100028616,2020,753205,EBMUD Recycled Water - RARE WTP,* WDR Site,SAN FRANCISCO BAY RWQCB (REGION 2),Y,Y,RWP,4/27/2021,37.94153,-122.37861
WDR100028616,2021,753205,EBMUD Recycled Water - RARE WTP,* WDR Site,SAN FRANCISCO BAY RWQCB (REGION 2),Y,Y,RWP,4/22/2022,37.94153,-122.37861
WDR100028616,2022,753205,EBMUD Recycled Water - RARE WTP,* WDR Site,SAN FRANCISCO BAY RWQCB (REGION 2),Y,Y,RWP,4/27/2023,37.94153,-122.37861
WDR100035191,2019,257519,SMWD-Nichols Reseach Inst WRF,* WDR Site,SAN DIEGO RWQCB (REGION 9),Y,N,WWTP RW,6/30/2020,33.527281,-117.553135
WDR100035191,2020,257519,SMWD-Nichols Reseach Inst WRF,* WDR Site,SAN DIEGO RWQCB (REGION 9),Y,N,WWTP RW,4/30/2021,33.527281,-117.553135
WDR100035191,2021,257519,SMWD-Nichols Reseach Inst WRF,* WDR Site,SAN DIEGO RWQCB (REGION 9),Y,N,WWTP RW,4/29/2022,33.527281,-117.553135
WDR100035191,2022,257519,SMWD-Nichols Reseach Inst WRF,* WDR Site,SAN DIEGO RWQCB (REGION 9),Y,N,WWTP RW,4/3/2023,33.527281,-117.553135
WDR100032311,2019,251714,Rancho Santa Fe San Dist Plant,* WDR Site,SAN DIEGO RWQCB (REGION 9),N,NaN,WWTP,3/31/2020,33.006,-117.208457
WDR100032311,2020,251714,Rancho Santa Fe San Dist Plant,* WDR Site,SAN DIEGO RWQCB (REGION 9),N,NaN,WWTP,2/11/2021,33.006,-117.208457
WDR100032311,2021,251714,Rancho Santa Fe San Dist Plant,* WDR Site,SAN DIEGO RWQCB (REGION 9),N,NaN,WWTP,1/10/2022,33.006,-117.208457
WDR100032311,2022,251714,Rancho Santa Fe San Dist Plant,* WDR Site,SAN DIEGO RWQCB (REGION 9),N,NaN,WWTP,1/25/2023,33.006,-117.208457
WDR100028817,2019,224057,Fairbanks Ranch WPCF,* WDR Site,SAN DIEGO RWQCB (REGION 9),N,NaN,WWTP,4/14/2020,32.99908,-117.19086
WDR100028817,2020,224057,Fairbanks Ranch WPCF,* WDR Site,SAN DIEGO RWQCB (REGION 9),N,NaN,WWTP,4/13/2021,32.99908,-117.19086
WDR100028817,2021,224057,Fairbanks Ranch WPCF,* WDR Site,SAN DIEGO RWQCB (REGION 9),N,NaN,WWTP,1/12/2022,32.99908,-117.19086
WDR100028817,2022,224057,Fairbanks Ranch WPCF,* WDR Site,SAN DIEGO RWQCB (REGION 9),N,NaN,WWTP,1/25/2023,32.99908,-117.19086
WDR100028615,2019,244392,EBMUD Recycled Water- North Richmond Water Reclamation Plant,* WDR Site,SAN FRANCISCO BAY RWQCB (REGION 2),Y,Y,RWP,4/29/2020,37.96568,-122.37207
WDR100028615,2020,244392,EBMUD Recycled Water- North Richmond Water Reclamation Plant,* WDR Site,SAN FRANCISCO BAY RWQCB (REGION 2),Y,Y,RWP,4/27/2021,37.96568,-122.37207
WDR100028615,2021,244392,EBMUD Recycled Water- North Richmond Water Reclamation Plant,* WDR Site,SAN FRANCISCO BAY RWQCB (REGION 2),Y,Y,RWP,7/21/2023,37.96568,-122.37207
WDR100028615,2022,244392,EBMUD Recycled Water- North Richmond Water Reclamation Plant,* WDR Site,SAN FRANCISCO BAY RWQCB (REGION 2),Y,Y,RWP,4/27/2023,37.96568,-122.37207
WDR100037363,2019,237543,Lower Moosa Canyon Recl Facil,* WDR Site,SAN DIEGO RWQCB (REGION 9),N,NaN,WWTP,5/27/2020,33.254895,-117.152751
WDR100037363,2020,237543,Lower Moosa Canyon Recl Facil,* WDR Site,SAN DIEGO RWQCB (REGION 9),N,NaN,WWTP,3/16/2021,33.254895,-117.152751
WDR100037363,2021,237543,Lower Moosa Canyon Recl Facil,* WDR Site,SAN DIEGO RWQCB (REGION 9),N,NaN,WWTP,3/22/2022,33.254895,-117.152751
WDR100037363,2022,237543,Lower Moosa Canyon Recl Facil,* WDR Site,SAN DIEGO RWQCB (REGION 9),N,NaN,WWTP,4/12/2023,33.254895,-117.152751
WDR100035188,2019,257520,SMWD Oso Creek WRP,* WDR Site,SAN DIEGO RWQCB (REGION 9),Y,N,WWTP RW,4/10/2020,33.59444,-117.65566
WDR100035188,2021,257520,SMWD Oso Creek WRP,* WDR Site,SAN DIEGO RWQCB (REGION 9),Y,N,WWTP RW,2/4/2022,33.59444,-117.65566
WDR100035188,2020,257520,SMWD Oso Creek WRP,* WDR Site,SAN DIEGO RWQCB (REGION 9),Y,N,WWTP RW,3/4/2021,33.59444,-117.65566
WDR100035188,2022,257520,SMWD Oso Creek WRP,* WDR Site,SAN DIEGO RWQCB (REGION 9),Y,N,WWTP RW,2/7/2023,33.59444,-117.65566
WDR100035244,2019,241053,SOCWA - Regional TP,* WDR Site,SAN DIEGO RWQCB (REGION 9),Y,N,WWTP RW,6/30/2020,33.536498,-117.698911
WDR100035244,2020,241053,SOCWA - Regional TP,* WDR Site,SAN DIEGO RWQCB (REGION 9),Y,N,WWTP RW,4/30/2021,33.536498,-117.698911
WDR100035244,2021,241053,SOCWA - Regional TP,* WDR Site,SAN DIEGO RWQCB (REGION 9),Y,N,WWTP RW,4/29/2022,33.536498,-117.698911
WDR100035244,2022,241053,SOCWA - Regional TP,* WDR Site,SAN DIEGO RWQCB (REGION 9),Y,N,WWTP RW,4/3/2023,33.536498,-117.698911
WDR100035245,2019,262996,TCWD Robinson Ranch WRF,* WDR Site,SAN DIEGO RWQCB (REGION 9),Y,N,WWTP RW,7/24/2020,33.64534,-117.56208
WDR100035245,2020,262996,TCWD Robinson Ranch WRF,* WDR Site,SAN DIEGO RWQCB (REGION 9),Y,N,WWTP RW,4/30/2021,33.64534,-117.56208
WDR100035245,2021,262996,TCWD Robinson Ranch WRF,* WDR Site,SAN DIEGO RWQCB (REGION 9),Y,N,WWTP RW,4/29/2022,33.64534,-117.56208
WDR100035245,2022,262996,TCWD Robinson Ranch WRF,* WDR Site,SAN DIEGO RWQCB (REGION 9),Y,N,WWTP RW,4/3/2023,33.64534,-117.56208
WDR100035192,2019,257850,SOCWA - Coastal TP,* WDR Site,SAN DIEGO RWQCB (REGION 9),Y,N,WWTP RW,6/30/2020,33.54587,-117.716339
WDR100035192,2020,257850,SOCWA - Coastal TP,* WDR Site,SAN DIEGO RWQCB (REGION 9),Y,N,WWTP RW,4/30/2021,33.54587,-117.716339
WDR100035192,2021,257850,SOCWA - Coastal TP,* WDR Site,SAN DIEGO RWQCB (REGION 9),Y,N,WWTP RW,4/29/2022,33.54587,-117.716339
WDR100035192,2022,257850,SOCWA - Coastal TP,* WDR Site,SAN DIEGO RWQCB (REGION 9),Y,N,WWTP RW,4/3/2023,33.54587,-117.716339
WDR100034585,2019,252700,Ridgemark Estates WWTP,* WDR Site,CENTRAL COAST RWQCB (REGION 3),N,NaN,WWTP,9/15/2020,36.8114,-121.37708
WDR100034585,2021,252700,Ridgemark Estates WWTP,* WDR Site,CENTRAL COAST RWQCB (REGION 3),N,NaN,WWTP,3/1/2022,36.8114,-121.37708
WDR100034585,2020,252700,Ridgemark Estates WWTP,* WDR Site,CENTRAL COAST RWQCB (REGION 3),N,NaN,WWTP,2/16/2021,36.8114,-121.37708
WDR100034585,2022,252700,Ridgemark Estates WWTP,* WDR Site,CENTRAL COAST RWQCB (REGION 3),N,NaN,WWTP,4/25/2023,36.8114,-121.37708
WDR100028211,2019,224429,"Fiero Lane Water Company, Inc.",* WDR Site,CENTRAL COAST RWQCB (REGION 3),N,NaN,WWTP,4/29/2020,35.24412,-120.64282
WDR100028211,2020,224429,"Fiero Lane Water Company, Inc.",* WDR Site,CENTRAL COAST RWQCB (REGION 3),N,NaN,WWTP,3/19/2021,35.24412,-120.64282
WDR100028211,2021,224429,"Fiero Lane Water Company, Inc.",* WDR Site,CENTRAL COAST RWQCB (REGION 3),N,NaN,WWTP,4/18/2022,35.24412,-120.64282
WDR100028211,2022,224429,"Fiero Lane Water Company, Inc.",* WDR Site,CENTRAL COAST RWQCB (REGION 3),N,NaN,WWTP,4/26/2023,35.24412,-120.64282
WDR100037483,2019,270105,Valley Springs SD WWTF,* WDR Site,CENTRAL VALLEY RWQCB (REGION 5S),N,NaN,WWTP,7/22/2020,38.19159,-120.8291
WDR100037483,2021,270105,Valley Springs SD WWTF,* WDR Site,CENTRAL VALLEY RWQCB (REGION 5S),N,NaN,WWTP,3/15/2022,38.19159,-120.8291
WDR100037483,2020,270105,Valley Springs SD WWTF,* WDR Site,CENTRAL VALLEY RWQCB (REGION 5S),N,NaN,WWTP,2/12/2021,38.19159,-120.8291
WDR100037483,2022,270105,Valley Springs SD WWTF,* WDR Site,CENTRAL VALLEY RWQCB (REGION 5S),N,NaN,WWTP,4/20/2023,38.19159,-120.8291
WDR100028712,2019,234146,Fresno Cnty Juvenile Justice WWTF,* WDR Site,CENTRAL VALLEY RWQCB (REGION 5F),Y,N,WWTP RW,6/9/2020,36.66089,-119.72674
WDR100028712,2020,234146,Fresno Cnty Juvenile Justice WWTF,* WDR Site,CENTRAL VALLEY RWQCB (REGION 5F),Y,N,WWTP RW,4/29/2021,36.66089,-119.72674
WDR100028712,2021,234146,Fresno Cnty Juvenile Justice WWTF,* WDR Site,CENTRAL VALLEY RWQCB (REGION 5F),Y,N,WWTP RW,4/28/2022,36.66089,-119.72674
WDR100028712,2022,234146,Fresno Cnty Juvenile Justice WWTF,* WDR Site,CENTRAL VALLEY RWQCB (REGION 5F),Y,N,WWTP RW,4/27/2023,36.66089,-119.72674
WDR100031869,2019,244531,The Preserve at Millerton Lake,* WDR Site,CENTRAL VALLEY RWQCB (REGION 5F),N,NaN,WWTP,4/28/2020,37.0092,-119.728
WDR100031869,2020,244531,The Preserve at Millerton Lake,* WDR Site,CENTRAL VALLEY RWQCB (REGION 5F),N,NaN,WWTP,2/23/2021,37.0092,-119.728
WDR100031869,2021,244531,The Preserve at Millerton Lake,* WDR Site,CENTRAL VALLEY RWQCB (REGION 5F),N,NaN,WWTP,3/11/2022,37.0092,-119.728
WDR100031869,2022,244531,The Preserve at Millerton Lake,* WDR Site,CENTRAL VALLEY RWQCB (REGION 5F),N,NaN,WWTP,1/25/2023,37.0092,-119.728
WDR100001050,2019,226148,Forester & Fire Warden Camp 13,* WDR Site,LOS ANGELES RWQCB (REGION 4),N,NaN,WWTP,4/28/2020,34.084821,-118.863918
WDR100001050,2021,226148,Forester & Fire Warden Camp 13,* WDR Site,LOS ANGELES RWQCB (REGION 4),N,NaN,WWTP,2/17/2022,34.084821,-118.863918
WDR100001050,2020,226148,Forester & Fire Warden Camp 13,* WDR Site,LOS ANGELES RWQCB (REGION 4),N,NaN,WWTP,4/30/2021,34.084821,-118.863918
WDR100001050,2022,226148,Forester & Fire Warden Camp 13,* WDR Site,LOS ANGELES RWQCB (REGION 4),N,NaN,WWTP,4/22/2023,34.084821,-118.863918
WDR100029507,2019,232363,Indian Springs Reclamation Facility,* WDR Site,CENTRAL COAST RWQCB (REGION 3),Y,N,WWTP RW,6/29/2020,36.60091,-121.63717
WDR100029507,2020,232363,Indian Springs Reclamation Facility,* WDR Site,CENTRAL COAST RWQCB (REGION 3),Y,N,WWTP RW,4/6/2021,36.60091,-121.63717
WDR100029507,2021,232363,Indian Springs Reclamation Facility,* WDR Site,CENTRAL COAST RWQCB (REGION 3),Y,N,WWTP RW,1/27/2022,36.60091,-121.63717
WDR100029507,2022,232363,Indian Springs Reclamation Facility,* WDR Site,CENTRAL COAST RWQCB (REGION 3),Y,N,WWTP RW,3/14/2023,36.60091,-121.63717
WDR100036069,2019,251653,Rancho Del Campo WPCF OWTS,* WDR Site,SAN DIEGO RWQCB (REGION 9),N,NaN,WWTP,4/7/2020,32.603591,-116.47027
WDR100036069,2020,251653,Rancho Del Campo WPCF OWTS,* WDR Site,SAN DIEGO RWQCB (REGION 9),N,NaN,WWTP,4/12/2021,32.603591,-116.47027
WDR100036069,2021,251653,Rancho Del Campo WPCF OWTS,* WDR Site,SAN DIEGO RWQCB (REGION 9),N,NaN,WWTP,4/27/2022,32.603591,-116.47027
WDR100036069,2022,251653,Rancho Del Campo WPCF OWTS,* WDR Site,SAN DIEGO RWQCB (REGION 9),N,NaN,WWTP,4/25/2023,32.603591,-116.47027
WDR100035071,2019,255446,San Diego Zoo's Wild Animal Park,* WDR Site,SAN DIEGO RWQCB (REGION 9),Y,N,WWTP RW,4/29/2020,33.09513,-116.9972
WDR100035071,2020,255446,San Diego Zoo's Wild Animal Park,* WDR Site,SAN DIEGO RWQCB (REGION 9),Y,N,WWTP RW,5/5/2021,33.09513,-116.9972
WDR100035071,2021,255446,San Diego Zoo's Wild Animal Park,* WDR Site,SAN DIEGO RWQCB (REGION 9),Y,N,WWTP RW,8/5/2022,33.09513,-116.9972
WDR100035071,2022,255446,San Diego Zoo's Wild Animal Park,* WDR Site,SAN DIEGO RWQCB (REGION 9),Y,N,WWTP RW,6/7/2023,33.09513,-116.9972
WDR100029706,2019,213407,Casa De Fruta,* WDR Site,CENTRAL COAST RWQCB (REGION 3),N,NaN,WWTP,8/7/2020,36.98829,-121.38227
WDR100029706,2021,213407,Casa De Fruta,* WDR Site,CENTRAL COAST RWQCB (REGION 3),N,NaN,WWTP,2/15/2022,36.98829,-121.38227
WDR100029706,2020,213407,Casa De Fruta,* WDR Site,CENTRAL COAST RWQCB (REGION 3),N,NaN,WWTP,5/24/2021,36.98829,-121.38227
WDR100029706,2022,213407,Casa De Fruta,* WDR Site,CENTRAL COAST RWQCB (REGION 3),N,NaN,WWTP,1/25/2023,36.98829,-121.38227
WDR100031890,2019,227503,Golden Hills WWTF,* WDR Site,CENTRAL VALLEY RWQCB (REGION 5F),N,NaN,WWTP,8/2/2021,35.14871,-118.47561
WDR100031890,2020,227503,Golden Hills WWTF,* WDR Site,CENTRAL VALLEY RWQCB (REGION 5F),N,NaN,WWTP,8/2/2021,35.14871,-118.47561
WDR100031890,2021,227503,Golden Hills WWTF,* WDR Site,CENTRAL VALLEY RWQCB (REGION 5F),N,NaN,WWTP,4/30/2022,35.14871,-118.47561
WDR100031890,2022,227503,Golden Hills WWTF,* WDR Site,CENTRAL VALLEY RWQCB (REGION 5F),N,NaN,WWTP,4/30/2023,35.14871,-118.47561
WDR100037272,2019,272986,Woodville Farm Labor Center,* WDR Site,CENTRAL VALLEY RWQCB (REGION 5F),N,NaN,WWTP,4/4/2020,36.08037,-119.14311
WDR100037272,2020,272986,Woodville Farm Labor Center,* WDR Site,CENTRAL VALLEY RWQCB (REGION 5F),N,NaN,WWTP,4/27/2021,36.08037,-119.14311
WDR100037271,2019,237114,Linnell Farm Labor Center,* WDR Site,CENTRAL VALLEY RWQCB (REGION 5F),N,NaN,WWTP,4/4/2020,36.30957,-119.22437
WDR100037271,2020,237114,Linnell Farm Labor Center,* WDR Site,CENTRAL VALLEY RWQCB (REGION 5F),N,NaN,WWTP,4/27/2021,36.30957,-119.22437
WDR100028526,2019,201075,Fresno Cnty #32-Cantua Creek WWTF,* WDR Site,CENTRAL VALLEY RWQCB (REGION 5F),N,NaN,WWTP,6/9/2020,36.48221,-120.32065
WDR100028526,2020,201075,Fresno Cnty #32-Cantua Creek WWTF,* WDR Site,CENTRAL VALLEY RWQCB (REGION 5F),N,NaN,WWTP,4/30/2021,36.48221,-120.32065
WDR100028526,2021,201075,Fresno Cnty #32-Cantua Creek WWTF,* WDR Site,CENTRAL VALLEY RWQCB (REGION 5F),N,NaN,WWTP,4/28/2022,36.48221,-120.32065
WDR100028526,2022,201075,Fresno Cnty #32-Cantua Creek WWTF,* WDR Site,CENTRAL VALLEY RWQCB (REGION 5F),N,NaN,WWTP,4/26/2023,36.48221,-120.32065
WDR100034271,2020,273135,Stratford WWTF,* WDR Site,CENTRAL VALLEY RWQCB (REGION 5F),N,NaN,WWTP,4/30/2021,36.18654,-119.81629
WDR100034271,2019,273135,Stratford WWTF,* WDR Site,CENTRAL VALLEY RWQCB (REGION 5F),N,NaN,WWTP,11/13/2020,36.18654,-119.81629
WDR100034271,2021,273135,Stratford WWTF,* WDR Site,CENTRAL VALLEY RWQCB (REGION 5F),N,NaN,WWTP,2/15/2022,36.18654,-119.81629
WDR100034271,2022,273135,Stratford WWTF,* WDR Site,CENTRAL VALLEY RWQCB (REGION 5F),N,NaN,WWTP,4/4/2023,36.18654,-119.81629
WDR100030891,2019,252277,Kern Cnty CSA 39.8-Reeder Tract,* WDR Site,CENTRAL VALLEY RWQCB (REGION 5F),N,NaN,WWTP,4/6/2020,35.60645,-118.4852
WDR100030891,2020,252277,Kern Cnty CSA 39.8-Reeder Tract,* WDR Site,CENTRAL VALLEY RWQCB (REGION 5F),N,NaN,WWTP,4/26/2021,35.60645,-118.4852
WDR100030891,2021,252277,Kern Cnty CSA 39.8-Reeder Tract,* WDR Site,CENTRAL VALLEY RWQCB (REGION 5F),N,NaN,WWTP,1/21/2022,35.60645,-118.4852
WDR100030891,2022,252277,Kern Cnty CSA 39.8-Reeder Tract,* WDR Site,CENTRAL VALLEY RWQCB (REGION 5F),N,NaN,WWTP,1/18/2023,35.60645,-118.4852
WDR100031729,2019,230429,Hilton Creek CSD Package STP,* WDR Site,LAHONTAN RWQCB (REGION 6V),N,NaN,WWTP,8/5/2020,37.570569,-118.760306
WDR100031729,2020,230429,Hilton Creek CSD Package STP,* WDR Site,LAHONTAN RWQCB (REGION 6V),N,NaN,WWTP,3/23/2021,37.570569,-118.760306
WDR100031729,2021,230429,Hilton Creek CSD Package STP,* WDR Site,LAHONTAN RWQCB (REGION 6V),N,NaN,WWTP,1/19/2022,37.570569,-118.760306
WDR100031729,2022,230429,Hilton Creek CSD Package STP,* WDR Site,LAHONTAN RWQCB (REGION 6V),N,NaN,WWTP,4/6/2023,37.570569,-118.760306
WDR100027600,2019,214327,Chico Mobile Country Club WWTP,* WDR Site,CENTRAL VALLEY RWQCB (REGION 5R),N,NaN,WWTP,6/15/2020,39.70168,-121.84642
WDR100027600,2021,214327,Chico Mobile Country Club WWTP,* WDR Site,CENTRAL VALLEY RWQCB (REGION 5R),N,NaN,WWTP,1/26/2022,39.70168,-121.84642
WDR100027600,2020,214327,Chico Mobile Country Club WWTP,* WDR Site,CENTRAL VALLEY RWQCB (REGION 5R),N,NaN,WWTP,1/26/2022,39.70168,-121.84642
WDR100027600,2022,214327,Chico Mobile Country Club WWTP,* WDR Site,CENTRAL VALLEY RWQCB (REGION 5R),N,NaN,WWTP,1/30/2023,39.70168,-121.84642
WDR100031680,2022,227918,Greenville WW Ponds,* WDR Site,CENTRAL VALLEY RWQCB (REGION 5R),N,NaN,WWTP,5/9/2023,40.13955,-120.929264
WDR100035736,2019,247464,Palo Cedro WWTF,* WDR Site,CENTRAL VALLEY RWQCB (REGION 5R),N,NaN,WWTP,8/10/2020,40.52617,-122.25293
WDR100035736,2020,247464,Palo Cedro WWTF,* WDR Site,CENTRAL VALLEY RWQCB (REGION 5R),N,NaN,WWTP,5/17/2021,40.52617,-122.25293
WDR100035736,2021,247464,Palo Cedro WWTF,* WDR Site,CENTRAL VALLEY RWQCB (REGION 5R),N,NaN,WWTP,3/28/2022,40.52617,-122.25293
WDR100035736,2022,247464,Palo Cedro WWTF,* WDR Site,CENTRAL VALLEY RWQCB (REGION 5R),N,NaN,WWTP,3/14/2023,40.52617,-122.25293
WDR100037317,2019,208536,Bailey Creek WWTF,* WDR Site,CENTRAL VALLEY RWQCB (REGION 5R),N,NaN,WWTP,6/18/2020,40.295483,-121.133542
WDR100037317,2020,208536,Bailey Creek WWTF,* WDR Site,CENTRAL VALLEY RWQCB (REGION 5R),N,NaN,WWTP,2/11/2021,40.295483,-121.133542
WDR100037317,2021,208536,Bailey Creek WWTF,* WDR Site,CENTRAL VALLEY RWQCB (REGION 5R),N,NaN,WWTP,3/18/2022,40.295483,-121.133542
WDR100037317,2022,208536,Bailey Creek WWTF,* WDR Site,CENTRAL VALLEY RWQCB (REGION 5R),N,NaN,WWTP,4/18/2023,40.295483,-121.133542
WDR100033581,2019,240000,McCloud WWTF,* WDR Site,CENTRAL VALLEY RWQCB (REGION 5R),N,NaN,WWTP,1/5/2021,41.21955,-122.14451
WDR100033581,2020,240000,McCloud WWTF,* WDR Site,CENTRAL VALLEY RWQCB (REGION 5R),N,NaN,WWTP,1/6/2021,41.21955,-122.14451
WDR100027078,2019,273208,Bakersfield WWTP #2,* WDR Site,CENTRAL VALLEY RWQCB (REGION 5F),Y,N,WWTP RW,4/29/2020,35.32496,-118.98541
WDR100027078,2020,273208,Bakersfield WWTP #2,* WDR Site,CENTRAL VALLEY RWQCB (REGION 5F),Y,N,WWTP RW,4/28/2021,35.32496,-118.98541
WDR100027078,2021,273208,Bakersfield WWTP #2,* WDR Site,CENTRAL VALLEY RWQCB (REGION 5F),Y,N,WWTP RW,4/21/2022,35.32496,-118.98541
WDR100027078,2022,273208,Bakersfield WWTP #2,* WDR Site,CENTRAL VALLEY RWQCB (REGION 5F),Y,N,WWTP RW,4/20/2023,35.32496,-118.98541
WDR100036052,2019,273131,Reedley WWTF,* WDR Site,CENTRAL VALLEY RWQCB (REGION 5F),N,NaN,WWTP,9/2/2020,36.58189,-119.46542
WDR100036052,2020,273131,Reedley WWTF,* WDR Site,CENTRAL VALLEY RWQCB (REGION 5F),N,NaN,WWTP,2/1/2021,36.58189,-119.46542
WDR100036052,2021,273131,Reedley WWTF,* WDR Site,CENTRAL VALLEY RWQCB (REGION 5F),N,NaN,WWTP,1/25/2022,36.58189,-119.46542
WDR100036052,2022,273131,Reedley WWTF,* WDR Site,CENTRAL VALLEY RWQCB (REGION 5F),N,NaN,WWTP,2/2/2023,36.58189,-119.46542
WDR100030994,2019,272444,White Slough Water Pollution Control Facility,* WDR Site,CENTRAL VALLEY RWQCB (REGION 5S),Y,N,WWTP RW,7/16/2020,38.094431,-121.381226
WDR100030994,2020,272444,White Slough Water Pollution Control Facility,* WDR Site,CENTRAL VALLEY RWQCB (REGION 5S),Y,N,WWTP RW,5/5/2022,38.094431,-121.381226
WDR100030994,2021,272444,White Slough Water Pollution Control Facility,* WDR Site,CENTRAL VALLEY RWQCB (REGION 5S),Y,N,WWTP RW,5/5/2022,38.094431,-121.381226
WDR100030994,2022,272444,White Slough Water Pollution Control Facility,* WDR Site,CENTRAL VALLEY RWQCB (REGION 5S),Y,N,WWTP RW,4/18/2023,38.094431,-121.381226
WDR100027526,2019,210088,Borrego WD-Ram's Hill,* WDR Site,COLORADO RIVER BASIN RWQCB (REGION 7),N,NaN,WWTP,4/8/2020,33.2081,-116.32103
WDR100027526,2020,210088,Borrego WD-Ram's Hill,* WDR Site,COLORADO RIVER BASIN RWQCB (REGION 7),N,NaN,WWTP,4/7/2021,33.2081,-116.32103
WDR100027526,2021,210088,Borrego WD-Ram's Hill,* WDR Site,COLORADO RIVER BASIN RWQCB (REGION 7),N,NaN,WWTP,4/25/2022,33.2081,-116.32103
WDR100027526,2022,210088,Borrego WD-Ram's Hill,* WDR Site,COLORADO RIVER BASIN RWQCB (REGION 7),N,NaN,WWTP,2/27/2023,33.2081,-116.32103
WDR100035823,2019,643085,Lytle Creek North WWTP,* WDR Site,SANTA ANA RWQCB (REGION 8),N,NaN,WWTP,8/26/2020,34.17631,-117.38887
WDR100035823,2020,643085,Lytle Creek North WWTP,* WDR Site,SANTA ANA RWQCB (REGION 8),N,NaN,WWTP,3/22/2021,34.17631,-117.38887
WDR100035823,2022,643085,Lytle Creek North WWTP,* WDR Site,SANTA ANA RWQCB (REGION 8),N,NaN,WWTP,4/28/2023,34.17631,-117.38887
WDR100035823,2021,643085,Lytle Creek North WWTP,* WDR Site,SANTA ANA RWQCB (REGION 8),N,NaN,WWTP,3/28/2022,34.17631,-117.38887
WDR100028781,2019,273110,Dinuba WWTF,* WDR Site,CENTRAL VALLEY RWQCB (REGION 5F),N,NaN,WWTP,4/10/2020,36.53883,-119.40863
WDR100028781,2020,273110,Dinuba WWTF,* WDR Site,CENTRAL VALLEY RWQCB (REGION 5F),N,NaN,WWTP,4/27/2021,36.53883,-119.40863
WDR100028781,2021,273110,Dinuba WWTF,* WDR Site,CENTRAL VALLEY RWQCB (REGION 5F),N,NaN,WWTP,2/8/2022,36.53883,-119.40863
WDR100028781,2022,273110,Dinuba WWTF,* WDR Site,CENTRAL VALLEY RWQCB (REGION 5F),N,NaN,WWTP,2/28/2023,36.53883,-119.40863
WDR100034624,2019,257687,Solvang WWTP,* WDR Site,CENTRAL COAST RWQCB (REGION 3),N,NaN,WWTP,8/28/2020,34.590278,-120.157853
WDR100034624,2021,257687,Solvang WWTP,* WDR Site,CENTRAL COAST RWQCB (REGION 3),N,NaN,WWTP,2/16/2022,34.590278,-120.157853
WDR100034624,2020,257687,Solvang WWTP,* WDR Site,CENTRAL COAST RWQCB (REGION 3),N,NaN,WWTP,3/24/2021,34.590278,-120.157853
WDR100034624,2022,257687,Solvang WWTP,* WDR Site,CENTRAL COAST RWQCB (REGION 3),N,NaN,WWTP,1/31/2023,34.590278,-120.157853
WDR100032679,2019,726883,Pixley WWTF,* WDR Site,CENTRAL VALLEY RWQCB (REGION 5F),Y,N,WWTP RW,7/23/2020,35.95744,-119.30914
WDR100032679,2020,726883,Pixley WWTF,* WDR Site,CENTRAL VALLEY RWQCB (REGION 5F),Y,N,WWTP RW,2/18/2021,35.95744,-119.30914
WDR100032679,2021,726883,Pixley WWTF,* WDR Site,CENTRAL VALLEY RWQCB (REGION 5F),Y,N,WWTP RW,3/2/2022,35.95744,-119.30914
WDR100032679,2022,726883,Pixley WWTF,* WDR Site,CENTRAL VALLEY RWQCB (REGION 5F),Y,N,WWTP RW,2/14/2023,35.95744,-119.30914
WDR100036964,2019,707492,Island Park Recreation Area - Pine Flat Lake,* WDR Site,CENTRAL VALLEY RWQCB (REGION 5F),N,NaN,WWTP,6/30/2020,36.86383,-119.31517
WDR100036964,2020,707492,Island Park Recreation Area - Pine Flat Lake,* WDR Site,CENTRAL VALLEY RWQCB (REGION 5F),Y,N,WWTP RW,3/31/2021,36.86383,-119.31517
WDR100036964,2021,707492,Island Park Recreation Area - Pine Flat Lake,* WDR Site,CENTRAL VALLEY RWQCB (REGION 5F),N,NaN,WWTP,4/29/2022,36.86383,-119.31517
WDR100036964,2022,707492,Island Park Recreation Area - Pine Flat Lake,* WDR Site,CENTRAL VALLEY RWQCB (REGION 5F),N,NaN,WWTP,4/28/2023,36.86383,-119.31517
WDR100031284,2019,273149,I-5 & Highway 58 WWTF,* WDR Site,CENTRAL VALLEY RWQCB (REGION 5F),N,NaN,WWTP,4/21/2020,35.40468,-119.39708
WDR100031284,2021,273149,I-5 & Highway 58 WWTF,* WDR Site,CENTRAL VALLEY RWQCB (REGION 5F),N,NaN,WWTP,3/17/2022,35.40468,-119.39708
WDR100031284,2020,273149,I-5 & Highway 58 WWTF,* WDR Site,CENTRAL VALLEY RWQCB (REGION 5F),N,NaN,WWTP,2/16/2021,35.40468,-119.39708
WDR100031284,2022,273149,I-5 & Highway 58 WWTF,* WDR Site,CENTRAL VALLEY RWQCB (REGION 5F),N,NaN,WWTP,6/7/2023,35.40468,-119.39708
WDR100032803,2019,247782,City of Patterson WQCF,* WDR Site,CENTRAL VALLEY RWQCB (REGION 5S),N,NaN,WWTP,1/6/2021,37.498117,-121.094427
WDR100032803,2020,247782,City of Patterson WQCF,* WDR Site,CENTRAL VALLEY RWQCB (REGION 5S),N,NaN,WWTP,1/11/2021,37.498117,-121.094427
WDR100032803,2021,247782,City of Patterson WQCF,* WDR Site,CENTRAL VALLEY RWQCB (REGION 5S),N,NaN,WWTP,4/8/2022,37.498117,-121.094427
WDR100032803,2022,247782,City of Patterson WQCF,* WDR Site,CENTRAL VALLEY RWQCB (REGION 5S),N,NaN,WWTP,4/19/2023,37.498117,-121.094427
WDR100030990,2019,237252,Lockeford CSD WWTP,* WDR Site,CENTRAL VALLEY RWQCB (REGION 5S),N,NaN,WWTP,5/22/2020,38.14511,-121.13308
WDR100030990,2020,237252,Lockeford CSD WWTP,* WDR Site,CENTRAL VALLEY RWQCB (REGION 5S),N,NaN,WWTP,3/17/2021,38.14511,-121.13308
WDR100030990,2021,237252,Lockeford CSD WWTP,* WDR Site,CENTRAL VALLEY RWQCB (REGION 5S),Y,N,WWTP RW,2/18/2022,38.14511,-121.13308
WDR100030990,2022,237252,Lockeford CSD WWTP,* WDR Site,CENTRAL VALLEY RWQCB (REGION 5S),Y,N,WWTP RW,2/14/2023,38.14511,-121.13308
WDR100027080,2019,273209,Bakersfield WWTP #3,* WDR Site,CENTRAL VALLEY RWQCB (REGION 5F),Y,N,WWTP RW,5/12/2021,35.281561,-119.074431
WDR100027080,2020,273209,Bakersfield WWTP #3,* WDR Site,CENTRAL VALLEY RWQCB (REGION 5F),Y,N,WWTP RW,5/12/2021,35.281561,-119.074431
WDR100027080,2021,273209,Bakersfield WWTP #3,* WDR Site,CENTRAL VALLEY RWQCB (REGION 5F),Y,N,WWTP RW,4/21/2022,35.281561,-119.074431
WDR100027080,2022,273209,Bakersfield WWTP #3,* WDR Site,CENTRAL VALLEY RWQCB (REGION 5F),Y,N,WWTP RW,4/20/2023,35.281561,-119.074431
WDR100032998,2019,273130,Porterville WWTF,* WDR Site,CENTRAL VALLEY RWQCB (REGION 5F),Y,N,WWTP RW,3/18/2020,36.075954,-119.043986
WDR100032998,2021,273130,Porterville WWTF,* WDR Site,CENTRAL VALLEY RWQCB (REGION 5F),Y,N,WWTP RW,6/20/2022,36.075954,-119.043986
WDR100032998,2020,273130,Porterville WWTF,* WDR Site,CENTRAL VALLEY RWQCB (REGION 5F),Y,N,WWTP RW,1/18/2021,36.075954,-119.043986
WDR100032998,2022,273130,Porterville WWTF,* WDR Site,CENTRAL VALLEY RWQCB (REGION 5F),N,NaN,WWTP,1/23/2023,36.075954,-119.043986
WDR100035911,2019,273186,Santa Nella WWTF,* WDR Site,CENTRAL VALLEY RWQCB (REGION 5F),N,NaN,WWTP,4/24/2020,37.10061,-121.02239
WDR100035911,2020,273186,Santa Nella WWTF,* WDR Site,CENTRAL VALLEY RWQCB (REGION 5F),N,NaN,WWTP,5/17/2021,37.10061,-121.02239
WDR100035911,2021,273186,Santa Nella WWTF,* WDR Site,CENTRAL VALLEY RWQCB (REGION 5F),N,NaN,WWTP,3/18/2022,37.10061,-121.02239
WDR100035911,2022,273186,Santa Nella WWTF,* WDR Site,CENTRAL VALLEY RWQCB (REGION 5F),N,NaN,WWTP,3/15/2023,37.10061,-121.02239
WDR100028828,2019,273170,Franklin WWTF,* WDR Site,CENTRAL VALLEY RWQCB (REGION 5F),N,NaN,WWTP,7/15/2020,37.31903,-120.52354
WDR100028828,2020,273170,Franklin WWTF,* WDR Site,CENTRAL VALLEY RWQCB (REGION 5F),N,NaN,WWTP,4/16/2021,37.31903,-120.52354
WDR100028828,2022,273170,Franklin WWTF,* WDR Site,CENTRAL VALLEY RWQCB (REGION 5F),N,NaN,WWTP,1/30/2023,37.31903,-120.52354
WDR100028828,2021,273170,Franklin WWTF,* WDR Site,CENTRAL VALLEY RWQCB (REGION 5F),N,NaN,WWTP,4/7/2022,37.31903,-120.52354
WDR100030893,2019,256772,Kern Cnty Sheriff's Lerdo WWTF,* WDR Site,CENTRAL VALLEY RWQCB (REGION 5F),N,NaN,WWTP,4/6/2020,35.50525,-119.11562
WDR100030893,2021,256772,Kern Cnty Sheriff's Lerdo WWTF,* WDR Site,CENTRAL VALLEY RWQCB (REGION 5F),Y,N,WWTP RW,1/21/2022,35.50525,-119.11562
WDR100030893,2020,256772,Kern Cnty Sheriff's Lerdo WWTF,* WDR Site,CENTRAL VALLEY RWQCB (REGION 5F),Y,N,WWTP RW,4/26/2021,35.50525,-119.11562
WDR100030893,2022,256772,Kern Cnty Sheriff's Lerdo WWTF,* WDR Site,CENTRAL VALLEY RWQCB (REGION 5F),Y,N,WWTP RW,1/5/2023,35.50525,-119.11562
WDR100034322,2020,273192,Strathmore  WWTF,* WDR Site,CENTRAL VALLEY RWQCB (REGION 5F),Y,N,WWTP RW,4/30/2021,36.14346,-119.07172
WDR100034322,2019,273192,Strathmore  WWTF,* WDR Site,CENTRAL VALLEY RWQCB (REGION 5F),Y,N,WWTP RW,11/17/2020,36.14346,-119.07172
WDR100034322,2021,273192,Strathmore  WWTF,* WDR Site,CENTRAL VALLEY RWQCB (REGION 5F),Y,N,WWTP RW,4/18/2022,36.14346,-119.07172
WDR100034322,2022,273192,Strathmore  WWTF,* WDR Site,CENTRAL VALLEY RWQCB (REGION 5F),N,NaN,WWTP,4/5/2023,36.14346,-119.07172
WDR100030309,2019,214483,Madera Cnty #14-Chukchansi WWTF,* WDR Site,CENTRAL VALLEY RWQCB (REGION 5F),N,NaN,WWTP,4/10/2020,37.03137,-120.03605
WDR100030309,2020,214483,Madera Cnty #14-Chukchansi WWTF,* WDR Site,CENTRAL VALLEY RWQCB (REGION 5F),N,NaN,WWTP,2/17/2021,37.03137,-120.03605
WDR100030309,2021,214483,Madera Cnty #14-Chukchansi WWTF,* WDR Site,CENTRAL VALLEY RWQCB (REGION 5F),N,NaN,WWTP,4/8/2022,37.03137,-120.03605
WDR100030309,2022,214483,Madera Cnty #14-Chukchansi WWTF,* WDR Site,CENTRAL VALLEY RWQCB (REGION 5F),N,NaN,WWTP,2/13/2023,37.03137,-120.03605
WDR100030310,2019,201067,Madera Cnty #19-Parkwood WWTF,* WDR Site,CENTRAL VALLEY RWQCB (REGION 5F),N,NaN,WWTP,4/13/2020,36.931183,-120.050997
WDR100030310,2020,201067,Madera Cnty #19-Parkwood WWTF,* WDR Site,CENTRAL VALLEY RWQCB (REGION 5F),N,NaN,WWTP,2/17/2021,36.931183,-120.050997
WDR100030310,2022,201067,Madera Cnty #19-Parkwood WWTF,* WDR Site,CENTRAL VALLEY RWQCB (REGION 5F),N,NaN,WWTP,2/13/2023,36.931183,-120.050997
WDR100030310,2021,201067,Madera Cnty #19-Parkwood WWTF,* WDR Site,CENTRAL VALLEY RWQCB (REGION 5F),N,NaN,WWTP,3/28/2022,36.931183,-120.050997
WDR100034440,2019,273189,Snelling WWTF,* WDR Site,CENTRAL VALLEY RWQCB (REGION 5F),N,NaN,WWTP,4/18/2020,37.520705,-120.4466835
WDR100034440,2020,273189,Snelling WWTF,* WDR Site,CENTRAL VALLEY RWQCB (REGION 5F),N,NaN,WWTP,2/14/2021,37.520705,-120.4466835
WDR100034440,2021,273189,Snelling WWTF,* WDR Site,CENTRAL VALLEY RWQCB (REGION 5F),N,NaN,WWTP,3/27/2022,37.520705,-120.4466835
WDR100034440,2022,273189,Snelling WWTF,* WDR Site,CENTRAL VALLEY RWQCB (REGION 5F),N,NaN,WWTP,3/8/2023,37.520705,-120.4466835
WDR100035633,2019,255190,San Ardo Wastewater Treatment Plant,* WDR Site,CENTRAL COAST RWQCB (REGION 3),N,NaN,WWTP,6/16/2020,36.01722,-120.91543
WDR100035633,2020,255190,San Ardo Wastewater Treatment Plant,* WDR Site,CENTRAL COAST RWQCB (REGION 3),N,NaN,WWTP,4/22/2021,36.01722,-120.91543
WDR100035633,2021,255190,San Ardo Wastewater Treatment Plant,* WDR Site,CENTRAL COAST RWQCB (REGION 3),N,NaN,WWTP,8/18/2022,36.01722,-120.91543
WDR100035633,2022,255190,San Ardo Wastewater Treatment Plant,* WDR Site,CENTRAL COAST RWQCB (REGION 3),N,NaN,WWTP,6/8/2023,36.01722,-120.91543
WDR100036637,2019,273194,Tipton WWTF,* WDR Site,CENTRAL VALLEY RWQCB (REGION 5F),N,NaN,WWTP,3/20/2020,36.0594,-119.31206
WDR100036637,2021,273194,Tipton WWTF,* WDR Site,CENTRAL VALLEY RWQCB (REGION 5F),N,NaN,WWTP,1/17/2022,36.0594,-119.31206
WDR100036637,2020,273194,Tipton WWTF,* WDR Site,CENTRAL VALLEY RWQCB (REGION 5F),N,NaN,WWTP,2/17/2021,36.0594,-119.31206
WDR100036637,2022,273194,Tipton WWTF,* WDR Site,CENTRAL VALLEY RWQCB (REGION 5F),N,NaN,WWTP,4/28/2023,36.0594,-119.31206
WDR100035640,2019,214526,Cielo Vista Estates,* WDR Site,CENTRAL COAST RWQCB (REGION 3),N,NaN,WWTP,4/5/2021,36.819332,-121.366984
WDR100035640,2020,214526,Cielo Vista Estates,* WDR Site,CENTRAL COAST RWQCB (REGION 3),N,NaN,WWTP,4/27/2021,36.819332,-121.366984
WDR100035640,2021,214526,Cielo Vista Estates,* WDR Site,CENTRAL COAST RWQCB (REGION 3),N,NaN,WWTP,4/29/2022,36.819332,-121.366984
WDR100035640,2022,214526,Cielo Vista Estates,* WDR Site,CENTRAL COAST RWQCB (REGION 3),N,NaN,WWTP,4/21/2023,36.819332,-121.366984
WDR100030780,2019,259157,Lake Hemet MWD WWTP,* WDR Site,SANTA ANA RWQCB (REGION 8),N,NaN,WWTP,3/12/2020,33.66986,-116.67455
WDR100030780,2021,259157,Lake Hemet MWD WWTP,* WDR Site,SANTA ANA RWQCB (REGION 8),N,NaN,WWTP,3/17/2022,33.66986,-116.67455
WDR100030780,2020,259157,Lake Hemet MWD WWTP,* WDR Site,SANTA ANA RWQCB (REGION 8),N,NaN,WWTP,3/8/2021,33.66986,-116.67455
WDR100030780,2022,259157,Lake Hemet MWD WWTP,* WDR Site,SANTA ANA RWQCB (REGION 8),N,NaN,WWTP,2/14/2023,33.66986,-116.67455
WDR100036103,2019,259153,Western Hills WWRF,* WDR Site,SANTA ANA RWQCB (REGION 8),N,NaN,WWTP,7/23/2020,33.960677,-117.765009
WDR100036103,2020,259153,Western Hills WWRF,* WDR Site,SANTA ANA RWQCB (REGION 8),N,NaN,WWTP,4/29/2021,33.960677,-117.765009
WDR100036103,2021,259153,Western Hills WWRF,* WDR Site,SANTA ANA RWQCB (REGION 8),N,NaN,WWTP,6/7/2023,33.960677,-117.765009
WDR100036103,2022,259153,Western Hills WWRF,* WDR Site,SANTA ANA RWQCB (REGION 8),N,NaN,WWTP,6/7/2023,33.960677,-117.765009
WDR100034474,2019,273136,Tehachapi WWTF,* WDR Site,CENTRAL VALLEY RWQCB (REGION 5F),N,NaN,WWTP,6/10/2020,35.138333,-118.455556
WDR100034474,2020,273136,Tehachapi WWTF,* WDR Site,CENTRAL VALLEY RWQCB (REGION 5F),N,NaN,WWTP,2/11/2021,35.138333,-118.455556
WDR100034474,2021,273136,Tehachapi WWTF,* WDR Site,CENTRAL VALLEY RWQCB (REGION 5F),N,NaN,WWTP,2/9/2022,35.138333,-118.455556
WDR100034474,2022,273136,Tehachapi WWTF,* WDR Site,CENTRAL VALLEY RWQCB (REGION 5F),N,NaN,WWTP,1/19/2023,35.138333,-118.455556
WDR100035975,2019,258677,Stillwater WWTP Reclamation,* WDR Site,CENTRAL VALLEY RWQCB (REGION 5R),Y,N,WWTP RW,4/13/2020,40.4722,-122.294071
WDR100035975,2020,258677,Stillwater WWTP Reclamation,* WDR Site,CENTRAL VALLEY RWQCB (REGION 5R),Y,N,WWTP RW,1/27/2021,40.4722,-122.294071
WDR100035975,2021,258677,Stillwater WWTP Reclamation,* WDR Site,CENTRAL VALLEY RWQCB (REGION 5R),Y,N,WWTP RW,2/16/2022,40.4722,-122.294071
WDR100035975,2022,258677,Stillwater WWTP Reclamation,* WDR Site,CENTRAL VALLEY RWQCB (REGION 5R),Y,N,WWTP RW,2/7/2023,40.4722,-122.294071
WDR100027112,2020,210854,Burney STP,* WDR Site,CENTRAL VALLEY RWQCB (REGION 5R),N,NaN,WWTP,4/27/2021,40.903303,-121.642831
WDR100027112,2019,210854,Burney STP,* WDR Site,CENTRAL VALLEY RWQCB (REGION 5R),N,NaN,WWTP,11/23/2020,40.903303,-121.642831
WDR100027112,2021,210854,Burney STP,* WDR Site,CENTRAL VALLEY RWQCB (REGION 5R),N,NaN,WWTP,4/11/2022,40.903303,-121.642831
WDR100027112,2022,210854,Burney STP,* WDR Site,CENTRAL VALLEY RWQCB (REGION 5R),N,NaN,WWTP,4/28/2023,40.903303,-121.642831
WDR100035292,2019,252613,Richardson Springs CSD,* WDR Site,CENTRAL VALLEY RWQCB (REGION 5R),N,NaN,WWTP,4/28/2020,39.828303,-121.822063
WDR100035292,2020,252613,Richardson Springs CSD,* WDR Site,CENTRAL VALLEY RWQCB (REGION 5R),N,NaN,WWTP,4/6/2021,39.828303,-121.822063
WDR100035292,2022,252613,Richardson Springs CSD,* WDR Site,CENTRAL VALLEY RWQCB (REGION 5R),N,NaN,WWTP,4/29/2023,39.828303,-121.822063
WDR100011310,2019,260486,Jose Flores WWTP,* WDR Site,LOS ANGELES RWQCB (REGION 4),N,NaN,WWTP,4/27/2020,34.276133,-119.146775
WDR100011310,2021,260486,Jose Flores WWTP,* WDR Site,LOS ANGELES RWQCB (REGION 4),N,NaN,WWTP,4/18/2022,34.276133,-119.146775
WDR100011310,2020,260486,Jose Flores WWTP,* WDR Site,LOS ANGELES RWQCB (REGION 4),N,NaN,WWTP,3/15/2021,34.276133,-119.146775
WDR100011310,2022,260486,Jose Flores WWTP,* WDR Site,LOS ANGELES RWQCB (REGION 4),N,NaN,WWTP,3/15/2023,34.276133,-119.146775
WDR100037350,2019,269588,USMC MWTC Coleville Housing WWTF,* WDR Site,LAHONTAN RWQCB (REGION 6T),N,NaN,WWTP,7/1/2020,38.5895582,-119.5177236
WDR100037350,2020,269588,USMC MWTC Coleville Housing WWTF,* WDR Site,LAHONTAN RWQCB (REGION 6T),N,NaN,WWTP,5/4/2021,38.5895582,-119.5177236
WDR100037350,2021,269588,USMC MWTC Coleville Housing WWTF,* WDR Site,LAHONTAN RWQCB (REGION 6T),N,NaN,WWTP,2/24/2022,38.5895582,-119.5177236
WDR100037350,2022,269588,USMC MWTC Coleville Housing WWTF,* WDR Site,LAHONTAN RWQCB (REGION 6T),N,NaN,WWTP,3/16/2023,38.5895582,-119.5177236
WDR100028714,2019,215677,North Fresno WWRF,* WDR Site,CENTRAL VALLEY RWQCB (REGION 5F),Y,N,WWTP RW,3/24/2020,36.89566,-119.7526
WDR100028714,2020,215677,North Fresno WWRF,* WDR Site,CENTRAL VALLEY RWQCB (REGION 5F),Y,N,WWTP RW,3/30/2021,36.89566,-119.7526
WDR100028714,2021,215677,North Fresno WWRF,* WDR Site,CENTRAL VALLEY RWQCB (REGION 5F),Y,N,WWTP RW,2/14/2022,36.89566,-119.7526
WDR100028714,2022,215677,North Fresno WWRF,* WDR Site,CENTRAL VALLEY RWQCB (REGION 5F),Y,N,WWTP RW,2/8/2023,36.89566,-119.7526
WDR100037274,2019,759028,SCICON WWTF,* WDR Site,CENTRAL VALLEY RWQCB (REGION 5F),N,NaN,WWTP,7/24/2020,36.18669,-118.79688
WDR100037274,2020,759028,SCICON WWTF,* WDR Site,CENTRAL VALLEY RWQCB (REGION 5F),N,NaN,WWTP,5/10/2021,36.18669,-118.79688
WDR100037274,2021,759028,SCICON WWTF,* WDR Site,CENTRAL VALLEY RWQCB (REGION 5F),N,NaN,WWTP,4/25/2022,36.18669,-118.79688
WDR100037274,2022,759028,SCICON WWTF,* WDR Site,CENTRAL VALLEY RWQCB (REGION 5F),N,NaN,WWTP,5/11/2023,36.18669,-118.79688
WDR100026784,2019,747519,Atwater Regional WWTF,* WDR Site,CENTRAL VALLEY RWQCB (REGION 5F),N,NaN,WWTP,3/23/2020,37.276,-120.63126
WDR100026784,2020,747519,Atwater Regional WWTF,* WDR Site,CENTRAL VALLEY RWQCB (REGION 5F),N,NaN,WWTP,3/4/2021,37.276,-120.63126
WDR100026784,2021,747519,Atwater Regional WWTF,* WDR Site,CENTRAL VALLEY RWQCB (REGION 5F),N,NaN,WWTP,2/7/2022,37.276,-120.63126
WDR100026784,2022,747519,Atwater Regional WWTF,* WDR Site,CENTRAL VALLEY RWQCB (REGION 5F),N,NaN,WWTP,1/25/2023,37.276,-120.63126
WDR100036091,2019,271915,Weaverville SD WWTP,* WDR Site,NORTH COAST RWQCB (REGION 1),N,NaN,WWTP,7/14/2020,40.71636,-122.93475
WDR100036091,2020,271915,Weaverville SD WWTP,* WDR Site,NORTH COAST RWQCB (REGION 1),N,NaN,WWTP,1/20/2021,40.71636,-122.93475
WDR100036091,2021,271915,Weaverville SD WWTP,* WDR Site,NORTH COAST RWQCB (REGION 1),N,NaN,WWTP,1/10/2022,40.71636,-122.93475
WDR100036091,2022,271915,Weaverville SD WWTP,* WDR Site,NORTH COAST RWQCB (REGION 1),N,NaN,WWTP,1/25/2023,40.71636,-122.93475
WDR100036199,2019,259198,Western Water Recycling Facility,* WDR Site,SANTA ANA RWQCB (REGION 8),Y,N,WWTP RW,6/22/2020,33.90358,-117.25224
WDR100036199,2020,259198,Western Water Recycling Facility,* WDR Site,SANTA ANA RWQCB (REGION 8),Y,N,WWTP RW,4/29/2021,33.90358,-117.25224
WDR100036199,2021,259198,Western Water Recycling Facility,* WDR Site,SANTA ANA RWQCB (REGION 8),Y,N,WWTP RW,4/28/2022,33.90358,-117.25224
WDR100036199,2022,259198,Western Water Recycling Facility,* WDR Site,SANTA ANA RWQCB (REGION 8),Y,N,WWTP RW,4/27/2023,33.90358,-117.25224
WDR100026933,2019,774666,Anaheim Water Recycling Demonstration Project,* WDR Site,SANTA ANA RWQCB (REGION 8),Y,N,WWTP RW,4/2/2020,33.83468,-117.91248
WDR100026933,2020,774666,Anaheim Water Recycling Demonstration Project,* WDR Site,SANTA ANA RWQCB (REGION 8),Y,N,WWTP RW,3/19/2021,33.83468,-117.91248
WDR100026933,2021,774666,Anaheim Water Recycling Demonstration Project,* WDR Site,SANTA ANA RWQCB (REGION 8),Y,N,WWTP RW,3/15/2022,33.83468,-117.91248
WDR100026933,2022,774666,Anaheim Water Recycling Demonstration Project,* WDR Site,SANTA ANA RWQCB (REGION 8),Y,N,WWTP RW,4/18/2023,33.83468,-117.91248
WDR100034963,2019,273188,Sierra High School WWTF,* WDR Site,CENTRAL VALLEY RWQCB (REGION 5F),N,NaN,WWTP,9/4/2020,37.03762,-119.45378
WDR100034963,2021,273188,Sierra High School WWTF,* WDR Site,CENTRAL VALLEY RWQCB (REGION 5F),N,NaN,WWTP,1/18/2022,37.03762,-119.45378
WDR100034963,2020,273188,Sierra High School WWTF,* WDR Site,CENTRAL VALLEY RWQCB (REGION 5F),N,NaN,WWTP,4/26/2021,37.03762,-119.45378
WDR100034963,2022,273188,Sierra High School WWTF,* WDR Site,CENTRAL VALLEY RWQCB (REGION 5F),N,NaN,WWTP,1/24/2023,37.03762,-119.45378
WDR100030350,2020,273175,Laton WWTF,* WDR Site,CENTRAL VALLEY RWQCB (REGION 5F),N,NaN,WWTP,7/14/2021,36.43476,-119.68459
WDR100030350,2019,273175,Laton WWTF,* WDR Site,CENTRAL VALLEY RWQCB (REGION 5F),N,NaN,WWTP,7/18/2021,36.43476,-119.68459
WDR100030350,2021,273175,Laton WWTF,* WDR Site,CENTRAL VALLEY RWQCB (REGION 5F),N,NaN,WWTP,4/29/2022,36.43476,-119.68459
WDR100030350,2022,273175,Laton WWTF,* WDR Site,CENTRAL VALLEY RWQCB (REGION 5F),N,NaN,WWTP,3/13/2023,36.43476,-119.68459
WDR100036126,2019,273197,Woodville WWTF,* WDR Site,CENTRAL VALLEY RWQCB (REGION 5F),N,NaN,WWTP,6/29/2020,36.08372,-119.21095
WDR100036126,2021,273197,Woodville WWTF,* WDR Site,CENTRAL VALLEY RWQCB (REGION 5F),N,NaN,WWTP,4/6/2023,36.08372,-119.21095
WDR100036126,2020,273197,Woodville WWTF,* WDR Site,CENTRAL VALLEY RWQCB (REGION 5F),N,NaN,WWTP,4/7/2021,36.08372,-119.21095
WDR100036126,2022,273197,Woodville WWTF,* WDR Site,CENTRAL VALLEY RWQCB (REGION 5F),N,NaN,WWTP,8/14/2023,36.08372,-119.21095
WDR100029004,2019,273113,Farmersville WWTF,* WDR Site,CENTRAL VALLEY RWQCB (REGION 5F),N,NaN,WWTP,8/17/2020,36.29773,-119.20678
WDR100029004,2020,273113,Farmersville WWTF,* WDR Site,CENTRAL VALLEY RWQCB (REGION 5F),N,NaN,WWTP,4/30/2021,36.29773,-119.20678
WDR100029004,2021,273113,Farmersville WWTF,* WDR Site,CENTRAL VALLEY RWQCB (REGION 5F),N,NaN,WWTP,1/13/2022,36.29773,-119.20678
WDR100029004,2022,273113,Farmersville WWTF,* WDR Site,CENTRAL VALLEY RWQCB (REGION 5F),N,NaN,WWTP,4/18/2023,36.29773,-119.20678
WDR100033151,2019,256551,Shafter Airport WWTF,* WDR Site,CENTRAL VALLEY RWQCB (REGION 5F),N,NaN,WWTP,4/24/2020,35.50121,-119.18308
WDR100033151,2020,256551,Shafter Airport WWTF,* WDR Site,CENTRAL VALLEY RWQCB (REGION 5F),N,NaN,WWTP,5/17/2021,35.50121,-119.18308
WDR100033151,2021,256551,Shafter Airport WWTF,* WDR Site,CENTRAL VALLEY RWQCB (REGION 5F),N,NaN,WWTP,3/17/2022,35.50121,-119.18308
WDR100033151,2022,256551,Shafter Airport WWTF,* WDR Site,CENTRAL VALLEY RWQCB (REGION 5F),N,NaN,WWTP,6/7/2023,35.50121,-119.18308
WDR100030085,2019,235021,King City Domestic WWTF,* WDR Site,CENTRAL COAST RWQCB (REGION 3),N,NaN,WWTP,7/20/2020,36.218,-121.15328
WDR100030085,2020,235021,King City Domestic WWTF,* WDR Site,CENTRAL COAST RWQCB (REGION 3),N,NaN,WWTP,2/18/2021,36.218,-121.15328
WDR100030085,2021,235021,King City Domestic WWTF,* WDR Site,CENTRAL COAST RWQCB (REGION 3),N,NaN,WWTP,4/18/2022,36.218,-121.15328
WDR100030085,2022,235021,King City Domestic WWTF,* WDR Site,CENTRAL COAST RWQCB (REGION 3),N,NaN,WWTP,4/28/2023,36.218,-121.15328
WDR100029289,2019,273106,Chowchilla WWTF,* WDR Site,CENTRAL VALLEY RWQCB (REGION 5F),N,NaN,WWTP,3/19/2020,37.10552,-120.25674
WDR100029289,2020,273106,Chowchilla WWTF,* WDR Site,CENTRAL VALLEY RWQCB (REGION 5F),N,NaN,WWTP,1/26/2021,37.10552,-120.25674
WDR100029289,2021,273106,Chowchilla WWTF,* WDR Site,CENTRAL VALLEY RWQCB (REGION 5F),N,NaN,WWTP,2/16/2022,37.10552,-120.25674
WDR100029289,2022,273106,Chowchilla WWTF,* WDR Site,CENTRAL VALLEY RWQCB (REGION 5F),N,NaN,WWTP,2/28/2023,37.10552,-120.25674
WDR100029670,2019,273108,Corcoran WWTF,* WDR Site,CENTRAL VALLEY RWQCB (REGION 5F),Y,N,WWTP RW,7/29/2021,36.079556,-119.557722
WDR100029670,2020,273108,Corcoran WWTF,* WDR Site,CENTRAL VALLEY RWQCB (REGION 5F),Y,N,WWTP RW,7/29/2021,36.079556,-119.557722
WDR100029670,2021,273108,Corcoran WWTF,* WDR Site,CENTRAL VALLEY RWQCB (REGION 5F),N,NaN,WWTP,1/14/2022,36.079556,-119.557722
WDR100029670,2022,273108,Corcoran WWTF,* WDR Site,CENTRAL VALLEY RWQCB (REGION 5F),N,NaN,WWTP,5/4/2023,36.079556,-119.557722
WDR100030946,2019,273142,Kern Sanitation Authority WWTF,* WDR Site,CENTRAL VALLEY RWQCB (REGION 5F),Y,N,WWTP RW,4/6/2020,35.35213,-118.95876
WDR100030946,2020,273142,Kern Sanitation Authority WWTF,* WDR Site,CENTRAL VALLEY RWQCB (REGION 5F),Y,N,WWTP RW,4/26/2021,35.35213,-118.95876
WDR100030946,2021,273142,Kern Sanitation Authority WWTF,* WDR Site,CENTRAL VALLEY RWQCB (REGION 5F),Y,N,WWTP RW,1/21/2022,35.35213,-118.95876
WDR100030946,2022,273142,Kern Sanitation Authority WWTF,* WDR Site,CENTRAL VALLEY RWQCB (REGION 5F),Y,N,WWTP RW,1/3/2023,35.35213,-118.95876
WDR100028709,2019,201081,Fresno Cnty #44-D Monte Verdi Estates WWTF,* WDR Site,CENTRAL VALLEY RWQCB (REGION 5F),N,NaN,WWTP,6/12/2020,36.91515,-119.72893
WDR100028709,2021,201081,Fresno Cnty #44-D Monte Verdi Estates WWTF,* WDR Site,CENTRAL VALLEY RWQCB (REGION 5F),N,NaN,WWTP,4/21/2022,36.91515,-119.72893
WDR100028709,2020,201081,Fresno Cnty #44-D Monte Verdi Estates WWTF,* WDR Site,CENTRAL VALLEY RWQCB (REGION 5F),N,NaN,WWTP,4/29/2021,36.91515,-119.72893
WDR100028709,2022,201081,Fresno Cnty #44-D Monte Verdi Estates WWTF,* WDR Site,CENTRAL VALLEY RWQCB (REGION 5F),N,NaN,WWTP,4/27/2023,36.91515,-119.72893
WDR100035458,2019,260176,San Luis Hills WWTF,* WDR Site,CENTRAL VALLEY RWQCB (REGION 5F),Y,N,WWTP RW,6/23/2020,37.055327,-121.012368
WDR100035458,2020,260176,San Luis Hills WWTF,* WDR Site,CENTRAL VALLEY RWQCB (REGION 5F),Y,N,WWTP RW,4/29/2021,37.055327,-121.012368
WDR100035458,2021,260176,San Luis Hills WWTF,* WDR Site,CENTRAL VALLEY RWQCB (REGION 5F),Y,N,WWTP RW,4/20/2022,37.055327,-121.012368
WDR100035458,2022,260176,San Luis Hills WWTF,* WDR Site,CENTRAL VALLEY RWQCB (REGION 5F),Y,N,WWTP RW,4/5/2023,37.055327,-121.012368
WDR100029926,2019,236772,Lebec SRRA (Tejon Pass),* WDR Site,CENTRAL VALLEY RWQCB (REGION 5F),N,NaN,WWTP,7/23/2020,34.8658,-118.88346
WDR100029926,2021,236772,Lebec SRRA (Tejon Pass),* WDR Site,CENTRAL VALLEY RWQCB (REGION 5F),N,NaN,WWTP,1/10/2022,34.8658,-118.88346
WDR100029926,2020,236772,Lebec SRRA (Tejon Pass),* WDR Site,CENTRAL VALLEY RWQCB (REGION 5F),N,NaN,WWTP,1/10/2022,34.8658,-118.88346
WDR100029926,2022,236772,Lebec SRRA (Tejon Pass),* WDR Site,CENTRAL VALLEY RWQCB (REGION 5F),N,NaN,WWTP,3/1/2023,34.8658,-118.88346
WDR100029087,2019,212776,Calpella CWD WWTP,* WDR Site,NORTH COAST RWQCB (REGION 1),N,NaN,WWTP,6/9/2020,39.22441,-123.20174
WDR100029087,2020,212776,Calpella CWD WWTP,* WDR Site,NORTH COAST RWQCB (REGION 1),N,NaN,WWTP,4/22/2021,39.22441,-123.20174
WDR100029087,2021,212776,Calpella CWD WWTP,* WDR Site,NORTH COAST RWQCB (REGION 1),N,NaN,WWTP,2/24/2022,39.22441,-123.20174
WDR100029087,2022,212776,Calpella CWD WWTP,* WDR Site,NORTH COAST RWQCB (REGION 1),N,NaN,WWTP,1/24/2023,39.22441,-123.20174
WDR100027491,2019,213592,CDC CCWF & VSP WWTF,* WDR Site,CENTRAL VALLEY RWQCB (REGION 5F),Y,N,WWTP RW,3/30/2021,37.09036,-120.14971
WDR100027491,2020,213592,CDC CCWF & VSP WWTF,* WDR Site,CENTRAL VALLEY RWQCB (REGION 5F),Y,N,WWTP RW,3/30/2021,37.09036,-120.14971
WDR100027491,2021,213592,CDC CCWF & VSP WWTF,* WDR Site,CENTRAL VALLEY RWQCB (REGION 5F),Y,N,WWTP RW,3/18/2022,37.09036,-120.14971
WDR100027491,2022,213592,CDC CCWF & VSP WWTF,* WDR Site,CENTRAL VALLEY RWQCB (REGION 5F),Y,N,WWTP RW,2/15/2023,37.09036,-120.14971
WDR100030376,2019,273179,Lost Hills WWTF,* WDR Site,CENTRAL VALLEY RWQCB (REGION 5F),N,NaN,WWTP,6/18/2020,35.62015813,-119.6831337
WDR100030376,2020,273179,Lost Hills WWTF,* WDR Site,CENTRAL VALLEY RWQCB (REGION 5F),N,NaN,WWTP,2/16/2021,35.62015813,-119.6831337
WDR100030376,2021,273179,Lost Hills WWTF,* WDR Site,CENTRAL VALLEY RWQCB (REGION 5F),N,NaN,WWTP,8/3/2022,35.62015813,-119.6831337
WDR100030376,2022,273179,Lost Hills WWTF,* WDR Site,CENTRAL VALLEY RWQCB (REGION 5F),N,NaN,WWTP,3/28/2023,35.62015813,-119.6831337
WDR100036866,2019,214873,Clover Creek WWTF,* WDR Site,CENTRAL VALLEY RWQCB (REGION 5F),N,NaN,WWTP,9/4/2020,36.605664,-118.750193
WDR100036866,2020,214873,Clover Creek WWTF,* WDR Site,CENTRAL VALLEY RWQCB (REGION 5F),N,NaN,WWTP,4/27/2021,36.605664,-118.750193
WDR100036866,2021,214873,Clover Creek WWTF,* WDR Site,CENTRAL VALLEY RWQCB (REGION 5F),N,NaN,WWTP,4/14/2022,36.605664,-118.750193
WDR100036866,2022,214873,Clover Creek WWTF,* WDR Site,CENTRAL VALLEY RWQCB (REGION 5F),N,NaN,WWTP,4/14/2023,36.605664,-118.750193
WDR100037354,2019,269591,USMC-MWTC WWTC,* WDR Site,LAHONTAN RWQCB (REGION 6T),N,NaN,WWTP,7/1/2020,38.35542,-119.5204
WDR100037354,2021,269591,USMC-MWTC WWTC,* WDR Site,LAHONTAN RWQCB (REGION 6T),N,NaN,WWTP,2/24/2022,38.35542,-119.5204
WDR100037354,2020,269591,USMC-MWTC WWTC,* WDR Site,LAHONTAN RWQCB (REGION 6T),N,NaN,WWTP,5/4/2021,38.35542,-119.5204
WDR100037354,2022,269591,USMC-MWTC WWTC,* WDR Site,LAHONTAN RWQCB (REGION 6T),N,NaN,WWTP,3/16/2023,38.35542,-119.5204
WDR100034345,2019,273193,Terra Bella WWTF,* WDR Site,CENTRAL VALLEY RWQCB (REGION 5F),N,NaN,WWTP,9/11/2020,35.96421,-119.03995
WDR100034345,2020,273193,Terra Bella WWTF,* WDR Site,CENTRAL VALLEY RWQCB (REGION 5F),N,NaN,WWTP,2/22/2021,35.96421,-119.03995
WDR100034345,2021,273193,Terra Bella WWTF,* WDR Site,CENTRAL VALLEY RWQCB (REGION 5F),N,NaN,WWTP,8/11/2022,35.96421,-119.03995
WDR100034345,2022,273193,Terra Bella WWTF,* WDR Site,CENTRAL VALLEY RWQCB (REGION 5F),N,NaN,WWTP,8/14/2023,35.96421,-119.03995
WDR100030207,2019,235102,Klamath CSD STP (Del Norte Community Development),* WDR Site,NORTH COAST RWQCB (REGION 1),N,NaN,WWTP,4/21/2020,41.53492,-124.04454
WDR100030207,2020,235102,Klamath CSD STP (Del Norte Community Development),* WDR Site,NORTH COAST RWQCB (REGION 1),N,NaN,WWTP,4/8/2021,41.53492,-124.04454
WDR100030207,2021,235102,Klamath CSD STP (Del Norte Community Development),* WDR Site,NORTH COAST RWQCB (REGION 1),N,NaN,WWTP,4/14/2022,41.53492,-124.04454
WDR100030207,2022,235102,Klamath CSD STP (Del Norte Community Development),* WDR Site,NORTH COAST RWQCB (REGION 1),N,NaN,WWTP,3/7/2023,41.53492,-124.04454
WDR100031449,2019,227962,Grenada Sanitary District STP,* WDR Site,NORTH COAST RWQCB (REGION 1),N,NaN,WWTP,8/7/2020,41.64724,-122.53064
WDR100031449,2020,227962,Grenada Sanitary District STP,* WDR Site,NORTH COAST RWQCB (REGION 1),N,NaN,WWTP,3/16/2021,41.64724,-122.53064
WDR100031449,2021,227962,Grenada Sanitary District STP,* WDR Site,NORTH COAST RWQCB (REGION 1),N,NaN,WWTP,4/19/2022,41.64724,-122.53064
WDR100031449,2022,227962,Grenada Sanitary District STP,* WDR Site,NORTH COAST RWQCB (REGION 1),N,NaN,WWTP,5/8/2023,41.64724,-122.53064
WDR100031640,2019,228109,Gualala WWTF,* WDR Site,NORTH COAST RWQCB (REGION 1),Y,N,WWTP RW,6/18/2020,38.76485,-123.51037
WDR100031640,2020,228109,Gualala WWTF,* WDR Site,NORTH COAST RWQCB (REGION 1),Y,N,WWTP RW,4/6/2021,38.76485,-123.51037
WDR100031640,2021,228109,Gualala WWTF,* WDR Site,NORTH COAST RWQCB (REGION 1),Y,N,WWTP RW,3/2/2022,38.76485,-123.51037
WDR100031640,2022,228109,Gualala WWTF,* WDR Site,NORTH COAST RWQCB (REGION 1),Y,Y,RWP,1/26/2023,38.76485,-123.51037
WDR100028110,2019,273111,Dos Palos WWTF,* WDR Site,CENTRAL VALLEY RWQCB (REGION 5F),N,NaN,WWTP,5/27/2020,36.98841,-120.6829
WDR100028110,2020,273111,Dos Palos WWTF,* WDR Site,CENTRAL VALLEY RWQCB (REGION 5F),N,NaN,WWTP,4/12/2021,36.98841,-120.6829
WDR100028110,2021,273111,Dos Palos WWTF,* WDR Site,CENTRAL VALLEY RWQCB (REGION 5F),Y,N,WWTP RW,2/10/2022,36.98841,-120.6829
WDR100028110,2022,273111,Dos Palos WWTF,* WDR Site,CENTRAL VALLEY RWQCB (REGION 5F),N,NaN,WWTP,3/7/2023,36.98841,-120.6829
WDR100031036,2019,230693,Hopland Public Utilities District,* WDR Site,NORTH COAST RWQCB (REGION 1),N,NaN,WWTP,6/9/2020,38.96684,-123.11246
WDR100031036,2020,230693,Hopland Public Utilities District,* WDR Site,NORTH COAST RWQCB (REGION 1),N,NaN,WWTP,4/22/2021,38.96684,-123.11246
WDR100031036,2021,230693,Hopland Public Utilities District,* WDR Site,NORTH COAST RWQCB (REGION 1),N,NaN,WWTP,2/24/2022,38.96684,-123.11246
WDR100031036,2022,230693,Hopland Public Utilities District,* WDR Site,NORTH COAST RWQCB (REGION 1),N,NaN,WWTP,1/24/2023,38.96684,-123.11246
WDR100034559,2019,256483,Soledad Wastewater Treatment Plant,* WDR Site,CENTRAL COAST RWQCB (REGION 3),Y,N,WWTP RW,8/10/2020,36.41905,-121.33814
WDR100034559,2020,256483,Soledad Wastewater Treatment Plant,* WDR Site,CENTRAL COAST RWQCB (REGION 3),Y,N,WWTP RW,10/15/2021,36.41905,-121.33814
WDR100034559,2021,256483,Soledad Wastewater Treatment Plant,* WDR Site,CENTRAL COAST RWQCB (REGION 3),N,NaN,WWTP,3/1/2022,36.41905,-121.33814
WDR100034559,2022,256483,Soledad Wastewater Treatment Plant,* WDR Site,CENTRAL COAST RWQCB (REGION 3),N,NaN,WWTP,2/26/2023,36.41905,-121.33814
WDR100032734,2019,273128,Parlier WWTF,* WDR Site,CENTRAL VALLEY RWQCB (REGION 5F),N,NaN,WWTP,7/24/2020,36.5991,-119.567715
WDR100032734,2020,273128,Parlier WWTF,* WDR Site,CENTRAL VALLEY RWQCB (REGION 5F),N,NaN,WWTP,2/12/2021,36.5991,-119.567715
WDR100032734,2021,273128,Parlier WWTF,* WDR Site,CENTRAL VALLEY RWQCB (REGION 5F),N,NaN,WWTP,1/24/2022,36.5991,-119.567715
WDR100032734,2022,273128,Parlier WWTF,* WDR Site,CENTRAL VALLEY RWQCB (REGION 5F),N,NaN,WWTP,4/18/2023,36.5991,-119.567715
WDR100030504,2019,201077,Madera Cnty #37-La Vina WWTF,* WDR Site,CENTRAL VALLEY RWQCB (REGION 5F),N,NaN,WWTP,4/14/2020,36.879944,-120.118793
WDR100030504,2020,201077,Madera Cnty #37-La Vina WWTF,* WDR Site,CENTRAL VALLEY RWQCB (REGION 5F),N,NaN,WWTP,2/17/2021,36.879944,-120.118793
WDR100030504,2021,201077,Madera Cnty #37-La Vina WWTF,* WDR Site,CENTRAL VALLEY RWQCB (REGION 5F),N,NaN,WWTP,3/28/2022,36.879944,-120.118793
WDR100030504,2022,201077,Madera Cnty #37-La Vina WWTF,* WDR Site,CENTRAL VALLEY RWQCB (REGION 5F),N,NaN,WWTP,2/13/2023,36.879944,-120.118793
WDR100030422,2019,236765,Leavitt Lake Sewage Treatment Ponds,* WDR Site,LAHONTAN RWQCB (REGION 6T),N,NaN,WWTP,7/2/2020,40.3738413,-120.5201054
WDR100030422,2021,236765,Leavitt Lake Sewage Treatment Ponds,* WDR Site,LAHONTAN RWQCB (REGION 6T),N,NaN,WWTP,2/1/2022,40.3738413,-120.5201054
WDR100030422,2020,236765,Leavitt Lake Sewage Treatment Ponds,* WDR Site,LAHONTAN RWQCB (REGION 6T),N,NaN,WWTP,2/16/2021,40.3738413,-120.5201054
WDR100030422,2022,236765,Leavitt Lake Sewage Treatment Ponds,* WDR Site,LAHONTAN RWQCB (REGION 6T),N,NaN,WWTP,2/2/2023,40.3738413,-120.5201054
WDR100030875,2019,273122,Los Banos WWTF,* WDR Site,CENTRAL VALLEY RWQCB (REGION 5F),N,NaN,WWTP,4/21/2020,37.085219,-120.814612
WDR100030875,2020,273122,Los Banos WWTF,* WDR Site,CENTRAL VALLEY RWQCB (REGION 5F),N,NaN,WWTP,4/26/2021,37.085219,-120.814612
WDR100030875,2021,273122,Los Banos WWTF,* WDR Site,CENTRAL VALLEY RWQCB (REGION 5F),N,NaN,WWTP,4/13/2022,37.085219,-120.814612
WDR100030875,2022,273122,Los Banos WWTF,* WDR Site,CENTRAL VALLEY RWQCB (REGION 5F),Y,N,WWTP RW,4/6/2023,37.085219,-120.814612
WDR100026684,2019,206355,Armona CSD WWTF,* WDR Site,CENTRAL VALLEY RWQCB (REGION 5F),N,NaN,WWTP,8/23/2020,36.30566,-119.70093
WDR100026684,2020,206355,Armona CSD WWTF,* WDR Site,CENTRAL VALLEY RWQCB (REGION 5F),N,NaN,WWTP,4/30/2021,36.30566,-119.70093
WDR100026684,2021,206355,Armona CSD WWTF,* WDR Site,CENTRAL VALLEY RWQCB (REGION 5F),N,NaN,WWTP,2/15/2022,36.30566,-119.70093
WDR100026684,2022,206355,Armona CSD WWTF,* WDR Site,CENTRAL VALLEY RWQCB (REGION 5F),N,NaN,WWTP,4/4/2023,36.30566,-119.70093
WDR100035058,2019,255832,"Redwood City Recycled Water (""Silicon Valley Clean Water"")",* WDR Site,SAN FRANCISCO BAY RWQCB (REGION 2),Y,N,WWTP RW,4/27/2020,37.542547,-122.229247
WDR100035058,2020,255832,"Redwood City Recycled Water (""Silicon Valley Clean Water"")",* WDR Site,SAN FRANCISCO BAY RWQCB (REGION 2),Y,N,WWTP RW,4/27/2021,37.542547,-122.229247
WDR100035058,2021,255832,"Redwood City Recycled Water (""Silicon Valley Clean Water"")",* WDR Site,SAN FRANCISCO BAY RWQCB (REGION 2),Y,N,WWTP RW,4/28/2022,37.542547,-122.229247
WDR100035058,2022,255832,"Redwood City Recycled Water (""Silicon Valley Clean Water"")",* WDR Site,SAN FRANCISCO BAY RWQCB (REGION 2),Y,N,WWTP RW,4/26/2023,37.542547,-122.229247
WDR100031700,2019,273116,Gustine WWTF,* WDR Site,CENTRAL VALLEY RWQCB (REGION 5F),N,NaN,WWTP,4/27/2021,37.25295,-120.96484
WDR100031700,2021,273116,Gustine WWTF,* WDR Site,CENTRAL VALLEY RWQCB (REGION 5F),N,NaN,WWTP,1/26/2022,37.25295,-120.96484
WDR100031700,2020,273116,Gustine WWTF,* WDR Site,CENTRAL VALLEY RWQCB (REGION 5F),N,NaN,WWTP,4/27/2021,37.25295,-120.96484
WDR100031700,2022,273116,Gustine WWTF,* WDR Site,CENTRAL VALLEY RWQCB (REGION 5F),N,NaN,WWTP,1/24/2023,37.25295,-120.96484
WDR100031616,2019,273172,Ivanhoe WWTF,* WDR Site,CENTRAL VALLEY RWQCB (REGION 5F),Y,Y,RWP,4/27/2021,36.3807,-119.23343
WDR100031616,2020,273172,Ivanhoe WWTF,* WDR Site,CENTRAL VALLEY RWQCB (REGION 5F),Y,Y,RWP,4/27/2021,36.3807,-119.23343
WDR100031616,2021,273172,Ivanhoe WWTF,* WDR Site,CENTRAL VALLEY RWQCB (REGION 5F),Y,Y,RWP,2/16/2022,36.3807,-119.23343
WDR100031616,2022,273172,Ivanhoe WWTF,* WDR Site,CENTRAL VALLEY RWQCB (REGION 5F),Y,Y,RWP,2/1/2023,36.3807,-119.23343
WDR100028547,2019,273169,Earlimart WWTF,* WDR Site,CENTRAL VALLEY RWQCB (REGION 5F),N,NaN,WWTP,6/29/2020,35.88313,-119.29868
WDR100028547,2020,273169,Earlimart WWTF,* WDR Site,CENTRAL VALLEY RWQCB (REGION 5F),N,NaN,WWTP,4/30/2021,35.88313,-119.29868
WDR100028547,2021,273169,Earlimart WWTF,* WDR Site,CENTRAL VALLEY RWQCB (REGION 5F),N,NaN,WWTP,4/28/2022,35.88313,-119.29868
WDR100028547,2022,273169,Earlimart WWTF,* WDR Site,CENTRAL VALLEY RWQCB (REGION 5F),N,NaN,WWTP,4/26/2023,35.88313,-119.29868
WDR100037267,2020,256309,Sequoia Field WWTF,* WDR Site,CENTRAL VALLEY RWQCB (REGION 5F),N,NaN,WWTP,11/29/2021,36.44358,-119.32263
WDR100037267,2021,256309,Sequoia Field WWTF,* WDR Site,CENTRAL VALLEY RWQCB (REGION 5F),N,NaN,WWTP,4/5/2022,36.44358,-119.32263
WDR100037267,2022,256309,Sequoia Field WWTF,* WDR Site,CENTRAL VALLEY RWQCB (REGION 5F),N,NaN,WWTP,4/25/2023,36.44358,-119.32263
WDR100030805,2019,273121,Lindsay WWTF,* WDR Site,CENTRAL VALLEY RWQCB (REGION 5F),N,NaN,WWTP,6/9/2020,36.21826,-119.13634
WDR100030805,2020,273121,Lindsay WWTF,* WDR Site,CENTRAL VALLEY RWQCB (REGION 5F),N,NaN,WWTP,2/11/2021,36.21826,-119.13634
WDR100030805,2021,273121,Lindsay WWTF,* WDR Site,CENTRAL VALLEY RWQCB (REGION 5F),N,NaN,WWTP,1/10/2022,36.21826,-119.13634
WDR100030805,2022,273121,Lindsay WWTF,* WDR Site,CENTRAL VALLEY RWQCB (REGION 5F),N,NaN,WWTP,4/28/2023,36.21826,-119.13634
WDR100032932,2019,273183,Poplar WWTF,* WDR Site,CENTRAL VALLEY RWQCB (REGION 5F),N,NaN,WWTP,6/29/2020,36.04784,-119.1523
WDR100032932,2021,273183,Poplar WWTF,* WDR Site,CENTRAL VALLEY RWQCB (REGION 5F),Y,N,WWTP RW,8/3/2022,36.04784,-119.1523
WDR100032932,2020,273183,Poplar WWTF,* WDR Site,CENTRAL VALLEY RWQCB (REGION 5F),Y,N,WWTP RW,4/7/2022,36.04784,-119.1523
WDR100032932,2022,273183,Poplar WWTF,* WDR Site,CENTRAL VALLEY RWQCB (REGION 5F),Y,Y,RWP,5/3/2023,36.04784,-119.1523
WDR100028275,2019,273114,Firebaugh WWTF,* WDR Site,CENTRAL VALLEY RWQCB (REGION 5F),N,NaN,WWTP,3/25/2021,36.839007,-120.437363
WDR100028275,2020,273114,Firebaugh WWTF,* WDR Site,CENTRAL VALLEY RWQCB (REGION 5F),N,NaN,WWTP,3/26/2021,36.839007,-120.437363
WDR100028275,2021,273114,Firebaugh WWTF,* WDR Site,CENTRAL VALLEY RWQCB (REGION 5F),N,NaN,WWTP,4/29/2022,36.839007,-120.437363
WDR100028275,2022,273114,Firebaugh WWTF,* WDR Site,CENTRAL VALLEY RWQCB (REGION 5F),N,NaN,WWTP,4/28/2023,36.839007,-120.437363
WDR100033194,2019,274513,Yosemite West MD WWTF,* WDR Site,CENTRAL VALLEY RWQCB (REGION 5F),N,NaN,WWTP,4/28/2020,37.65637,-119.72624
WDR100033194,2020,274513,Yosemite West MD WWTF,* WDR Site,CENTRAL VALLEY RWQCB (REGION 5F),N,NaN,WWTP,4/20/2021,37.65637,-119.72624
WDR100033194,2021,274513,Yosemite West MD WWTF,* WDR Site,CENTRAL VALLEY RWQCB (REGION 5F),N,NaN,WWTP,3/29/2022,37.65637,-119.72624
WDR100033194,2022,274513,Yosemite West MD WWTF,* WDR Site,CENTRAL VALLEY RWQCB (REGION 5F),N,NaN,WWTP,5/3/2023,37.65637,-119.72624
WDR100028707,2019,201080,Fresno Cnty #41-Shaver Lake WWTF,* WDR Site,CENTRAL VALLEY RWQCB (REGION 5F),N,NaN,WWTP,6/10/2020,37.07921,-119.34744
WDR100028707,2020,201080,Fresno Cnty #41-Shaver Lake WWTF,* WDR Site,CENTRAL VALLEY RWQCB (REGION 5F),N,NaN,WWTP,4/30/2021,37.07921,-119.34744
WDR100028707,2021,201080,Fresno Cnty #41-Shaver Lake WWTF,* WDR Site,CENTRAL VALLEY RWQCB (REGION 5F),N,NaN,WWTP,4/25/2022,37.07921,-119.34744
WDR100028707,2022,201080,Fresno Cnty #41-Shaver Lake WWTF,* WDR Site,CENTRAL VALLEY RWQCB (REGION 5F),N,NaN,WWTP,4/26/2023,37.07921,-119.34744
WDR100027542,2019,215698,Corcoran State Prison WWTF,* WDR Site,CENTRAL VALLEY RWQCB (REGION 5F),Y,N,WWTP RW,10/23/2020,36.06023,-119.55285
WDR100027542,2020,215698,Corcoran State Prison WWTF,* WDR Site,CENTRAL VALLEY RWQCB (REGION 5F),Y,N,WWTP RW,1/15/2022,36.06023,-119.55285
WDR100027542,2021,215698,Corcoran State Prison WWTF,* WDR Site,CENTRAL VALLEY RWQCB (REGION 5F),Y,N,WWTP RW,4/25/2022,36.06023,-119.55285
WDR100027542,2022,215698,Corcoran State Prison WWTF,* WDR Site,CENTRAL VALLEY RWQCB (REGION 5F),Y,N,WWTP RW,4/25/2023,36.06023,-119.55285
WDR100030604,2019,273120,Lemoore WWTF,* WDR Site,CENTRAL VALLEY RWQCB (REGION 5F),N,NaN,WWTP,7/15/2021,36.30022,-119.81534
WDR100030604,2020,273120,Lemoore WWTF,* WDR Site,CENTRAL VALLEY RWQCB (REGION 5F),N,NaN,WWTP,7/14/2021,36.30022,-119.81534
WDR100030604,2021,273120,Lemoore WWTF,* WDR Site,CENTRAL VALLEY RWQCB (REGION 5F),N,NaN,WWTP,4/5/2022,36.30022,-119.81534
WDR100030604,2022,273120,Lemoore WWTF,* WDR Site,CENTRAL VALLEY RWQCB (REGION 5F),N,NaN,WWTP,4/25/2023,36.30022,-119.81534
WDR100028422,2019,273109,Delano WWTF,* WDR Site,CENTRAL VALLEY RWQCB (REGION 5F),N,NaN,WWTP,7/13/2020,35.770228,-119.303253
WDR100028422,2020,273109,Delano WWTF,* WDR Site,CENTRAL VALLEY RWQCB (REGION 5F),N,NaN,WWTP,2/16/2021,35.770228,-119.303253
WDR100028422,2022,273109,Delano WWTF,* WDR Site,CENTRAL VALLEY RWQCB (REGION 5F),N,NaN,WWTP,1/26/2023,35.770228,-119.303253
WDR100028422,2021,273109,Delano WWTF,* WDR Site,CENTRAL VALLEY RWQCB (REGION 5F),N,NaN,WWTP,3/29/2022,35.770228,-119.303253
WDR100037340,2019,266720,Tuolumne City WWTP,* WDR Site,CENTRAL VALLEY RWQCB (REGION 5F),Y,N,WWTP RW,4/17/2020,37.955025,-120.246063
WDR100037340,2021,266720,Tuolumne City WWTP,* WDR Site,CENTRAL VALLEY RWQCB (REGION 5F),Y,N,WWTP RW,2/10/2022,37.955025,-120.246063
WDR100037340,2020,266720,Tuolumne City WWTP,* WDR Site,CENTRAL VALLEY RWQCB (REGION 5F),Y,N,WWTP RW,4/27/2021,37.955025,-120.246063
WDR100037340,2022,266720,Tuolumne City WWTP,* WDR Site,CENTRAL VALLEY RWQCB (REGION 5F),Y,N,WWTP RW,2/24/2023,37.955025,-120.246063
WDR100034185,2019,259230,STPUD Wastewater Treatment Plant,* WDR Site,LAHONTAN RWQCB (REGION 6T),Y,N,WWTP RW,6/27/2020,38.921379,-119.971178
WDR100034185,2020,259230,STPUD Wastewater Treatment Plant,* WDR Site,LAHONTAN RWQCB (REGION 6T),Y,N,WWTP RW,4/29/2021,38.921379,-119.971178
WDR100034185,2021,259230,STPUD Wastewater Treatment Plant,* WDR Site,LAHONTAN RWQCB (REGION 6T),Y,N,WWTP RW,4/20/2022,38.921379,-119.971178
WDR100034185,2022,259230,STPUD Wastewater Treatment Plant,* WDR Site,LAHONTAN RWQCB (REGION 6T),Y,N,WWTP RW,4/25/2023,38.921379,-119.971178
WDR100036941,2019,273138,Visalia Water Reclamation Facility (WRF),* WDR Site,CENTRAL VALLEY RWQCB (REGION 5F),Y,N,WWTP RW,3/17/2020,36.31234,-119.40435
WDR100036941,2020,273138,Visalia Water Reclamation Facility (WRF),* WDR Site,CENTRAL VALLEY RWQCB (REGION 5F),Y,N,WWTP RW,5/24/2021,36.31234,-119.40435
WDR100036941,2021,273138,Visalia Water Reclamation Facility (WRF),* WDR Site,CENTRAL VALLEY RWQCB (REGION 5F),Y,N,WWTP RW,6/30/2022,36.31234,-119.40435
WDR100036941,2022,273138,Visalia Water Reclamation Facility (WRF),* WDR Site,CENTRAL VALLEY RWQCB (REGION 5F),Y,N,WWTP RW,2/10/2023,36.31234,-119.40435
WDR100030863,2019,237123,Lion's Gate Reserve,* WDR Site,CENTRAL COAST RWQCB (REGION 3),N,NaN,WWTP,12/18/2020,37.06829,-121.61994
WDR100030863,2020,237123,Lion's Gate Reserve,* WDR Site,CENTRAL COAST RWQCB (REGION 3),N,NaN,WWTP,4/28/2021,37.06829,-121.61994
WDR100030863,2021,237123,Lion's Gate Reserve,* WDR Site,CENTRAL COAST RWQCB (REGION 3),N,NaN,WWTP,4/29/2022,37.06829,-121.61994
WDR100030863,2022,237123,Lion's Gate Reserve,* WDR Site,CENTRAL COAST RWQCB (REGION 3),N,NaN,WWTP,4/21/2023,37.06829,-121.61994
WDR100036876,2019,761903,VVWRA- Sub-Regional Plant-Hesperia,* WDR Site,LAHONTAN RWQCB (REGION 6V),N,NaN,WWTP,6/30/2020,34.442628,-117.352494
WDR100036876,2020,761903,VVWRA- Sub-Regional Plant-Hesperia,* WDR Site,LAHONTAN RWQCB (REGION 6V),N,NaN,WWTP,5/3/2021,34.442628,-117.352494
WDR100036876,2021,761903,VVWRA- Sub-Regional Plant-Hesperia,* WDR Site,LAHONTAN RWQCB (REGION 6V),Y,N,WWTP RW,4/6/2022,34.442628,-117.352494
WDR100036876,2022,761903,VVWRA- Sub-Regional Plant-Hesperia,* WDR Site,LAHONTAN RWQCB (REGION 6V),Y,N,WWTP RW,4/26/2023,34.442628,-117.352494
WDR100036875,2019,761913,VVWRA Sub-Regional Plant-Apple Valley,* WDR Site,LAHONTAN RWQCB (REGION 6V),N,NaN,WWTP,6/30/2020,34.544278,-117.204514
WDR100036875,2020,761913,VVWRA Sub-Regional Plant-Apple Valley,* WDR Site,LAHONTAN RWQCB (REGION 6V),N,NaN,WWTP,5/3/2021,34.544278,-117.204514
WDR100036875,2021,761913,VVWRA Sub-Regional Plant-Apple Valley,* WDR Site,LAHONTAN RWQCB (REGION 6V),Y,N,WWTP RW,4/6/2022,34.544278,-117.204514
WDR100036875,2022,761913,VVWRA Sub-Regional Plant-Apple Valley,* WDR Site,LAHONTAN RWQCB (REGION 6V),Y,N,WWTP RW,4/26/2023,34.544278,-117.204514
WDR100028711,2019,201083,Fresno Cnty #47-Quail Lake WWTF,* WDR Site,CENTRAL VALLEY RWQCB (REGION 5F),Y,N,WWTP RW,6/9/2020,36.79737,-119.59778
WDR100028711,2020,201083,Fresno Cnty #47-Quail Lake WWTF,* WDR Site,CENTRAL VALLEY RWQCB (REGION 5F),Y,N,WWTP RW,4/29/2021,36.79737,-119.59778
WDR100028711,2021,201083,Fresno Cnty #47-Quail Lake WWTF,* WDR Site,CENTRAL VALLEY RWQCB (REGION 5F),Y,N,WWTP RW,2/15/2022,36.79737,-119.59778
WDR100028711,2022,201083,Fresno Cnty #47-Quail Lake WWTF,* WDR Site,CENTRAL VALLEY RWQCB (REGION 5F),Y,N,WWTP RW,7/7/2023,36.79737,-119.59778
WDR100036232,2019,209031,Bear Valley MHP WTF,* WDR Site,LAHONTAN RWQCB (REGION 6V),N,NaN,WWTP,5/5/2020,34.475161,-117.165958
WDR100036232,2020,209031,Bear Valley MHP WTF,* WDR Site,LAHONTAN RWQCB (REGION 6V),N,NaN,WWTP,5/17/2021,34.475161,-117.165958
WDR100036232,2021,209031,Bear Valley MHP WTF,* WDR Site,LAHONTAN RWQCB (REGION 6V),N,NaN,WWTP,4/5/2022,34.475161,-117.165958
WDR100036232,2022,209031,Bear Valley MHP WTF,* WDR Site,LAHONTAN RWQCB (REGION 6V),N,NaN,WWTP,1/12/2023,34.475161,-117.165958
WDR100030481,2019,236786,Lee Vining WTF,* WDR Site,LAHONTAN RWQCB (REGION 6V),N,NaN,WWTP,6/23/2020,37.96086,-119.11831
WDR100030481,2020,236786,Lee Vining WTF,* WDR Site,LAHONTAN RWQCB (REGION 6V),N,NaN,WWTP,4/29/2021,37.96086,-119.11831
WDR100030481,2021,236786,Lee Vining WTF,* WDR Site,LAHONTAN RWQCB (REGION 6V),N,NaN,WWTP,4/29/2022,37.96086,-119.11831
WDR100030481,2022,236786,Lee Vining WTF,* WDR Site,LAHONTAN RWQCB (REGION 6V),N,NaN,WWTP,4/28/2023,37.96086,-119.11831
WDR100030626,2019,237459,Los Ranchos MHP,* WDR Site,LAHONTAN RWQCB (REGION 6V),N,NaN,WWTP,5/6/2020,34.556919,-117.208581
WDR100030626,2020,237459,Los Ranchos MHP,* WDR Site,LAHONTAN RWQCB (REGION 6V),N,NaN,WWTP,5/17/2021,34.556919,-117.208581
WDR100030626,2022,237459,Los Ranchos MHP,* WDR Site,LAHONTAN RWQCB (REGION 6V),N,NaN,WWTP,1/12/2023,34.556919,-117.208581
WDR100030626,2021,237459,Los Ranchos MHP,* WDR Site,LAHONTAN RWQCB (REGION 6V),N,NaN,WWTP,4/5/2022,34.556919,-117.208581
WDR100029906,2019,273107,Coalinga WWTF,* WDR Site,CENTRAL VALLEY RWQCB (REGION 5F),Y,N,WWTP RW,4/23/2020,36.14357,-120.338
WDR100029906,2020,273107,Coalinga WWTF,* WDR Site,CENTRAL VALLEY RWQCB (REGION 5F),Y,N,WWTP RW,3/26/2021,36.14357,-120.338
WDR100029906,2021,273107,Coalinga WWTF,* WDR Site,CENTRAL VALLEY RWQCB (REGION 5F),Y,N,WWTP RW,3/28/2022,36.14357,-120.338
WDR100029906,2022,273107,Coalinga WWTF,* WDR Site,CENTRAL VALLEY RWQCB (REGION 5F),N,NaN,WWTP,4/20/2023,36.14357,-120.338
WDR100033952,2019,239283,Mammoth CWD STP,* WDR Site,LAHONTAN RWQCB (REGION 6V),Y,N,WWTP RW,3/30/2020,37.639349,-118.944544
WDR100033952,2020,239283,Mammoth CWD STP,* WDR Site,LAHONTAN RWQCB (REGION 6V),Y,N,WWTP RW,1/13/2021,37.639349,-118.944544
WDR100033952,2021,239283,Mammoth CWD STP,* WDR Site,LAHONTAN RWQCB (REGION 6V),Y,N,WWTP RW,1/20/2022,37.639349,-118.944544
WDR100033952,2022,239283,Mammoth CWD STP,* WDR Site,LAHONTAN RWQCB (REGION 6V),Y,N,WWTP RW,4/4/2023,37.639349,-118.944544
WDR100031716,2019,273141,Hilmar CWD WWTF,* WDR Site,CENTRAL VALLEY RWQCB (REGION 5F),N,NaN,WWTP,4/24/2020,37.38664,-120.81392
WDR100031716,2020,273141,Hilmar CWD WWTF,* WDR Site,CENTRAL VALLEY RWQCB (REGION 5F),N,NaN,WWTP,4/26/2021,37.38664,-120.81392
WDR100031716,2021,273141,Hilmar CWD WWTF,* WDR Site,CENTRAL VALLEY RWQCB (REGION 5F),N,NaN,WWTP,4/22/2022,37.38664,-120.81392
WDR100031716,2022,273141,Hilmar CWD WWTF,* WDR Site,CENTRAL VALLEY RWQCB (REGION 5F),N,NaN,WWTP,4/27/2023,37.38664,-120.81392
WDR100029026,2019,263168,Tenaya Lodge Wastewater Treatment Plant,* WDR Site,CENTRAL VALLEY RWQCB (REGION 5F),N,NaN,WWTP,6/14/2020,37.47817,-119.63914
WDR100029026,2020,263168,Tenaya Lodge Wastewater Treatment Plant,* WDR Site,CENTRAL VALLEY RWQCB (REGION 5F),N,NaN,WWTP,4/26/2021,37.47817,-119.63914
WDR100029026,2021,263168,Tenaya Lodge Wastewater Treatment Plant,* WDR Site,CENTRAL VALLEY RWQCB (REGION 5F),N,NaN,WWTP,4/13/2022,37.47817,-119.63914
WDR100029026,2022,263168,Tenaya Lodge Wastewater Treatment Plant,* WDR Site,CENTRAL VALLEY RWQCB (REGION 5F),N,NaN,WWTP,4/5/2023,37.47817,-119.63914
WDR100036612,2019,241774,Mountain High West Package Plant,* WDR Site,LAHONTAN RWQCB (REGION 6V),N,NaN,WWTP,3/22/2020,34.37984,-117.69225
WDR100036612,2020,241774,Mountain High West Package Plant,* WDR Site,LAHONTAN RWQCB (REGION 6V),N,NaN,WWTP,2/13/2021,34.37984,-117.69225
WDR100036612,2021,241774,Mountain High West Package Plant,* WDR Site,LAHONTAN RWQCB (REGION 6V),N,NaN,WWTP,1/14/2022,34.37984,-117.69225
WDR100036612,2022,241774,Mountain High West Package Plant,* WDR Site,LAHONTAN RWQCB (REGION 6V),N,NaN,WWTP,1/26/2023,34.37984,-117.69225
WDR100034962,2019,228016,Grizzly Creek Ranch WWTF,* WDR Site,CENTRAL VALLEY RWQCB (REGION 5R),N,NaN,WWTP,8/26/2020,39.837308,-120.420619
WDR100034962,2020,228016,Grizzly Creek Ranch WWTF,* WDR Site,CENTRAL VALLEY RWQCB (REGION 5R),Y,N,WWTP RW,4/13/2021,39.837308,-120.420619
WDR100034962,2021,228016,Grizzly Creek Ranch WWTF,* WDR Site,CENTRAL VALLEY RWQCB (REGION 5R),N,NaN,WWTP,4/5/2022,39.837308,-120.420619
WDR100034962,2022,228016,Grizzly Creek Ranch WWTF,* WDR Site,CENTRAL VALLEY RWQCB (REGION 5R),N,NaN,WWTP,3/17/2023,39.837308,-120.420619
WDR100029136,2019,259185,CIM WWTP,* WDR Site,SANTA ANA RWQCB (REGION 8),N,NaN,WWTP,6/23/2020,33.982673,-117.688912
WDR100029136,2020,259185,CIM WWTP,* WDR Site,SANTA ANA RWQCB (REGION 8),N,NaN,WWTP,4/28/2021,33.982673,-117.688912
WDR100029136,2021,259185,CIM WWTP,* WDR Site,SANTA ANA RWQCB (REGION 8),N,NaN,WWTP,2/6/2022,33.982673,-117.688912
WDR100029136,2022,259185,CIM WWTP,* WDR Site,SANTA ANA RWQCB (REGION 8),N,NaN,WWTP,3/19/2023,33.982673,-117.688912
WDR100026834,2019,241649,Mountain View Villas,* WDR Site,LAHONTAN RWQCB (REGION 6V),N,NaN,WWTP,5/5/2020,34.462373,-117.19198
WDR100026834,2020,241649,Mountain View Villas,* WDR Site,LAHONTAN RWQCB (REGION 6V),N,NaN,WWTP,5/17/2021,34.462373,-117.19198
WDR100026834,2022,241649,Mountain View Villas,* WDR Site,LAHONTAN RWQCB (REGION 6V),N,NaN,WWTP,1/12/2023,34.462373,-117.19198
WDR100026834,2021,241649,Mountain View Villas,* WDR Site,LAHONTAN RWQCB (REGION 6V),N,NaN,WWTP,4/5/2022,34.462373,-117.19198
WDR100036794,2019,220928,DVNM HDQ Furnace Creek WWTF,* WDR Site,LAHONTAN RWQCB (REGION 6V),N,NaN,WWTP,7/24/2020,36.467433,-116.884389
WDR100036794,2020,220928,DVNM HDQ Furnace Creek WWTF,* WDR Site,LAHONTAN RWQCB (REGION 6V),N,NaN,WWTP,4/29/2021,36.467433,-116.884389
WDR100036794,2021,220928,DVNM HDQ Furnace Creek WWTF,* WDR Site,LAHONTAN RWQCB (REGION 6V),N,NaN,WWTP,4/19/2022,36.467433,-116.884389
WDR100036794,2022,220928,DVNM HDQ Furnace Creek WWTF,* WDR Site,LAHONTAN RWQCB (REGION 6V),N,NaN,WWTP,4/13/2023,36.467433,-116.884389
WDR100037539,2019,253412,Rovana Housing Package STP,* WDR Site,LAHONTAN RWQCB (REGION 6V),N,NaN,WWTP,4/21/2020,37.412598,-118.604681
WDR100037539,2021,253412,Rovana Housing Package STP,* WDR Site,LAHONTAN RWQCB (REGION 6V),N,NaN,WWTP,1/19/2022,37.412598,-118.604681
WDR100037539,2020,253412,Rovana Housing Package STP,* WDR Site,LAHONTAN RWQCB (REGION 6V),N,NaN,WWTP,3/15/2021,37.412598,-118.604681
WDR100037539,2022,253412,Rovana Housing Package STP,* WDR Site,LAHONTAN RWQCB (REGION 6V),N,NaN,WWTP,4/14/2023,37.412598,-118.604681
WDR100035875,2019,253241,Rolling Green Terrace WTF,* WDR Site,LAHONTAN RWQCB (REGION 6V),N,NaN,WWTP,10/29/2020,37.186278,-118.29867
WDR100035875,2021,253241,Rolling Green Terrace WTF,* WDR Site,LAHONTAN RWQCB (REGION 6V),N,NaN,WWTP,1/16/2022,37.186278,-118.29867
WDR100035875,2020,253241,Rolling Green Terrace WTF,* WDR Site,LAHONTAN RWQCB (REGION 6V),Y,N,WWTP RW,9/30/2021,37.186278,-118.29867
WDR100030876,2019,272758,Windflower Point STP,* WDR Site,CENTRAL VALLEY RWQCB (REGION 5S),N,NaN,WWTP,8/28/2020,39.00772,-122.7307
WDR100030876,2020,272758,Windflower Point STP,* WDR Site,CENTRAL VALLEY RWQCB (REGION 5S),N,NaN,WWTP,4/30/2021,39.00772,-122.7307
WDR100030876,2021,272758,Windflower Point STP,* WDR Site,CENTRAL VALLEY RWQCB (REGION 5S),N,NaN,WWTP,4/30/2022,39.00772,-122.7307
WDR100030876,2022,272758,Windflower Point STP,* WDR Site,CENTRAL VALLEY RWQCB (REGION 5S),N,NaN,WWTP,2/26/2023,39.00772,-122.7307
WDR100037593,2019,253121,Rock Creek Area WTP,* WDR Site,LAHONTAN RWQCB (REGION 6V),N,NaN,WWTP,4/28/2020,37.559515,-118.675252
WDR100037593,2021,253121,Rock Creek Area WTP,* WDR Site,LAHONTAN RWQCB (REGION 6V),N,NaN,WWTP,3/11/2022,37.559515,-118.675252
WDR100037593,2020,253121,Rock Creek Area WTP,* WDR Site,LAHONTAN RWQCB (REGION 6V),N,NaN,WWTP,4/19/2021,37.559515,-118.675252
WDR100037593,2022,253121,Rock Creek Area WTP,* WDR Site,LAHONTAN RWQCB (REGION 6V),N,NaN,WWTP,7/31/2023,37.559515,-118.675252
WDR100030395,2019,234123,June Lake PUD STP,* WDR Site,LAHONTAN RWQCB (REGION 6V),N,NaN,WWTP,3/27/2020,37.875698,-119.092331
WDR100030395,2021,234123,June Lake PUD STP,* WDR Site,LAHONTAN RWQCB (REGION 6V),N,NaN,WWTP,1/11/2022,37.875698,-119.092331
WDR100030395,2020,234123,June Lake PUD STP,* WDR Site,LAHONTAN RWQCB (REGION 6V),N,NaN,WWTP,1/13/2021,37.875698,-119.092331
WDR100030395,2022,234123,June Lake PUD STP,* WDR Site,LAHONTAN RWQCB (REGION 6V),N,NaN,WWTP,1/12/2023,37.875698,-119.092331
WDR100031419,2019,232625,Inyokern CSD WTF,* WDR Site,LAHONTAN RWQCB (REGION 6V),N,NaN,WWTP,6/4/2020,35.66359,-117.81366
WDR100031419,2020,232625,Inyokern CSD WTF,* WDR Site,LAHONTAN RWQCB (REGION 6V),N,NaN,WWTP,1/19/2021,35.66359,-117.81366
WDR100031419,2021,232625,Inyokern CSD WTF,* WDR Site,LAHONTAN RWQCB (REGION 6V),N,NaN,WWTP,1/10/2022,35.66359,-117.81366
WDR100031419,2022,232625,Inyokern CSD WTF,* WDR Site,LAHONTAN RWQCB (REGION 6V),N,NaN,WWTP,1/13/2023,35.66359,-117.81366
WDR100033535,2020,241264,Montague STP,* WDR Site,NORTH COAST RWQCB (REGION 1),Y,N,WWTP RW,7/29/2021,41.73401,-122.53957
WDR100033535,2021,241264,Montague STP,* WDR Site,NORTH COAST RWQCB (REGION 1),Y,N,WWTP RW,4/14/2022,41.73401,-122.53957
WDR100033535,2022,241264,Montague STP,* WDR Site,NORTH COAST RWQCB (REGION 1),Y,N,WWTP RW,4/19/2023,41.73401,-122.53957
WDR100036522,2019,271945,Weed WWTP,* WDR Site,NORTH COAST RWQCB (REGION 1),Y,N,WWTP RW,11/2/2020,41.43869,-122.40343
WDR100036522,2021,271945,Weed WWTP,* WDR Site,NORTH COAST RWQCB (REGION 1),Y,N,WWTP RW,3/31/2022,41.43869,-122.40343
WDR100036522,2020,271945,Weed WWTP,* WDR Site,NORTH COAST RWQCB (REGION 1),Y,N,WWTP RW,2/23/2021,41.43869,-122.40343
WDR100036522,2022,271945,Weed WWTP,* WDR Site,NORTH COAST RWQCB (REGION 1),Y,N,WWTP RW,4/20/2023,41.43869,-122.40343
WDR100029584,2019,213313,Carneros Inn WWTP & Recycled Water,* WDR Site,SAN FRANCISCO BAY RWQCB (REGION 2),Y,N,WWTP RW,10/13/2020,38.257737,-122.303481
WDR100029584,2020,213313,Carneros Inn WWTP & Recycled Water,* WDR Site,SAN FRANCISCO BAY RWQCB (REGION 2),Y,N,WWTP RW,2/25/2021,38.257737,-122.303481
WDR100029584,2021,213313,Carneros Inn WWTP & Recycled Water,* WDR Site,SAN FRANCISCO BAY RWQCB (REGION 2),Y,N,WWTP RW,4/5/2022,38.257737,-122.303481
WDR100029584,2022,213313,Carneros Inn WWTP & Recycled Water,* WDR Site,SAN FRANCISCO BAY RWQCB (REGION 2),Y,N,WWTP RW,3/20/2023,38.257737,-122.303481
WDR100031582,2019,228104,Guadalupe WWTP,* WDR Site,CENTRAL COAST RWQCB (REGION 3),Y,N,WWTP RW,4/22/2020,34.96174,-120.5899
WDR100031582,2021,228104,Guadalupe WWTP,* WDR Site,CENTRAL COAST RWQCB (REGION 3),Y,N,WWTP RW,1/10/2022,34.96174,-120.5899
WDR100031582,2020,228104,Guadalupe WWTP,* WDR Site,CENTRAL COAST RWQCB (REGION 3),Y,N,WWTP RW,2/11/2021,34.96174,-120.5899
WDR100031582,2022,228104,Guadalupe WWTP,* WDR Site,CENTRAL COAST RWQCB (REGION 3),Y,N,WWTP RW,2/7/2023,34.96174,-120.5899
WDR100030112,2019,237395,Los Alamos WWTP,* WDR Site,CENTRAL COAST RWQCB (REGION 3),N,NaN,WWTP,6/19/2020,34.75348,-120.29377
WDR100030112,2020,237395,Los Alamos WWTP,* WDR Site,CENTRAL COAST RWQCB (REGION 3),N,NaN,WWTP,10/19/2021,34.75348,-120.29377
WDR100030112,2021,237395,Los Alamos WWTP,* WDR Site,CENTRAL COAST RWQCB (REGION 3),N,NaN,WWTP,3/8/2022,34.75348,-120.29377
WDR100030112,2022,237395,Los Alamos WWTP,* WDR Site,CENTRAL COAST RWQCB (REGION 3),N,NaN,WWTP,3/8/2023,34.75348,-120.29377
WDR100027900,2019,259181,Big Bear WWRF,* WDR Site,SANTA ANA RWQCB (REGION 8),Y,N,WWTP RW,3/19/2020,34.26563,-116.81496
WDR100027900,2021,259181,Big Bear WWRF,* WDR Site,SANTA ANA RWQCB (REGION 8),Y,N,WWTP RW,3/15/2022,34.26563,-116.81496
WDR100027900,2020,259181,Big Bear WWRF,* WDR Site,SANTA ANA RWQCB (REGION 8),Y,N,WWTP RW,2/12/2021,34.26563,-116.81496
WDR100027900,2022,259181,Big Bear WWRF,* WDR Site,SANTA ANA RWQCB (REGION 8),N,NaN,WWTP,3/10/2023,34.26563,-116.81496
WDR100032021,2019,227602,Gonzales WWTP,* WDR Site,CENTRAL COAST RWQCB (REGION 3),N,NaN,WWTP,6/30/2020,36.48957,-121.47298
WDR100032021,2020,227602,Gonzales WWTP,* WDR Site,CENTRAL COAST RWQCB (REGION 3),N,NaN,WWTP,4/30/2021,36.48957,-121.47298
WDR100032021,2021,227602,Gonzales WWTP,* WDR Site,CENTRAL COAST RWQCB (REGION 3),N,NaN,WWTP,1/11/2022,36.48957,-121.47298
WDR100032021,2022,227602,Gonzales WWTP,* WDR Site,CENTRAL COAST RWQCB (REGION 3),N,NaN,WWTP,4/6/2023,36.48957,-121.47298
WDR100027223,2019,209847,Blythe Regional WW Reclamation Facilities,* WDR Site,COLORADO RIVER BASIN RWQCB (REGION 7),N,NaN,WWTP,4/8/2021,33.587905,-114.59634
WDR100027223,2020,209847,Blythe Regional WW Reclamation Facilities,* WDR Site,COLORADO RIVER BASIN RWQCB (REGION 7),N,NaN,WWTP,4/8/2021,33.587905,-114.59634
WDR100027223,2021,209847,Blythe Regional WW Reclamation Facilities,* WDR Site,COLORADO RIVER BASIN RWQCB (REGION 7),N,NaN,WWTP,1/10/2022,33.587905,-114.59634
WDR100027223,2022,209847,Blythe Regional WW Reclamation Facilities,* WDR Site,COLORADO RIVER BASIN RWQCB (REGION 7),N,NaN,WWTP,2/15/2023,33.587905,-114.59634
WDR100034388,2019,638757,Spalding Tract Sewer System,* WDR Site,LAHONTAN RWQCB (REGION 6T),N,NaN,WWTP,12/10/2020,40.68568,-120.79955
WDR100034388,2020,638757,Spalding Tract Sewer System,* WDR Site,LAHONTAN RWQCB (REGION 6T),N,NaN,WWTP,1/14/2021,40.68568,-120.79955
WDR100034388,2021,638757,Spalding Tract Sewer System,* WDR Site,LAHONTAN RWQCB (REGION 6T),N,NaN,WWTP,1/8/2022,40.68568,-120.79955
WDR100034388,2022,638757,Spalding Tract Sewer System,* WDR Site,LAHONTAN RWQCB (REGION 6T),N,NaN,WWTP,1/11/2023,40.68568,-120.79955
WDR100039533,2019,236190,Lake California WWTP,* WDR Site,CENTRAL VALLEY RWQCB (REGION 5R),Y,N,WWTP RW,3/16/2020,40.33475,-122.21147
WDR100039533,2021,236190,Lake California WWTP,* WDR Site,CENTRAL VALLEY RWQCB (REGION 5R),Y,N,WWTP RW,1/6/2022,40.33475,-122.21147
WDR100039533,2020,236190,Lake California WWTP,* WDR Site,CENTRAL VALLEY RWQCB (REGION 5R),Y,N,WWTP RW,2/16/2021,40.33475,-122.21147
WDR100039533,2022,236190,Lake California WWTP,* WDR Site,CENTRAL VALLEY RWQCB (REGION 5R),Y,N,WWTP RW,1/30/2023,40.33475,-122.21147
WDR100033948,2019,239291,Mammoth Mtn Ski Area WTF,* WDR Site,LAHONTAN RWQCB (REGION 6V),N,NaN,WWTP,4/29/2020,37.655602,-119.037096
WDR100033948,2020,239291,Mammoth Mtn Ski Area WTF,* WDR Site,LAHONTAN RWQCB (REGION 6V),N,NaN,WWTP,4/19/2021,37.655602,-119.037096
WDR100033948,2021,239291,Mammoth Mtn Ski Area WTF,* WDR Site,LAHONTAN RWQCB (REGION 6V),N,NaN,WWTP,5/5/2022,37.655602,-119.037096
WDR100033948,2022,239291,Mammoth Mtn Ski Area WTF,* WDR Site,LAHONTAN RWQCB (REGION 6V),N,NaN,WWTP,4/28/2023,37.655602,-119.037096
WDR100035760,2019,266519,Trona & Pioneer Point WTF,* WDR Site,LAHONTAN RWQCB (REGION 6V),N,NaN,WWTP,8/26/2020,35.789039,-117.36373
WDR100035760,2020,266519,Trona & Pioneer Point WTF,* WDR Site,LAHONTAN RWQCB (REGION 6V),N,NaN,WWTP,4/21/2021,35.789039,-117.36373
WDR100035760,2021,266519,Trona & Pioneer Point WTF,* WDR Site,LAHONTAN RWQCB (REGION 6V),N,NaN,WWTP,3/23/2022,35.789039,-117.36373
WDR100035760,2022,266519,Trona & Pioneer Point WTF,* WDR Site,LAHONTAN RWQCB (REGION 6V),N,NaN,WWTP,4/27/2023,35.789039,-117.36373
WDR100033942,2019,266223,Tracy WWTP,* WDR Site,CENTRAL VALLEY RWQCB (REGION 5S),N,NaN,WWTP,4/1/2020,37.76519,-121.42489
WDR100033942,2020,266223,Tracy WWTP,* WDR Site,CENTRAL VALLEY RWQCB (REGION 5S),N,NaN,WWTP,3/25/2021,37.76519,-121.42489
WDR100033942,2021,266223,Tracy WWTP,* WDR Site,CENTRAL VALLEY RWQCB (REGION 5S),N,NaN,WWTP,4/5/2022,37.76519,-121.42489
WDR100033942,2022,266223,Tracy WWTP,* WDR Site,CENTRAL VALLEY RWQCB (REGION 5S),N,NaN,WWTP,4/28/2023,37.76519,-121.42489
WDR100033554,2019,273124,Maricopa Wastewater Disposal Facility,* WDR Site,CENTRAL VALLEY RWQCB (REGION 5F),N,NaN,WWTP,6/29/2020,35.0609837,-119.3832433
WDR100033554,2021,273124,Maricopa Wastewater Disposal Facility,* WDR Site,CENTRAL VALLEY RWQCB (REGION 5F),N,NaN,WWTP,1/12/2022,35.0609837,-119.3832433
WDR100033554,2020,273124,Maricopa Wastewater Disposal Facility,* WDR Site,CENTRAL VALLEY RWQCB (REGION 5F),N,NaN,WWTP,5/6/2021,35.0609837,-119.3832433
WDR100033554,2022,273124,Maricopa Wastewater Disposal Facility,* WDR Site,CENTRAL VALLEY RWQCB (REGION 5F),N,NaN,WWTP,3/8/2023,35.0609837,-119.3832433
WDR100039456,2019,824178,Edward C. Little WRP- West Coast Basin Barrier Project - Expansion Phase III,* WDR Site,LOS ANGELES RWQCB (REGION 4),Y,Y,RWP,6/29/2020,33.90928,-118.39342
WDR100039456,2020,824178,Edward C. Little WRP- West Coast Basin Barrier Project - Expansion Phase III,* WDR Site,LOS ANGELES RWQCB (REGION 4),Y,Y,RWP,4/30/2021,33.90928,-118.39342
WDR100039456,2021,824178,Edward C. Little WRP- West Coast Basin Barrier Project - Expansion Phase III,* WDR Site,LOS ANGELES RWQCB (REGION 4),Y,Y,RWP,4/28/2022,33.90928,-118.39342
WDR100039456,2022,824178,Edward C. Little WRP- West Coast Basin Barrier Project - Expansion Phase III,* WDR Site,LOS ANGELES RWQCB (REGION 4),Y,Y,RWP,4/28/2023,33.90928,-118.39342
WDR100036177,2019,735700,Western MWD - Murrieta Division Area,* WDR Site,SAN DIEGO RWQCB (REGION 9),N,NaN,WWTP,6/11/2020,33.5562,-117.2109
WDR100036177,2020,735700,Western MWD - Murrieta Division Area,* WDR Site,SAN DIEGO RWQCB (REGION 9),N,NaN,WWTP,4/29/2021,33.5562,-117.2109
WDR100036177,2021,735700,Western MWD - Murrieta Division Area,* WDR Site,SAN DIEGO RWQCB (REGION 9),N,NaN,WWTP,4/28/2022,33.5562,-117.2109
WDR100036177,2022,735700,Western MWD - Murrieta Division Area,* WDR Site,SAN DIEGO RWQCB (REGION 9),N,NaN,WWTP,4/27/2023,33.5562,-117.2109
WDR100039680,2019,805968,Pure Water Monterey Groundwater Replenishment Project,* WDR Site,CENTRAL COAST RWQCB (REGION 3),N,NaN,WWTP,6/9/2020,36.7075,-121.771944
WDR100039680,2020,805968,Pure Water Monterey Groundwater Replenishment Project,* WDR Site,CENTRAL COAST RWQCB (REGION 3),Y,Y,RWP,4/30/2021,36.7075,-121.771944
WDR100039680,2021,805968,Pure Water Monterey Groundwater Replenishment Project,* WDR Site,CENTRAL COAST RWQCB (REGION 3),Y,Y,RWP,4/28/2022,36.7075,-121.771944
WDR100039680,2022,805968,Pure Water Monterey Groundwater Replenishment Project,* WDR Site,CENTRAL COAST RWQCB (REGION 3),Y,Y,RWP,4/27/2023,36.7075,-121.771944
WDR100037634,2019,272456,Whitehawk Ranch WWTP,* WDR Site,CENTRAL VALLEY RWQCB (REGION 5R),Y,N,WWTP RW,6/27/2020,39.72126,-120.54676
WDR100037634,2020,272456,Whitehawk Ranch WWTP,* WDR Site,CENTRAL VALLEY RWQCB (REGION 5R),Y,N,WWTP RW,4/27/2021,39.72126,-120.54676
WDR100037634,2021,272456,Whitehawk Ranch WWTP,* WDR Site,CENTRAL VALLEY RWQCB (REGION 5R),Y,N,WWTP RW,4/18/2022,39.72126,-120.54676
WDR100037634,2022,272456,Whitehawk Ranch WWTP,* WDR Site,CENTRAL VALLEY RWQCB (REGION 5R),Y,N,WWTP RW,4/26/2023,39.72126,-120.54676
WDR100039574,2019,822816,Los Osos Water Recycling Facility,* WDR Site,CENTRAL COAST RWQCB (REGION 3),Y,N,WWTP RW,4/30/2020,35.30821,-120.80028
WDR100039574,2020,822816,Los Osos Water Recycling Facility,* WDR Site,CENTRAL COAST RWQCB (REGION 3),Y,N,WWTP RW,4/1/2021,35.30821,-120.80028
WDR100039574,2021,822816,Los Osos Water Recycling Facility,* WDR Site,CENTRAL COAST RWQCB (REGION 3),Y,N,WWTP RW,3/22/2022,35.30821,-120.80028
WDR100039574,2022,822816,Los Osos Water Recycling Facility,* WDR Site,CENTRAL COAST RWQCB (REGION 3),Y,N,WWTP RW,4/4/2023,35.30821,-120.80028
WDR100030684,2019,201088,Madera Cnty #8A-North Fork WWTF,* WDR Site,CENTRAL VALLEY RWQCB (REGION 5F),N,NaN,WWTP,4/14/2020,37.23754,-119.50413
WDR100030684,2020,201088,Madera Cnty #8A-North Fork WWTF,* WDR Site,CENTRAL VALLEY RWQCB (REGION 5F),N,NaN,WWTP,2/17/2021,37.23754,-119.50413
WDR100030684,2021,201088,Madera Cnty #8A-North Fork WWTF,* WDR Site,CENTRAL VALLEY RWQCB (REGION 5F),N,NaN,WWTP,3/23/2022,37.23754,-119.50413
WDR100030684,2022,201088,Madera Cnty #8A-North Fork WWTF,* WDR Site,CENTRAL VALLEY RWQCB (REGION 5F),N,NaN,WWTP,2/13/2023,37.23754,-119.50413
WDR100039801,2019,216428,Cuyama CSD WWTP,* WDR Site,CENTRAL COAST RWQCB (REGION 3),Y,N,WWTP RW,4/23/2020,34.95129,-119.69422
WDR100039801,2020,216428,Cuyama CSD WWTP,* WDR Site,CENTRAL COAST RWQCB (REGION 3),Y,N,WWTP RW,4/27/2021,34.95129,-119.69422
WDR100039801,2021,216428,Cuyama CSD WWTP,* WDR Site,CENTRAL COAST RWQCB (REGION 3),Y,N,WWTP RW,4/25/2022,34.95129,-119.69422
WDR100039801,2022,216428,Cuyama CSD WWTP,* WDR Site,CENTRAL COAST RWQCB (REGION 3),Y,N,WWTP RW,4/20/2023,34.95129,-119.69422
WDR100033198,2019,239591,Markleeville Wstwtr Trtmnt Sys,* WDR Site,LAHONTAN RWQCB (REGION 6T),N,NaN,WWTP,4/29/2020,38.695069,-119.7759479
WDR100033198,2020,239591,Markleeville Wstwtr Trtmnt Sys,* WDR Site,LAHONTAN RWQCB (REGION 6T),N,NaN,WWTP,2/18/2021,38.695069,-119.7759479
WDR100033198,2021,239591,Markleeville Wstwtr Trtmnt Sys,* WDR Site,LAHONTAN RWQCB (REGION 6T),N,NaN,WWTP,4/20/2022,38.695069,-119.7759479
WDR100033198,2022,239591,Markleeville Wstwtr Trtmnt Sys,* WDR Site,LAHONTAN RWQCB (REGION 6T),N,NaN,WWTP,2/13/2023,38.695069,-119.7759479
WDR100030064,2019,233460,Jamestown Sanitary District Wastewater Treatment Facilities,* WDR Site,CENTRAL VALLEY RWQCB (REGION 5F),N,NaN,WWTP,8/7/2020,37.93175,-120.42976
WDR100030064,2020,233460,Jamestown Sanitary District Wastewater Treatment Facilities,* WDR Site,CENTRAL VALLEY RWQCB (REGION 5F),N,NaN,WWTP,4/20/2021,37.93175,-120.42976
WDR100030064,2021,233460,Jamestown Sanitary District Wastewater Treatment Facilities,* WDR Site,CENTRAL VALLEY RWQCB (REGION 5F),Y,N,WWTP RW,2/22/2022,37.93175,-120.42976
WDR100030064,2022,233460,Jamestown Sanitary District Wastewater Treatment Facilities,* WDR Site,CENTRAL VALLEY RWQCB (REGION 5F),Y,N,WWTP RW,2/17/2023,37.93175,-120.42976
WDR100035569,2019,647900,SCSD Thomas R. Cannell WWTP,* WDR Site,COLORADO RIVER BASIN RWQCB (REGION 7),N,NaN,WWTP,6/26/2020,NaN,NaN
WDR100035569,2020,647900,SCSD Thomas R. Cannell WWTP,* WDR Site,COLORADO RIVER BASIN RWQCB (REGION 7),N,NaN,WWTP,3/3/2021,NaN,NaN
WDR100035569,2021,647900,SCSD Thomas R. Cannell WWTP,* WDR Site,COLORADO RIVER BASIN RWQCB (REGION 7),N,NaN,WWTP,4/29/2022,NaN,NaN
WDR100035569,2022,647900,SCSD Thomas R. Cannell WWTP,* WDR Site,COLORADO RIVER BASIN RWQCB (REGION 7),N,NaN,WWTP,4/18/2023,NaN,NaN
WDR100034697,2019,264551,Tinsley Island WWTF,* WDR Site,CENTRAL VALLEY RWQCB (REGION 5S),N,NaN,WWTP,4/9/2020,38.03777,-121.49453
WDR100034697,2020,264551,Tinsley Island WWTF,* WDR Site,CENTRAL VALLEY RWQCB (REGION 5S),N,NaN,WWTP,4/21/2021,38.03777,-121.49453
WDR100034697,2022,264551,Tinsley Island WWTF,* WDR Site,CENTRAL VALLEY RWQCB (REGION 5S),N,NaN,WWTP,2/24/2023,38.03777,-121.49453
WDR100034697,2021,264551,Tinsley Island WWTF,* WDR Site,CENTRAL VALLEY RWQCB (REGION 5S),N,NaN,WWTP,2/24/2023,38.03777,-121.49453
WDR100029440,2019,264856,Toyon Middle School,* WDR Site,CENTRAL VALLEY RWQCB (REGION 5S),Y,N,WWTP RW,4/17/2020,38.21366,-120.75719
WDR100029440,2020,264856,Toyon Middle School,* WDR Site,CENTRAL VALLEY RWQCB (REGION 5S),N,NaN,WWTP,2/26/2021,38.21366,-120.75719
WDR100029440,2021,264856,Toyon Middle School,* WDR Site,CENTRAL VALLEY RWQCB (REGION 5S),Y,N,WWTP RW,2/21/2022,38.21366,-120.75719
WDR100029440,2022,264856,Toyon Middle School,* WDR Site,CENTRAL VALLEY RWQCB (REGION 5S),Y,N,WWTP RW,2/22/2023,38.21366,-120.75719
WDR100039576,2019,826844,City of Pacific Grove,* WDR Site,CENTRAL COAST RWQCB (REGION 3),Y,Y,RWP,4/15/2020,36.63635,-121.9345
WDR100039576,2021,826844,City of Pacific Grove,* WDR Site,CENTRAL COAST RWQCB (REGION 3),Y,N,WWTP RW,1/11/2022,36.63635,-121.9345
WDR100039576,2020,826844,City of Pacific Grove,* WDR Site,CENTRAL COAST RWQCB (REGION 3),Y,N,WWTP RW,4/14/2021,36.63635,-121.9345
WDR100039576,2022,826844,City of Pacific Grove,* WDR Site,CENTRAL COAST RWQCB (REGION 3),Y,N,WWTP RW,2/16/2023,36.63635,-121.9345
WDR100030497,2019,201070,Madera Cnty #24 Teaford Meadow Lakes WWTF,* WDR Site,CENTRAL VALLEY RWQCB (REGION 5F),N,NaN,WWTP,4/13/2020,37.295637,-119.524754
WDR100030497,2020,201070,Madera Cnty #24 Teaford Meadow Lakes WWTF,* WDR Site,CENTRAL VALLEY RWQCB (REGION 5F),N,NaN,WWTP,2/26/2021,37.295637,-119.524754
WDR100030497,2021,201070,Madera Cnty #24 Teaford Meadow Lakes WWTF,* WDR Site,CENTRAL VALLEY RWQCB (REGION 5F),N,NaN,WWTP,3/23/2022,37.295637,-119.524754
WDR100030497,2022,201070,Madera Cnty #24 Teaford Meadow Lakes WWTF,* WDR Site,CENTRAL VALLEY RWQCB (REGION 5F),N,NaN,WWTP,2/13/2023,37.295637,-119.524754
WDR100037607,2019,206381,Arnold WWTP,* WDR Site,CENTRAL VALLEY RWQCB (REGION 5S),N,NaN,WWTP,6/17/2020,38.22533,-120.36967
WDR100037607,2020,206381,Arnold WWTP,* WDR Site,CENTRAL VALLEY RWQCB (REGION 5S),N,NaN,WWTP,4/29/2021,38.22533,-120.36967
WDR100037607,2021,206381,Arnold WWTP,* WDR Site,CENTRAL VALLEY RWQCB (REGION 5S),N,NaN,WWTP,4/29/2022,38.22533,-120.36967
WDR100037607,2022,206381,Arnold WWTP,* WDR Site,CENTRAL VALLEY RWQCB (REGION 5S),N,NaN,WWTP,4/3/2023,38.22533,-120.36967
WDR100033359,2019,225068,Fort Irwin WTF,* WDR Site,LAHONTAN RWQCB (REGION 6V),Y,N,WWTP RW,3/23/2020,35.251247,-116.666018
WDR100033359,2021,225068,Fort Irwin WTF,* WDR Site,LAHONTAN RWQCB (REGION 6V),Y,N,WWTP RW,1/11/2022,35.251247,-116.666018
WDR100033359,2020,225068,Fort Irwin WTF,* WDR Site,LAHONTAN RWQCB (REGION 6V),Y,N,WWTP RW,4/26/2021,35.251247,-116.666018
WDR100033359,2022,225068,Fort Irwin WTF,* WDR Site,LAHONTAN RWQCB (REGION 6V),Y,N,WWTP RW,1/2/2023,35.251247,-116.666018
WDR100036549,2019,253887,Woodlake Sentinel Butte Recycling Project,* WDR Site,CENTRAL VALLEY RWQCB (REGION 5F),N,NaN,WWTP,2/25/2021,36.418277,-119.098889
WDR100036549,2021,253887,Woodlake Sentinel Butte Recycling Project,* WDR Site,CENTRAL VALLEY RWQCB (REGION 5F),N,NaN,WWTP,1/6/2022,36.418277,-119.098889
WDR100036549,2020,253887,Woodlake Sentinel Butte Recycling Project,* WDR Site,CENTRAL VALLEY RWQCB (REGION 5F),N,NaN,WWTP,2/24/2021,36.418277,-119.098889
WDR100036549,2022,253887,Woodlake Sentinel Butte Recycling Project,* WDR Site,CENTRAL VALLEY RWQCB (REGION 5F),N,NaN,WWTP,1/17/2023,36.418277,-119.098889
WDR100030952,2019,273173,Kettleman City WWTF,* WDR Site,CENTRAL VALLEY RWQCB (REGION 5F),N,NaN,WWTP,8/11/2020,36.00686,-119.94555
WDR100030952,2020,273173,Kettleman City WWTF,* WDR Site,CENTRAL VALLEY RWQCB (REGION 5F),N,NaN,WWTP,5/17/2021,36.00686,-119.94555
WDR100030952,2021,273173,Kettleman City WWTF,* WDR Site,CENTRAL VALLEY RWQCB (REGION 5F),N,NaN,WWTP,4/5/2022,36.00686,-119.94555
WDR100030952,2022,273173,Kettleman City WWTF,* WDR Site,CENTRAL VALLEY RWQCB (REGION 5F),N,NaN,WWTP,4/24/2023,36.00686,-119.94555
WDR100029368,2019,235798,La Contenta WWT & RF,* WDR Site,CENTRAL VALLEY RWQCB (REGION 5S),Y,N,WWTP RW,6/30/2020,38.170586,-120.820251
WDR100029368,2020,235798,La Contenta WWT & RF,* WDR Site,CENTRAL VALLEY RWQCB (REGION 5S),Y,N,WWTP RW,4/29/2021,38.170586,-120.820251
WDR100029368,2021,235798,La Contenta WWT & RF,* WDR Site,CENTRAL VALLEY RWQCB (REGION 5S),Y,N,WWTP RW,4/29/2022,38.170586,-120.820251
WDR100029368,2022,235798,La Contenta WWT & RF,* WDR Site,CENTRAL VALLEY RWQCB (REGION 5S),Y,N,WWTP RW,4/3/2023,38.170586,-120.820251
WDR100037636,2019,248753,Plymouth WWTP,* WDR Site,CENTRAL VALLEY RWQCB (REGION 5S),Y,N,WWTP RW,4/19/2020,38.48185,-120.84466
WDR100037636,2020,248753,Plymouth WWTP,* WDR Site,CENTRAL VALLEY RWQCB (REGION 5S),N,NaN,WWTP,5/26/2021,38.48185,-120.84466
WDR100037636,2021,248753,Plymouth WWTP,* WDR Site,CENTRAL VALLEY RWQCB (REGION 5S),N,NaN,WWTP,4/27/2022,38.48185,-120.84466
WDR100037636,2022,248753,Plymouth WWTP,* WDR Site,CENTRAL VALLEY RWQCB (REGION 5S),N,NaN,WWTP,4/25/2023,38.48185,-120.84466
WDR100046021,2021,861161,Descanso Gardens (Upgrade),* WDR Site,LOS ANGELES RWQCB (REGION 4),Y,N,WWTP RW,5/7/2022,34.20142,-118.2112
WDR100046021,2022,861161,Descanso Gardens (Upgrade),* WDR Site,LOS ANGELES RWQCB (REGION 4),Y,N,WWTP RW,2/22/2023,34.20142,-118.2112
WDR100037620,2019,255679,Santa Maria WWTP,* WDR Site,SAN DIEGO RWQCB (REGION 9),Y,N,WWTP RW,6/23/2020,33.02993,-116.900549
WDR100037620,2020,255679,Santa Maria WWTP,* WDR Site,SAN DIEGO RWQCB (REGION 9),Y,N,WWTP RW,4/22/2021,33.02993,-116.900549
WDR100037620,2021,255679,Santa Maria WWTP,* WDR Site,SAN DIEGO RWQCB (REGION 9),Y,N,WWTP RW,4/15/2022,33.02993,-116.900549
WDR100037620,2022,255679,Santa Maria WWTP,* WDR Site,SAN DIEGO RWQCB (REGION 9),Y,N,WWTP RW,2/15/2023,33.02993,-116.900549
WDR100029468,2019,214559,Circle Oaks WWTF,* WDR Site,CENTRAL VALLEY RWQCB (REGION 5S),N,NaN,WWTP,4/3/2020,38.41247,-122.20211
WDR100029468,2020,214559,Circle Oaks WWTF,* WDR Site,CENTRAL VALLEY RWQCB (REGION 5S),N,NaN,WWTP,5/17/2021,38.41247,-122.20211
WDR100029468,2021,214559,Circle Oaks WWTF,* WDR Site,CENTRAL VALLEY RWQCB (REGION 5S),N,NaN,WWTP,5/5/2022,38.41247,-122.20211
WDR100029468,2022,214559,Circle Oaks WWTF,* WDR Site,CENTRAL VALLEY RWQCB (REGION 5S),N,NaN,WWTP,8/8/2023,38.41247,-122.20211
WDR100029656,2019,214812,Clearlake Oaks Co WTR Dis WWTP,* WDR Site,CENTRAL VALLEY RWQCB (REGION 5S),N,NaN,WWTP,4/9/2020,39.01385,-122.65399
WDR100029656,2020,214812,Clearlake Oaks Co WTR Dis WWTP,* WDR Site,CENTRAL VALLEY RWQCB (REGION 5S),N,NaN,WWTP,4/21/2021,39.01385,-122.65399
WDR100029656,2021,214812,Clearlake Oaks Co WTR Dis WWTP,* WDR Site,CENTRAL VALLEY RWQCB (REGION 5S),N,NaN,WWTP,4/6/2022,39.01385,-122.65399
WDR100029656,2022,214812,Clearlake Oaks Co WTR Dis WWTP,* WDR Site,CENTRAL VALLEY RWQCB (REGION 5S),N,NaN,WWTP,4/25/2023,39.01385,-122.65399
WDR100031326,2019,227843,Grayson Comm Serv Dist WTF,* WDR Site,CENTRAL VALLEY RWQCB (REGION 5S),N,NaN,WWTP,6/24/2020,37.56557,-121.18368
WDR100031326,2020,227843,Grayson Comm Serv Dist WTF,* WDR Site,CENTRAL VALLEY RWQCB (REGION 5S),N,NaN,WWTP,3/14/2021,37.56557,-121.18368
WDR100031326,2021,227843,Grayson Comm Serv Dist WTF,* WDR Site,CENTRAL VALLEY RWQCB (REGION 5S),Y,N,WWTP RW,4/15/2022,37.56557,-121.18368
WDR100031326,2022,227843,Grayson Comm Serv Dist WTF,* WDR Site,CENTRAL VALLEY RWQCB (REGION 5S),N,NaN,WWTP,2/14/2023,37.56557,-121.18368
WDR100030712,2019,244785,NW Regional Waste Disp Fac,* WDR Site,CENTRAL VALLEY RWQCB (REGION 5S),Y,N,WWTP RW,4/27/2020,39.11012,-122.91123
WDR100030712,2020,244785,NW Regional Waste Disp Fac,* WDR Site,CENTRAL VALLEY RWQCB (REGION 5S),Y,N,WWTP RW,4/9/2021,39.11012,-122.91123
WDR100030712,2021,244785,NW Regional Waste Disp Fac,* WDR Site,CENTRAL VALLEY RWQCB (REGION 5S),Y,N,WWTP RW,4/25/2022,39.11012,-122.91123
WDR100030712,2022,244785,NW Regional Waste Disp Fac,* WDR Site,CENTRAL VALLEY RWQCB (REGION 5S),Y,N,WWTP RW,3/21/2023,39.11012,-122.91123
WDR100034842,2019,252762,Rio Ramaza WW Disposal Ponds,* WDR Site,CENTRAL VALLEY RWQCB (REGION 5S),N,NaN,WWTP,6/25/2020,38.82401,-121.48357
WDR100034842,2020,252762,Rio Ramaza WW Disposal Ponds,* WDR Site,CENTRAL VALLEY RWQCB (REGION 5S),N,NaN,WWTP,5/17/2021,38.82401,-121.48357
WDR100034842,2021,252762,Rio Ramaza WW Disposal Ponds,* WDR Site,CENTRAL VALLEY RWQCB (REGION 5S),N,NaN,WWTP,8/25/2022,38.82401,-121.48357
WDR100034842,2022,252762,Rio Ramaza WW Disposal Ponds,* WDR Site,CENTRAL VALLEY RWQCB (REGION 5S),N,NaN,WWTP,4/28/2023,38.82401,-121.48357
WDR100035552,2019,252871,Riverbank WWTP,* WDR Site,CENTRAL VALLEY RWQCB (REGION 5S),N,NaN,WWTP,7/14/2020,37.74448,-120.93965
WDR100035552,2021,252871,Riverbank WWTP,* WDR Site,CENTRAL VALLEY RWQCB (REGION 5S),N,NaN,WWTP,1/10/2022,37.74448,-120.93965
WDR100035552,2020,252871,Riverbank WWTP,* WDR Site,CENTRAL VALLEY RWQCB (REGION 5S),N,NaN,WWTP,2/11/2021,37.74448,-120.93965
WDR100035552,2022,252871,Riverbank WWTP,* WDR Site,CENTRAL VALLEY RWQCB (REGION 5S),N,NaN,WWTP,2/14/2023,37.74448,-120.93965
WDR100035503,2019,255081,Salida WWTP,* WDR Site,CENTRAL VALLEY RWQCB (REGION 5S),N,NaN,WWTP,3/16/2020,37.72739,-121.10156
WDR100035503,2021,255081,Salida WWTP,* WDR Site,CENTRAL VALLEY RWQCB (REGION 5S),N,NaN,WWTP,1/20/2022,37.72739,-121.10156
WDR100035503,2020,255081,Salida WWTP,* WDR Site,CENTRAL VALLEY RWQCB (REGION 5S),N,NaN,WWTP,1/20/2021,37.72739,-121.10156
WDR100035503,2022,255081,Salida WWTP,* WDR Site,CENTRAL VALLEY RWQCB (REGION 5S),N,NaN,WWTP,1/26/2023,37.72739,-121.10156
WDR100030715,2019,257927,Southeast Regional WW System,* WDR Site,CENTRAL VALLEY RWQCB (REGION 5S),Y,N,WWTP RW,4/28/2020,38.98357,-122.62705
WDR100030715,2020,257927,Southeast Regional WW System,* WDR Site,CENTRAL VALLEY RWQCB (REGION 5S),Y,N,WWTP RW,4/9/2021,38.98357,-122.62705
WDR100030715,2021,257927,Southeast Regional WW System,* WDR Site,CENTRAL VALLEY RWQCB (REGION 5S),Y,N,WWTP RW,4/25/2022,38.98357,-122.62705
WDR100030715,2022,257927,Southeast Regional WW System,* WDR Site,CENTRAL VALLEY RWQCB (REGION 5S),Y,N,WWTP RW,3/24/2023,38.98357,-122.62705
WDR100034581,2019,273190,Springville WWTF,* WDR Site,CENTRAL VALLEY RWQCB (REGION 5F),N,NaN,WWTP,5/13/2020,36.12191,-118.82295
WDR100034581,2020,273190,Springville WWTF,* WDR Site,CENTRAL VALLEY RWQCB (REGION 5F),N,NaN,WWTP,4/30/2021,36.12191,-118.82295
WDR100034581,2021,273190,Springville WWTF,* WDR Site,CENTRAL VALLEY RWQCB (REGION 5F),N,NaN,WWTP,3/19/2022,36.12191,-118.82295
WDR100034581,2022,273190,Springville WWTF,* WDR Site,CENTRAL VALLEY RWQCB (REGION 5F),N,NaN,WWTP,3/7/2023,36.12191,-118.82295
WDR100029854,2019,247419,Palm Desert WRP #10,* WDR Site,COLORADO RIVER BASIN RWQCB (REGION 7),Y,N,WWTP RW,6/30/2020,33.758036,-116.356368
WDR100029854,2020,247419,Palm Desert WRP #10,* WDR Site,COLORADO RIVER BASIN RWQCB (REGION 7),Y,N,WWTP RW,4/22/2021,33.758036,-116.356368
WDR100029854,2021,247419,Palm Desert WRP #10,* WDR Site,COLORADO RIVER BASIN RWQCB (REGION 7),Y,N,WWTP RW,4/11/2022,33.758036,-116.356368
WDR100029854,2022,247419,Palm Desert WRP #10,* WDR Site,COLORADO RIVER BASIN RWQCB (REGION 7),Y,N,WWTP RW,4/13/2023,33.758036,-116.356368
WDR100029790,2019,216445,CVWD Improv Dist #58,* WDR Site,COLORADO RIVER BASIN RWQCB (REGION 7),Y,N,WWTP RW,6/30/2020,33.77235,-116.25515
WDR100029790,2021,216445,CVWD Improv Dist #58,* WDR Site,COLORADO RIVER BASIN RWQCB (REGION 7),Y,N,WWTP RW,4/11/2022,33.77235,-116.25515
WDR100029790,2020,216445,CVWD Improv Dist #58,* WDR Site,COLORADO RIVER BASIN RWQCB (REGION 7),Y,N,WWTP RW,4/22/2021,33.77235,-116.25515
WDR100029790,2022,216445,CVWD Improv Dist #58,* WDR Site,COLORADO RIVER BASIN RWQCB (REGION 7),Y,N,WWTP RW,4/13/2023,33.77235,-116.25515
WDR100030531,2019,236124,Laguna County Sanitation District Reclamation Plant,* WDR Site,CENTRAL COAST RWQCB (REGION 3),Y,N,WWTP RW,3/17/2020,34.89129,-120.50414
WDR100030531,2020,236124,Laguna County Sanitation District Reclamation Plant,* WDR Site,CENTRAL COAST RWQCB (REGION 3),Y,N,WWTP RW,5/12/2021,34.89129,-120.50414
WDR100030531,2021,236124,Laguna County Sanitation District Reclamation Plant,* WDR Site,CENTRAL COAST RWQCB (REGION 3),Y,N,WWTP RW,1/26/2022,34.89129,-120.50414
WDR100030531,2022,236124,Laguna County Sanitation District Reclamation Plant,* WDR Site,CENTRAL COAST RWQCB (REGION 3),Y,N,WWTP RW,7/10/2023,34.89129,-120.50414
WDR100030237,2019,247448,Palmdale Water Reclamation Plant,* WDR Site,LAHONTAN RWQCB (REGION 6V),Y,N,WWTP RW,6/29/2020,34.596859,-118.069945
WDR100030237,2020,247448,Palmdale Water Reclamation Plant,* WDR Site,LAHONTAN RWQCB (REGION 6V),Y,N,WWTP RW,4/29/2021,34.596859,-118.069945
WDR100030237,2021,247448,Palmdale Water Reclamation Plant,* WDR Site,LAHONTAN RWQCB (REGION 6V),Y,N,WWTP RW,4/29/2022,34.596859,-118.069945
WDR100030237,2022,247448,Palmdale Water Reclamation Plant,* WDR Site,LAHONTAN RWQCB (REGION 6V),Y,N,WWTP RW,4/28/2023,34.596859,-118.069945
WDR100031107,2019,230812,Hughson WWTF,* WDR Site,CENTRAL VALLEY RWQCB (REGION 5S),N,NaN,WWTP,6/30/2020,37.62015,-120.87937
WDR100031107,2020,230812,Hughson WWTF,* WDR Site,CENTRAL VALLEY RWQCB (REGION 5S),N,NaN,WWTP,4/26/2021,37.62015,-120.87937
WDR100031107,2021,230812,Hughson WWTF,* WDR Site,CENTRAL VALLEY RWQCB (REGION 5S),N,NaN,WWTP,4/20/2022,37.62015,-120.87937
WDR100031107,2022,230812,Hughson WWTF,* WDR Site,CENTRAL VALLEY RWQCB (REGION 5S),N,NaN,WWTP,4/21/2023,37.62015,-120.87937
WDR100033625,2019,244361,Nipomo CSD Southland Treatment Facility,* WDR Site,CENTRAL COAST RWQCB (REGION 3),N,NaN,WWTP,4/30/2020,35.02299,-120.47073
WDR100033625,2020,244361,Nipomo CSD Southland Treatment Facility,* WDR Site,CENTRAL COAST RWQCB (REGION 3),N,NaN,WWTP,4/27/2021,35.02299,-120.47073
WDR100033625,2021,244361,Nipomo CSD Southland Treatment Facility,* WDR Site,CENTRAL COAST RWQCB (REGION 3),N,NaN,WWTP,4/25/2022,35.02299,-120.47073
WDR100033625,2022,244361,Nipomo CSD Southland Treatment Facility,* WDR Site,CENTRAL COAST RWQCB (REGION 3),N,NaN,WWTP,3/20/2023,35.02299,-120.47073
WDR100027156,2019,209801,Blue Lake City POTW,* WDR Site,NORTH COAST RWQCB (REGION 1),N,NaN,WWTP,3/17/2020,40.88588,-124.00186
WDR100027156,2021,209801,Blue Lake City POTW,* WDR Site,NORTH COAST RWQCB (REGION 1),N,NaN,WWTP,2/4/2022,40.88588,-124.00186
WDR100027156,2020,209801,Blue Lake City POTW,* WDR Site,NORTH COAST RWQCB (REGION 1),N,NaN,WWTP,4/28/2021,40.88588,-124.00186
WDR100027156,2022,209801,Blue Lake City POTW,* WDR Site,NORTH COAST RWQCB (REGION 1),N,NaN,WWTP,2/14/2023,40.88588,-124.00186
WDR100036960,2019,266350,Tres Pinos WWTP,* WDR Site,CENTRAL COAST RWQCB (REGION 3),N,NaN,WWTP,12/18/2020,36.790553,-121.326822
WDR100036960,2020,266350,Tres Pinos WWTP,* WDR Site,CENTRAL COAST RWQCB (REGION 3),N,NaN,WWTP,4/28/2021,36.790553,-121.326822
WDR100036960,2021,266350,Tres Pinos WWTP,* WDR Site,CENTRAL COAST RWQCB (REGION 3),N,NaN,WWTP,4/29/2022,36.790553,-121.326822
WDR100036960,2022,266350,Tres Pinos WWTP,* WDR Site,CENTRAL COAST RWQCB (REGION 3),N,NaN,WWTP,4/21/2023,36.790553,-121.326822
WDR100030159,2019,273174,Lamont WWTF,* WDR Site,CENTRAL VALLEY RWQCB (REGION 5F),Y,N,WWTP RW,3/31/2020,35.20866,-118.93225
WDR100030159,2020,273174,Lamont WWTF,* WDR Site,CENTRAL VALLEY RWQCB (REGION 5F),Y,N,WWTP RW,2/18/2021,35.20866,-118.93225
WDR100030159,2021,273174,Lamont WWTF,* WDR Site,CENTRAL VALLEY RWQCB (REGION 5F),Y,N,WWTP RW,4/29/2022,35.20866,-118.93225
WDR100030159,2022,273174,Lamont WWTF,* WDR Site,CENTRAL VALLEY RWQCB (REGION 5F),Y,N,WWTP RW,2/24/2023,35.20866,-118.93225
WDR100035472,2019,256606,Shasta College Sewage Disposal Pond,* WDR Site,CENTRAL VALLEY RWQCB (REGION 5R),N,NaN,WWTP,8/18/2020,40.6279,-122.310311
WDR100035472,2020,256606,Shasta College Sewage Disposal Pond,* WDR Site,CENTRAL VALLEY RWQCB (REGION 5R),N,NaN,WWTP,4/28/2021,40.6279,-122.310311
WDR100035472,2021,256606,Shasta College Sewage Disposal Pond,* WDR Site,CENTRAL VALLEY RWQCB (REGION 5R),N,NaN,WWTP,4/21/2022,40.6279,-122.310311
WDR100035472,2022,256606,Shasta College Sewage Disposal Pond,* WDR Site,CENTRAL VALLEY RWQCB (REGION 5R),N,NaN,WWTP,4/26/2023,40.6279,-122.310311
WDR100032130,2019,245602,Oakdale WWTF,* WDR Site,CENTRAL VALLEY RWQCB (REGION 5S),N,NaN,WWTP,3/23/2020,37.77598,-120.86713
WDR100032130,2020,245602,Oakdale WWTF,* WDR Site,CENTRAL VALLEY RWQCB (REGION 5S),N,NaN,WWTP,2/11/2021,37.77598,-120.86713
WDR100032130,2021,245602,Oakdale WWTF,* WDR Site,CENTRAL VALLEY RWQCB (REGION 5S),N,NaN,WWTP,1/19/2022,37.77598,-120.86713
WDR100032130,2022,245602,Oakdale WWTF,* WDR Site,CENTRAL VALLEY RWQCB (REGION 5S),N,NaN,WWTP,5/9/2023,37.77598,-120.86713
WDR100028129,2019,212899,Camino Heights WWTP,* WDR Site,CENTRAL VALLEY RWQCB (REGION 5S),N,NaN,WWTP,4/23/2020,38.73313,-120.71487
WDR100028129,2020,212899,Camino Heights WWTP,* WDR Site,CENTRAL VALLEY RWQCB (REGION 5S),N,NaN,WWTP,4/8/2021,38.73313,-120.71487
WDR100028129,2021,212899,Camino Heights WWTP,* WDR Site,CENTRAL VALLEY RWQCB (REGION 5S),N,NaN,WWTP,4/5/2022,38.73313,-120.71487
WDR100028129,2022,212899,Camino Heights WWTP,* WDR Site,CENTRAL VALLEY RWQCB (REGION 5S),N,NaN,WWTP,4/24/2023,38.73313,-120.71487
WDR100037408,2019,269589,USMC - Mainside WWTF,* WDR Site,COLORADO RIVER BASIN RWQCB (REGION 7),Y,N,WWTP RW,3/19/2020,NaN,NaN
WDR100037408,2020,269589,USMC - Mainside WWTF,* WDR Site,COLORADO RIVER BASIN RWQCB (REGION 7),Y,N,WWTP RW,3/11/2021,NaN,NaN
WDR100037408,2021,269589,USMC - Mainside WWTF,* WDR Site,COLORADO RIVER BASIN RWQCB (REGION 7),Y,N,WWTP RW,3/18/2022,NaN,NaN
WDR100037408,2022,269589,USMC - Mainside WWTF,* WDR Site,COLORADO RIVER BASIN RWQCB (REGION 7),Y,N,WWTP RW,1/26/2023,NaN,NaN
WDR100036012,2019,782065,Harmony Grove Water Reclamation Plant,* WDR Site,SAN DIEGO RWQCB (REGION 9),Y,N,WWTP RW,4/14/2020,33.100866,-117.118155
WDR100036012,2020,782065,Harmony Grove Water Reclamation Plant,* WDR Site,SAN DIEGO RWQCB (REGION 9),Y,N,WWTP RW,2/12/2021,33.100866,-117.118155
WDR100036012,2021,782065,Harmony Grove Water Reclamation Plant,* WDR Site,SAN DIEGO RWQCB (REGION 9),Y,N,WWTP RW,2/1/2022,33.100866,-117.118155
WDR100036012,2022,782065,Harmony Grove Water Reclamation Plant,* WDR Site,SAN DIEGO RWQCB (REGION 9),Y,N,WWTP RW,1/26/2023,33.100866,-117.118155
WDR100033647,2019,273125,McFarland WWTF,* WDR Site,CENTRAL VALLEY RWQCB (REGION 5F),Y,N,WWTP RW,7/1/2020,35.68274,-119.27844
WDR100033647,2020,273125,McFarland WWTF,* WDR Site,CENTRAL VALLEY RWQCB (REGION 5F),N,NaN,WWTP,4/30/2021,35.68274,-119.27844
WDR100033647,2021,273125,McFarland WWTF,* WDR Site,CENTRAL VALLEY RWQCB (REGION 5F),N,NaN,WWTP,3/21/2022,35.68274,-119.27844
WDR100033647,2022,273125,McFarland WWTF,* WDR Site,CENTRAL VALLEY RWQCB (REGION 5F),N,NaN,WWTP,4/27/2023,35.68274,-119.27844
WDR100031475,2019,232259,Imperial CCD WWTP,* WDR Site,COLORADO RIVER BASIN RWQCB (REGION 7),N,NaN,WWTP,6/24/2020,32.825361,-115.567417
WDR100031475,2020,232259,Imperial CCD WWTP,* WDR Site,COLORADO RIVER BASIN RWQCB (REGION 7),N,NaN,WWTP,4/30/2021,32.825361,-115.567417
WDR100031475,2021,232259,Imperial CCD WWTP,* WDR Site,COLORADO RIVER BASIN RWQCB (REGION 7),N,NaN,WWTP,4/28/2022,32.825361,-115.567417
WDR100031475,2022,232259,Imperial CCD WWTP,* WDR Site,COLORADO RIVER BASIN RWQCB (REGION 7),N,NaN,WWTP,4/28/2023,32.825361,-115.567417
WDR100036059,2019,785242,Russell City Energy Center Recycled Water Facility,* WDR Site,SAN FRANCISCO BAY RWQCB (REGION 2),Y,Y,RWP,9/1/2020,37.63563,-122.13457
WDR100036059,2020,785242,Russell City Energy Center Recycled Water Facility,* WDR Site,SAN FRANCISCO BAY RWQCB (REGION 2),Y,Y,RWP,4/30/2021,37.63563,-122.13457
WDR100036059,2021,785242,Russell City Energy Center Recycled Water Facility,* WDR Site,SAN FRANCISCO BAY RWQCB (REGION 2),Y,Y,RWP,4/30/2022,37.63563,-122.13457
WDR100036059,2022,785242,Russell City Energy Center Recycled Water Facility,* WDR Site,SAN FRANCISCO BAY RWQCB (REGION 2),Y,Y,RWP,7/13/2023,37.63563,-122.13457
WDR100036878,2019,270419,Victor Valley Wastewater Reclamation Authority WTP,* WDR Site,LAHONTAN RWQCB (REGION 6V),Y,N,WWTP RW,4/13/2020,34.618009,-117.357746
WDR100036878,2020,270419,Victor Valley Wastewater Reclamation Authority WTP,* WDR Site,LAHONTAN RWQCB (REGION 6V),Y,N,WWTP RW,6/3/2021,34.618009,-117.357746
WDR100036878,2021,270419,Victor Valley Wastewater Reclamation Authority WTP,* WDR Site,LAHONTAN RWQCB (REGION 6V),Y,N,WWTP RW,4/6/2022,34.618009,-117.357746
WDR100036878,2022,270419,Victor Valley Wastewater Reclamation Authority WTP,* WDR Site,LAHONTAN RWQCB (REGION 6V),Y,N,WWTP RW,4/27/2023,34.618009,-117.357746
WDR100035678,2019,236281,Lake Tamarisk WTP,* WDR Site,COLORADO RIVER BASIN RWQCB (REGION 7),N,NaN,WWTP,5/21/2020,33.74271,-115.38224
WDR100035678,2020,236281,Lake Tamarisk WTP,* WDR Site,COLORADO RIVER BASIN RWQCB (REGION 7),N,NaN,WWTP,4/26/2021,33.74271,-115.38224
WDR100035678,2021,236281,Lake Tamarisk WTP,* WDR Site,COLORADO RIVER BASIN RWQCB (REGION 7),N,NaN,WWTP,3/16/2022,33.74271,-115.38224
WDR100035678,2022,236281,Lake Tamarisk WTP,* WDR Site,COLORADO RIVER BASIN RWQCB (REGION 7),N,NaN,WWTP,2/22/2023,33.74271,-115.38224
WDR100031281,2019,229966,Heber PUD-Standby Bsn,* WDR Site,COLORADO RIVER BASIN RWQCB (REGION 7),N,NaN,WWTP,4/29/2020,32.736723,-115.525121
WDR100031281,2021,229966,Heber PUD-Standby Bsn,* WDR Site,COLORADO RIVER BASIN RWQCB (REGION 7),N,NaN,WWTP,3/16/2022,32.736723,-115.525121
WDR100031281,2020,229966,Heber PUD-Standby Bsn,* WDR Site,COLORADO RIVER BASIN RWQCB (REGION 7),N,NaN,WWTP,3/23/2021,32.736723,-115.525121
WDR100031281,2022,229966,Heber PUD-Standby Bsn,* WDR Site,COLORADO RIVER BASIN RWQCB (REGION 7),N,NaN,WWTP,5/3/2023,32.736723,-115.525121
WDR100029311,2019,220618,Douglas Flat/Vallecito WWTP,* WDR Site,CENTRAL VALLEY RWQCB (REGION 5S),N,NaN,WWTP,6/30/2020,38.10828,-120.45809
WDR100029311,2020,220618,Douglas Flat/Vallecito WWTP,* WDR Site,CENTRAL VALLEY RWQCB (REGION 5S),N,NaN,WWTP,4/29/2021,38.10828,-120.45809
WDR100029311,2021,220618,Douglas Flat/Vallecito WWTP,* WDR Site,CENTRAL VALLEY RWQCB (REGION 5S),N,NaN,WWTP,4/29/2022,38.10828,-120.45809
WDR100029311,2022,220618,Douglas Flat/Vallecito WWTP,* WDR Site,CENTRAL VALLEY RWQCB (REGION 5S),N,NaN,WWTP,4/3/2023,38.10828,-120.45809
WDR100029786,2019,209999,Bombay Beach STP,* WDR Site,COLORADO RIVER BASIN RWQCB (REGION 7),N,NaN,WWTP,6/30/2020,33.36343,-115.7264
WDR100029786,2020,209999,Bombay Beach STP,* WDR Site,COLORADO RIVER BASIN RWQCB (REGION 7),N,NaN,WWTP,4/22/2021,33.36343,-115.7264
WDR100029786,2021,209999,Bombay Beach STP,* WDR Site,COLORADO RIVER BASIN RWQCB (REGION 7),N,NaN,WWTP,4/11/2022,33.36343,-115.7264
WDR100029786,2022,209999,Bombay Beach STP,* WDR Site,COLORADO RIVER BASIN RWQCB (REGION 7),N,NaN,WWTP,4/13/2023,33.36343,-115.7264
WDR100027489,2019,263072,Tehachapi Correctional Inst WWTF,* WDR Site,CENTRAL VALLEY RWQCB (REGION 5F),N,NaN,WWTP,6/28/2020,35.116667,-118.58333
WDR100027489,2020,263072,Tehachapi Correctional Inst WWTF,* WDR Site,CENTRAL VALLEY RWQCB (REGION 5F),N,NaN,WWTP,6/2/2021,35.116667,-118.58333
WDR100027489,2021,263072,Tehachapi Correctional Inst WWTF,* WDR Site,CENTRAL VALLEY RWQCB (REGION 5F),N,NaN,WWTP,2/28/2022,35.116667,-118.58333
WDR100027489,2022,263072,Tehachapi Correctional Inst WWTF,* WDR Site,CENTRAL VALLEY RWQCB (REGION 5F),N,NaN,WWTP,4/1/2023,35.116667,-118.58333
WDR100026777,2019,793504,USMC Camp Pendleton Northern Regional Tertiary Treatment Plant,* WDR Site,SAN DIEGO RWQCB (REGION 9),N,NaN,WWTP,4/23/2020,33.395247,-117.53445
WDR100026777,2021,793504,USMC Camp Pendleton Northern Regional Tertiary Treatment Plant,* WDR Site,SAN DIEGO RWQCB (REGION 9),N,NaN,WWTP,1/10/2022,33.395247,-117.53445
WDR100026777,2020,793504,USMC Camp Pendleton Northern Regional Tertiary Treatment Plant,* WDR Site,SAN DIEGO RWQCB (REGION 9),Y,N,WWTP RW,1/13/2021,33.395247,-117.53445
WDR100026777,2022,793504,USMC Camp Pendleton Northern Regional Tertiary Treatment Plant,* WDR Site,SAN DIEGO RWQCB (REGION 9),Y,N,WWTP RW,1/11/2023,33.395247,-117.53445
WDR100029844,2019,244569,North Shore WRP,* WDR Site,COLORADO RIVER BASIN RWQCB (REGION 7),N,NaN,WWTP,6/30/2020,33.52602,-115.938719
WDR100029844,2020,244569,North Shore WRP,* WDR Site,COLORADO RIVER BASIN RWQCB (REGION 7),N,NaN,WWTP,4/22/2021,33.52602,-115.938719
WDR100029844,2021,244569,North Shore WRP,* WDR Site,COLORADO RIVER BASIN RWQCB (REGION 7),N,NaN,WWTP,4/11/2022,33.52602,-115.938719
WDR100029844,2022,244569,North Shore WRP,* WDR Site,COLORADO RIVER BASIN RWQCB (REGION 7),N,NaN,WWTP,4/13/2023,33.52602,-115.938719
WDR100028860,2019,222412,El Centro-Stdby Basin,* WDR Site,COLORADO RIVER BASIN RWQCB (REGION 7),N,NaN,WWTP,4/28/2020,NaN,NaN
WDR100028860,2020,222412,El Centro-Stdby Basin,* WDR Site,COLORADO RIVER BASIN RWQCB (REGION 7),N,NaN,WWTP,10/6/2021,NaN,NaN
WDR100028860,2021,222412,El Centro-Stdby Basin,* WDR Site,COLORADO RIVER BASIN RWQCB (REGION 7),N,NaN,WWTP,2/3/2022,NaN,NaN
WDR100028860,2022,222412,El Centro-Stdby Basin,* WDR Site,COLORADO RIVER BASIN RWQCB (REGION 7),N,NaN,WWTP,4/25/2023,NaN,NaN
WDR100032535,2019,247435,Palm Springs WWTF,* WDR Site,COLORADO RIVER BASIN RWQCB (REGION 7),N,NaN,WWTP,8/13/2020,33.808618,-116.498749
WDR100032535,2021,247435,Palm Springs WWTF,* WDR Site,COLORADO RIVER BASIN RWQCB (REGION 7),N,NaN,WWTP,2/18/2022,33.808618,-116.498749
WDR100032535,2020,247435,Palm Springs WWTF,* WDR Site,COLORADO RIVER BASIN RWQCB (REGION 7),N,NaN,WWTP,3/10/2021,33.808618,-116.498749
WDR100032535,2022,247435,Palm Springs WWTF,* WDR Site,COLORADO RIVER BASIN RWQCB (REGION 7),N,NaN,WWTP,1/24/2023,33.808618,-116.498749
WDR100026851,2019,204475,Adelanto WWTP,* WDR Site,LAHONTAN RWQCB (REGION 6V),N,NaN,WWTP,3/5/2020,34.595221,-117.408261
WDR100026851,2020,204475,Adelanto WWTP,* WDR Site,LAHONTAN RWQCB (REGION 6V),N,NaN,WWTP,3/26/2021,34.595221,-117.408261
WDR100026851,2022,204475,Adelanto WWTP,* WDR Site,LAHONTAN RWQCB (REGION 6V),N,NaN,WWTP,1/18/2023,34.595221,-117.408261
WDR100026851,2021,204475,Adelanto WWTP,* WDR Site,LAHONTAN RWQCB (REGION 6V),N,NaN,WWTP,3/22/2022,34.595221,-117.408261
WDR100030682,2019,201087,Madera Cnty #7-Marina View Heights WWTF,* WDR Site,CENTRAL VALLEY RWQCB (REGION 5F),N,NaN,WWTP,4/14/2020,37.29544,-119.5218
WDR100030682,2020,201087,Madera Cnty #7-Marina View Heights WWTF,* WDR Site,CENTRAL VALLEY RWQCB (REGION 5F),N,NaN,WWTP,2/26/2021,37.29544,-119.5218
WDR100030682,2021,201087,Madera Cnty #7-Marina View Heights WWTF,* WDR Site,CENTRAL VALLEY RWQCB (REGION 5F),N,NaN,WWTP,3/23/2022,37.29544,-119.5218
WDR100030682,2022,201087,Madera Cnty #7-Marina View Heights WWTF,* WDR Site,CENTRAL VALLEY RWQCB (REGION 5F),N,NaN,WWTP,2/13/2023,37.29544,-119.5218
WDR100028702,2019,201078,Fresno Cnty #38-Sky Harbour WWTF,* WDR Site,CENTRAL VALLEY RWQCB (REGION 5F),N,NaN,WWTP,6/9/2020,37.01022,-119.64081
WDR100028702,2020,201078,Fresno Cnty #38-Sky Harbour WWTF,* WDR Site,CENTRAL VALLEY RWQCB (REGION 5F),N,NaN,WWTP,4/26/2021,37.01022,-119.64081
WDR100028702,2021,201078,Fresno Cnty #38-Sky Harbour WWTF,* WDR Site,CENTRAL VALLEY RWQCB (REGION 5F),N,NaN,WWTP,2/18/2022,37.01022,-119.64081
WDR100028702,2022,201078,Fresno Cnty #38-Sky Harbour WWTF,* WDR Site,CENTRAL VALLEY RWQCB (REGION 5F),N,NaN,WWTP,4/27/2023,37.01022,-119.64081
WDR100033906,2019,239947,McSwain Rec Area WWTF,* WDR Site,CENTRAL VALLEY RWQCB (REGION 5F),N,NaN,WWTP,6/28/2020,37.522547,-120.300564
WDR100033906,2020,239947,McSwain Rec Area WWTF,* WDR Site,CENTRAL VALLEY RWQCB (REGION 5F),N,NaN,WWTP,4/11/2021,37.522547,-120.300564
WDR100033906,2021,239947,McSwain Rec Area WWTF,* WDR Site,CENTRAL VALLEY RWQCB (REGION 5F),N,NaN,WWTP,3/20/2022,37.522547,-120.300564
WDR100033906,2022,239947,McSwain Rec Area WWTF,* WDR Site,CENTRAL VALLEY RWQCB (REGION 5F),N,NaN,WWTP,4/15/2023,37.522547,-120.300564
WDR100033900,2019,208746,BARRET COVE Recreation Area,* WDR Site,CENTRAL VALLEY RWQCB (REGION 5F),N,NaN,WWTP,6/28/2020,37.64532,-120.29537
WDR100033900,2020,208746,BARRET COVE Recreation Area,* WDR Site,CENTRAL VALLEY RWQCB (REGION 5F),N,NaN,WWTP,4/11/2021,37.64532,-120.29537
WDR100033900,2021,208746,BARRET COVE Recreation Area,* WDR Site,CENTRAL VALLEY RWQCB (REGION 5F),N,NaN,WWTP,3/20/2022,37.64532,-120.29537
WDR100033900,2022,208746,BARRET COVE Recreation Area,* WDR Site,CENTRAL VALLEY RWQCB (REGION 5F),N,NaN,WWTP,4/16/2023,37.64532,-120.29537
WDR100033902,2019,230706,Horseshoe Bend REC Area,* WDR Site,CENTRAL VALLEY RWQCB (REGION 5F),N,NaN,WWTP,6/28/2020,37.7069,-120.23821
WDR100033902,2020,230706,Horseshoe Bend REC Area,* WDR Site,CENTRAL VALLEY RWQCB (REGION 5F),N,NaN,WWTP,4/11/2021,37.7069,-120.23821
WDR100033902,2021,230706,Horseshoe Bend REC Area,* WDR Site,CENTRAL VALLEY RWQCB (REGION 5F),N,NaN,WWTP,3/20/2022,37.7069,-120.23821
WDR100033902,2022,230706,Horseshoe Bend REC Area,* WDR Site,CENTRAL VALLEY RWQCB (REGION 5F),N,NaN,WWTP,4/16/2023,37.7069,-120.23821
WDR100033904,2019,240004,McClure Pt Rec Area,* WDR Site,CENTRAL VALLEY RWQCB (REGION 5F),N,NaN,WWTP,6/28/2020,37.5252,-120.322
WDR100033904,2020,240004,McClure Pt Rec Area,* WDR Site,CENTRAL VALLEY RWQCB (REGION 5F),N,NaN,WWTP,4/11/2021,37.5252,-120.322
WDR100033904,2021,240004,McClure Pt Rec Area,* WDR Site,CENTRAL VALLEY RWQCB (REGION 5F),N,NaN,WWTP,3/20/2022,37.5252,-120.322
WDR100033904,2022,240004,McClure Pt Rec Area,* WDR Site,CENTRAL VALLEY RWQCB (REGION 5F),N,NaN,WWTP,4/15/2023,37.5252,-120.322
WDR100032201,2019,256307,Sequoia Dawn Apartments WWTF,* WDR Site,CENTRAL VALLEY RWQCB (REGION 5F),N,NaN,WWTP,8/7/2020,36.13373,-118.81568
WDR100032201,2020,256307,Sequoia Dawn Apartments WWTF,* WDR Site,CENTRAL VALLEY RWQCB (REGION 5F),N,NaN,WWTP,3/5/2021,36.13373,-118.81568
WDR100032201,2021,256307,Sequoia Dawn Apartments WWTF,* WDR Site,CENTRAL VALLEY RWQCB (REGION 5F),N,NaN,WWTP,2/23/2022,36.13373,-118.81568
WDR100035229,2019,215859,Costanoa Lodge and Camp,* WDR Site,CENTRAL COAST RWQCB (REGION 3),Y,N,WWTP RW,8/6/2020,37.15472,-122.34835
WDR100035229,2020,215859,Costanoa Lodge and Camp,* WDR Site,CENTRAL COAST RWQCB (REGION 3),Y,N,WWTP RW,2/18/2021,37.15472,-122.34835
WDR100035229,2021,215859,Costanoa Lodge and Camp,* WDR Site,CENTRAL COAST RWQCB (REGION 3),Y,N,WWTP RW,4/18/2022,37.15472,-122.34835
WDR100035229,2022,215859,Costanoa Lodge and Camp,* WDR Site,CENTRAL COAST RWQCB (REGION 3),Y,N,WWTP RW,4/28/2023,37.15472,-122.34835
WDR100029562,2019,245564,Oak Hills Development WWTP,* WDR Site,CENTRAL COAST RWQCB (REGION 3),N,NaN,WWTP,6/29/2020,36.77967,-121.71819
WDR100029562,2021,245564,Oak Hills Development WWTP,* WDR Site,CENTRAL COAST RWQCB (REGION 3),N,NaN,WWTP,1/27/2022,36.77967,-121.71819
WDR100029562,2020,245564,Oak Hills Development WWTP,* WDR Site,CENTRAL COAST RWQCB (REGION 3),N,NaN,WWTP,4/2/2021,36.77967,-121.71819
WDR100029562,2022,245564,Oak Hills Development WWTP,* WDR Site,CENTRAL COAST RWQCB (REGION 3),N,NaN,WWTP,3/14/2023,36.77967,-121.71819
WDR100033665,2019,726996,Monterey Regional Reclamation (Producer),* WDR Site,CENTRAL COAST RWQCB (REGION 3),Y,Y,RWP,6/29/2020,36.713826,-121.767734
WDR100033665,2020,726996,Monterey Regional Reclamation (Producer),* WDR Site,CENTRAL COAST RWQCB (REGION 3),Y,Y,RWP,5/12/2021,36.713826,-121.767734
WDR100033665,2021,726996,Monterey Regional Reclamation (Producer),* WDR Site,CENTRAL COAST RWQCB (REGION 3),Y,Y,RWP,4/28/2022,36.713826,-121.767734
WDR100033665,2022,726996,Monterey Regional Reclamation (Producer),* WDR Site,CENTRAL COAST RWQCB (REGION 3),Y,Y,RWP,4/27/2023,36.713826,-121.767734
WDR100039670,2019,819577,Pasatiempo Golf Club Recycled Water Project (System No. 4490004),* WDR Site,CENTRAL COAST RWQCB (REGION 3),Y,Y,RWP,4/22/2020,37.004556,-122.025256
WDR100039670,2020,819577,Pasatiempo Golf Club Recycled Water Project (System No. 4490004),* WDR Site,CENTRAL COAST RWQCB (REGION 3),Y,Y,RWP,4/28/2021,37.004556,-122.025256
WDR100039670,2021,819577,Pasatiempo Golf Club Recycled Water Project (System No. 4490004),* WDR Site,CENTRAL COAST RWQCB (REGION 3),Y,Y,RWP,4/29/2022,37.004556,-122.025256
WDR100039670,2022,819577,Pasatiempo Golf Club Recycled Water Project (System No. 4490004),* WDR Site,CENTRAL COAST RWQCB (REGION 3),Y,Y,RWP,4/21/2023,37.004556,-122.025256
WDR100032300,2019,251695,Rancho Murieta CSD WWT & Rec,* WDR Site,CENTRAL VALLEY RWQCB (REGION 5S),Y,N,WWTP RW,7/21/2020,38.490532,-121.088797
WDR100032300,2020,251695,Rancho Murieta CSD WWT & Rec,* WDR Site,CENTRAL VALLEY RWQCB (REGION 5S),Y,N,WWTP RW,2/18/2021,38.490532,-121.088797
WDR100032300,2021,251695,Rancho Murieta CSD WWT & Rec,* WDR Site,CENTRAL VALLEY RWQCB (REGION 5S),Y,N,WWTP RW,3/11/2022,38.490532,-121.088797
WDR100032300,2022,251695,Rancho Murieta CSD WWT & Rec,* WDR Site,CENTRAL VALLEY RWQCB (REGION 5S),Y,N,WWTP RW,1/30/2023,38.490532,-121.088797
WDR100028790,2019,220396,Dixon WWTF,* WDR Site,CENTRAL VALLEY RWQCB (REGION 5S),N,NaN,WWTP,3/18/2020,38.395599,-121.804449
WDR100028790,2021,220396,Dixon WWTF,* WDR Site,CENTRAL VALLEY RWQCB (REGION 5S),N,NaN,WWTP,2/16/2022,38.395599,-121.804449
WDR100028790,2020,220396,Dixon WWTF,* WDR Site,CENTRAL VALLEY RWQCB (REGION 5S),N,NaN,WWTP,2/24/2021,38.395599,-121.804449
WDR100028790,2022,220396,Dixon WWTF,* WDR Site,CENTRAL VALLEY RWQCB (REGION 5S),N,NaN,WWTP,2/13/2023,38.395599,-121.804449
WDR100036880,2019,747480,SCLA Central WWTP-Victorville Water Dist,* WDR Site,LAHONTAN RWQCB (REGION 6V),Y,N,WWTP RW,8/20/2020,34.614722,-117.373056
WDR100036880,2020,747480,SCLA Central WWTP-Victorville Water Dist,* WDR Site,LAHONTAN RWQCB (REGION 6V),Y,N,WWTP RW,4/27/2021,34.614722,-117.373056
WDR100036880,2022,747480,SCLA Central WWTP-Victorville Water Dist,* WDR Site,LAHONTAN RWQCB (REGION 6V),Y,N,WWTP RW,4/21/2023,34.614722,-117.373056
WDR100036880,2021,747480,SCLA Central WWTP-Victorville Water Dist,* WDR Site,LAHONTAN RWQCB (REGION 6V),Y,N,WWTP RW,4/29/2022,34.614722,-117.373056
WDR100035897,2019,255653,Santa Lucia WW Recycling Facility (Prod/User),* WDR Site,CENTRAL COAST RWQCB (REGION 3),Y,N,WWTP RW,7/20/2020,36.45362,-121.80188
WDR100035897,2021,255653,Santa Lucia WW Recycling Facility (Prod/User),* WDR Site,CENTRAL COAST RWQCB (REGION 3),Y,N,WWTP RW,1/27/2022,36.45362,-121.80188
WDR100035897,2020,255653,Santa Lucia WW Recycling Facility (Prod/User),* WDR Site,CENTRAL COAST RWQCB (REGION 3),Y,N,WWTP RW,4/12/2021,36.45362,-121.80188
WDR100035897,2022,255653,Santa Lucia WW Recycling Facility (Prod/User),* WDR Site,CENTRAL COAST RWQCB (REGION 3),Y,N,WWTP RW,1/17/2023,36.45362,-121.80188
WDR100035646,2019,273133,Sanger WWTF,* WDR Site,CENTRAL VALLEY RWQCB (REGION 5F),N,NaN,WWTP,6/9/2020,36.64588,-119.53989
WDR100035646,2020,273133,Sanger WWTF,* WDR Site,CENTRAL VALLEY RWQCB (REGION 5F),N,NaN,WWTP,4/30/2021,36.64588,-119.53989
WDR100035646,2021,273133,Sanger WWTF,* WDR Site,CENTRAL VALLEY RWQCB (REGION 5F),N,NaN,WWTP,3/25/2022,36.64588,-119.53989
WDR100035646,2022,273133,Sanger WWTF,* WDR Site,CENTRAL VALLEY RWQCB (REGION 5F),N,NaN,WWTP,5/4/2023,36.64588,-119.53989
WDR100033273,2019,219649,Desert Crest WWTP,* WDR Site,COLORADO RIVER BASIN RWQCB (REGION 7),N,NaN,WWTP,5/15/2020,33.92206,-116.4484
WDR100033273,2020,219649,Desert Crest WWTP,* WDR Site,COLORADO RIVER BASIN RWQCB (REGION 7),N,NaN,WWTP,3/21/2021,33.92206,-116.4484
WDR100033273,2021,219649,Desert Crest WWTP,* WDR Site,COLORADO RIVER BASIN RWQCB (REGION 7),N,NaN,WWTP,2/1/2022,33.92206,-116.4484
WDR100033273,2022,219649,Desert Crest WWTP,* WDR Site,COLORADO RIVER BASIN RWQCB (REGION 7),N,NaN,WWTP,2/14/2023,33.92206,-116.4484
WDR100033271,2019,204870,Alan Horton WWTP,* WDR Site,COLORADO RIVER BASIN RWQCB (REGION 7),N,NaN,WWTP,5/15/2020,33.94311,-116.49331
WDR100033271,2021,204870,Alan Horton WWTP,* WDR Site,COLORADO RIVER BASIN RWQCB (REGION 7),N,NaN,WWTP,2/1/2022,33.94311,-116.49331
WDR100033271,2020,204870,Alan Horton WWTP,* WDR Site,COLORADO RIVER BASIN RWQCB (REGION 7),N,NaN,WWTP,3/21/2021,33.94311,-116.49331
WDR100033271,2022,204870,Alan Horton WWTP,* WDR Site,COLORADO RIVER BASIN RWQCB (REGION 7),N,NaN,WWTP,2/14/2023,33.94311,-116.49331
WDR100030293,2019,271781,City of Lathrop Consolidated Treatment Facility,* WDR Site,CENTRAL VALLEY RWQCB (REGION 5S),Y,N,WWTP RW,4/10/2020,37.79504,-121.28658
WDR100030293,2020,271781,City of Lathrop Consolidated Treatment Facility,* WDR Site,CENTRAL VALLEY RWQCB (REGION 5S),Y,N,WWTP RW,3/10/2021,37.79504,-121.28658
WDR100030293,2021,271781,City of Lathrop Consolidated Treatment Facility,* WDR Site,CENTRAL VALLEY RWQCB (REGION 5S),Y,N,WWTP RW,4/11/2022,37.79504,-121.28658
WDR100030293,2022,271781,City of Lathrop Consolidated Treatment Facility,* WDR Site,CENTRAL VALLEY RWQCB (REGION 5S),Y,N,WWTP RW,4/11/2023,37.79504,-121.28658
WDR100028453,2019,225072,Fort Jones City WWTP,* WDR Site,NORTH COAST RWQCB (REGION 1),N,NaN,WWTP,11/9/2020,41.60539,-122.8588
WDR100028453,2020,225072,Fort Jones City WWTP,* WDR Site,NORTH COAST RWQCB (REGION 1),N,NaN,WWTP,4/28/2021,41.60539,-122.8588
WDR100028453,2021,225072,Fort Jones City WWTP,* WDR Site,NORTH COAST RWQCB (REGION 1),N,NaN,WWTP,4/18/2022,41.60539,-122.8588
WDR100028453,2022,225072,Fort Jones City WWTP,* WDR Site,NORTH COAST RWQCB (REGION 1),N,NaN,WWTP,3/6/2023,41.60539,-122.8588
WDR100031421,2019,214640,Ione WWTF,* WDR Site,CENTRAL VALLEY RWQCB (REGION 5S),Y,N,WWTP RW,7/22/2020,38.353889,-120.958333
WDR100031421,2021,214640,Ione WWTF,* WDR Site,CENTRAL VALLEY RWQCB (REGION 5S),Y,N,WWTP RW,2/16/2022,38.353889,-120.958333
WDR100031421,2020,214640,Ione WWTF,* WDR Site,CENTRAL VALLEY RWQCB (REGION 5S),Y,N,WWTP RW,1/10/2022,38.353889,-120.958333
WDR100031421,2022,214640,Ione WWTF,* WDR Site,CENTRAL VALLEY RWQCB (REGION 5S),Y,N,WWTP RW,2/15/2023,38.353889,-120.958333
WDR100030972,2019,805724,JH Ranch,* WDR Site,NORTH COAST RWQCB (REGION 1),N,NaN,WWTP,4/24/2020,41.36561,-122.90496
WDR100030972,2020,805724,JH Ranch,* WDR Site,NORTH COAST RWQCB (REGION 1),N,NaN,WWTP,3/12/2021,41.36561,-122.90496
WDR100030972,2021,805724,JH Ranch,* WDR Site,NORTH COAST RWQCB (REGION 1),N,NaN,WWTP,2/23/2022,41.36561,-122.90496
WDR100030972,2022,805724,JH Ranch,* WDR Site,NORTH COAST RWQCB (REGION 1),N,NaN,WWTP,2/15/2023,41.36561,-122.90496
WDR100031478,2019,232290,Imperial Standby Basin,* WDR Site,COLORADO RIVER BASIN RWQCB (REGION 7),N,NaN,WWTP,3/27/2020,NaN,NaN
WDR100031478,2020,232290,Imperial Standby Basin,* WDR Site,COLORADO RIVER BASIN RWQCB (REGION 7),N,NaN,WWTP,3/2/2021,NaN,NaN
WDR100031478,2021,232290,Imperial Standby Basin,* WDR Site,COLORADO RIVER BASIN RWQCB (REGION 7),N,NaN,WWTP,5/5/2022,NaN,NaN
WDR100031478,2022,232290,Imperial Standby Basin,* WDR Site,COLORADO RIVER BASIN RWQCB (REGION 7),N,NaN,WWTP,2/22/2023,NaN,NaN
WDR100034678,2019,740731,Tejon Industrial Complex East WWTF,* WDR Site,CENTRAL VALLEY RWQCB (REGION 5F),Y,N,WWTP RW,6/17/2020,34.84164,-118.86482
WDR100034678,2020,740731,Tejon Industrial Complex East WWTF,* WDR Site,CENTRAL VALLEY RWQCB (REGION 5F),Y,N,WWTP RW,4/29/2021,34.84164,-118.86482
WDR100034678,2021,740731,Tejon Industrial Complex East WWTF,* WDR Site,CENTRAL VALLEY RWQCB (REGION 5F),Y,N,WWTP RW,3/29/2022,34.84164,-118.86482
WDR100034678,2022,740731,Tejon Industrial Complex East WWTF,* WDR Site,CENTRAL VALLEY RWQCB (REGION 5F),Y,N,WWTP RW,5/11/2023,34.84164,-118.86482
WDR100035930,2020,807214,Riverstone WWTF,* WDR Site,CENTRAL VALLEY RWQCB (REGION 5F),N,NaN,WWTP,11/30/2021,36.90594,-119.82253
WDR100035930,2019,807214,Riverstone WWTF,* WDR Site,CENTRAL VALLEY RWQCB (REGION 5F),N,NaN,WWTP,11/30/2021,36.90594,-119.82253
WDR100035930,2021,807214,Riverstone WWTF,* WDR Site,CENTRAL VALLEY RWQCB (REGION 5F),N,NaN,WWTP,4/27/2022,36.90594,-119.82253
WDR100035930,2022,807214,Riverstone WWTF,* WDR Site,CENTRAL VALLEY RWQCB (REGION 5F),N,NaN,WWTP,4/25/2023,36.90594,-119.82253
WDR100035978,2019,259148,Redlands WWRF,* WDR Site,SANTA ANA RWQCB (REGION 8),Y,N,WWTP RW,4/28/2020,34.08986,-117.2174
WDR100035978,2020,259148,Redlands WWRF,* WDR Site,SANTA ANA RWQCB (REGION 8),Y,N,WWTP RW,4/21/2021,34.08986,-117.2174
WDR100035978,2021,259148,Redlands WWRF,* WDR Site,SANTA ANA RWQCB (REGION 8),Y,N,WWTP RW,4/4/2022,34.08986,-117.2174
WDR100035978,2022,259148,Redlands WWRF,* WDR Site,SANTA ANA RWQCB (REGION 8),Y,N,WWTP RW,4/4/2023,34.08986,-117.2174
WDR100037337,2019,266694,Tulelake City WWTP,* WDR Site,NORTH COAST RWQCB (REGION 1),Y,N,WWTP RW,6/30/2020,41.94825,-121.47026
WDR100037337,2021,266694,Tulelake City WWTP,* WDR Site,NORTH COAST RWQCB (REGION 1),Y,Y,RWP,2/17/2022,41.94825,-121.47026
WDR100037337,2020,266694,Tulelake City WWTP,* WDR Site,NORTH COAST RWQCB (REGION 1),Y,N,WWTP RW,3/25/2021,41.94825,-121.47026
WDR100037337,2022,266694,Tulelake City WWTP,* WDR Site,NORTH COAST RWQCB (REGION 1),Y,Y,RWP,2/13/2023,41.94825,-121.47026
WDR100040384,2019,739154,Tejon Mountain Village,* WDR Site,CENTRAL VALLEY RWQCB (REGION 5F),N,NaN,WWTP,6/24/2020,34.82881,-118.8565
WDR100040384,2020,739154,Tejon Mountain Village,* WDR Site,CENTRAL VALLEY RWQCB (REGION 5F),N,NaN,WWTP,5/17/2021,34.82881,-118.8565
WDR100040384,2021,739154,Tejon Mountain Village,* WDR Site,CENTRAL VALLEY RWQCB (REGION 5F),N,NaN,WWTP,3/15/2022,34.82881,-118.8565
WDR100040384,2022,739154,Tejon Mountain Village,* WDR Site,CENTRAL VALLEY RWQCB (REGION 5F),N,NaN,WWTP,8/16/2023,34.82881,-118.8565
WDR100028479,2019,273168,Delhi WWTF,* WDR Site,CENTRAL VALLEY RWQCB (REGION 5F),N,NaN,WWTP,4/14/2020,37.4148,-120.75625
WDR100028479,2021,273168,Delhi WWTF,* WDR Site,CENTRAL VALLEY RWQCB (REGION 5F),N,NaN,WWTP,3/10/2022,37.4148,-120.75625
WDR100028479,2020,273168,Delhi WWTF,* WDR Site,CENTRAL VALLEY RWQCB (REGION 5F),N,NaN,WWTP,2/26/2021,37.4148,-120.75625
WDR100028479,2022,273168,Delhi WWTF,* WDR Site,CENTRAL VALLEY RWQCB (REGION 5F),N,NaN,WWTP,2/10/2023,37.4148,-120.75625
WDR100029266,2019,809684,Cambria Emergency Water Supply Facility,* WDR Site,CENTRAL COAST RWQCB (REGION 3),N,NaN,WWTP,4/5/2020,35.60172,-121.12125
WDR100029266,2021,809684,Cambria Emergency Water Supply Facility,* WDR Site,CENTRAL COAST RWQCB (REGION 3),N,NaN,WWTP,1/10/2022,35.60172,-121.12125
WDR100029266,2020,809684,Cambria Emergency Water Supply Facility,* WDR Site,CENTRAL COAST RWQCB (REGION 3),N,NaN,WWTP,3/24/2021,35.60172,-121.12125
WDR100029266,2022,809684,Cambria Emergency Water Supply Facility,* WDR Site,CENTRAL COAST RWQCB (REGION 3),N,NaN,WWTP,1/12/2023,35.60172,-121.12125
WDR100028875,2019,224125,Fall River Mills STP,* WDR Site,CENTRAL VALLEY RWQCB (REGION 5R),N,NaN,WWTP,5/13/2020,41.012142,-121.442797
WDR100028875,2020,224125,Fall River Mills STP,* WDR Site,CENTRAL VALLEY RWQCB (REGION 5R),N,NaN,WWTP,4/16/2021,41.012142,-121.442797
WDR100028875,2021,224125,Fall River Mills STP,* WDR Site,CENTRAL VALLEY RWQCB (REGION 5R),N,NaN,WWTP,7/29/2022,41.012142,-121.442797
WDR100028875,2022,224125,Fall River Mills STP,* WDR Site,CENTRAL VALLEY RWQCB (REGION 5R),N,NaN,WWTP,4/28/2023,41.012142,-121.442797
WDR100035561,2019,219671,SCSD Desert Shores WWTP,* WDR Site,COLORADO RIVER BASIN RWQCB (REGION 7),N,NaN,WWTP,6/26/2020,NaN,NaN
WDR100035561,2020,219671,SCSD Desert Shores WWTP,* WDR Site,COLORADO RIVER BASIN RWQCB (REGION 7),N,NaN,WWTP,3/3/2021,NaN,NaN
WDR100035561,2021,219671,SCSD Desert Shores WWTP,* WDR Site,COLORADO RIVER BASIN RWQCB (REGION 7),N,NaN,WWTP,4/29/2022,NaN,NaN
WDR100035561,2022,219671,SCSD Desert Shores WWTP,* WDR Site,COLORADO RIVER BASIN RWQCB (REGION 7),N,NaN,WWTP,4/14/2023,NaN,NaN
WDR100030189,2019,236378,Lancaster Water Reclamation Plant,* WDR Site,LAHONTAN RWQCB (REGION 6V),Y,N,WWTP RW,6/29/2020,34.77753,-118.15578
WDR100030189,2020,236378,Lancaster Water Reclamation Plant,* WDR Site,LAHONTAN RWQCB (REGION 6V),Y,N,WWTP RW,4/29/2021,34.77753,-118.15578
WDR100030189,2021,236378,Lancaster Water Reclamation Plant,* WDR Site,LAHONTAN RWQCB (REGION 6V),Y,N,WWTP RW,4/29/2022,34.77753,-118.15578
WDR100030189,2022,236378,Lancaster Water Reclamation Plant,* WDR Site,LAHONTAN RWQCB (REGION 6V),Y,N,WWTP RW,4/28/2023,34.77753,-118.15578
WDR100034253,2019,209509,Big Creek Powerhouse No 1 WWTF,* WDR Site,CENTRAL VALLEY RWQCB (REGION 5F),Y,N,WWTP RW,6/26/2020,37.202222,-119.243889
WDR100034253,2020,209509,Big Creek Powerhouse No 1 WWTF,* WDR Site,CENTRAL VALLEY RWQCB (REGION 5F),Y,N,WWTP RW,4/6/2021,37.202222,-119.243889
WDR100034253,2021,209509,Big Creek Powerhouse No 1 WWTF,* WDR Site,CENTRAL VALLEY RWQCB (REGION 5F),Y,N,WWTP RW,4/19/2022,37.202222,-119.243889
WDR100034253,2022,209509,Big Creek Powerhouse No 1 WWTF,* WDR Site,CENTRAL VALLEY RWQCB (REGION 5F),Y,N,WWTP RW,4/14/2023,37.202222,-119.243889
WDR100033379,2019,244250,City of Newman Wastewater Treatment Facility,* WDR Site,CENTRAL VALLEY RWQCB (REGION 5S),N,NaN,WWTP,11/10/2020,37.332757,-120.99154
WDR100033379,2020,244250,City of Newman Wastewater Treatment Facility,* WDR Site,CENTRAL VALLEY RWQCB (REGION 5S),N,NaN,WWTP,2/12/2021,37.332757,-120.99154
WDR100033379,2021,244250,City of Newman Wastewater Treatment Facility,* WDR Site,CENTRAL VALLEY RWQCB (REGION 5S),Y,N,WWTP RW,4/6/2022,37.332757,-120.99154
WDR100033379,2022,244250,City of Newman Wastewater Treatment Facility,* WDR Site,CENTRAL VALLEY RWQCB (REGION 5S),Y,N,WWTP RW,3/14/2023,37.332757,-120.99154
WDR100031539,2019,232656,Ironhouse WWTF,* WDR Site,CENTRAL VALLEY RWQCB (REGION 5S),Y,N,WWTP RW,4/14/2020,37.99995,-121.7109
WDR100031539,2020,232656,Ironhouse WWTF,* WDR Site,CENTRAL VALLEY RWQCB (REGION 5S),Y,N,WWTP RW,2/18/2021,37.99995,-121.7109
WDR100031539,2021,232656,Ironhouse WWTF,* WDR Site,CENTRAL VALLEY RWQCB (REGION 5S),Y,N,WWTP RW,4/7/2022,37.99995,-121.7109
WDR100031539,2022,232656,Ironhouse WWTF,* WDR Site,CENTRAL VALLEY RWQCB (REGION 5S),Y,N,WWTP RW,3/6/2023,37.99995,-121.7109
WDR100028627,2019,222998,Etna STP,* WDR Site,NORTH COAST RWQCB (REGION 1),N,NaN,WWTP,9/3/2020,41.46602,-122.88522
WDR100028627,2020,222998,Etna STP,* WDR Site,NORTH COAST RWQCB (REGION 1),N,NaN,WWTP,4/29/2021,41.46602,-122.88522
WDR100028627,2021,222998,Etna STP,* WDR Site,NORTH COAST RWQCB (REGION 1),N,NaN,WWTP,4/29/2022,41.46602,-122.88522
WDR100028627,2022,222998,Etna STP,* WDR Site,NORTH COAST RWQCB (REGION 1),N,NaN,WWTP,4/12/2023,41.46602,-122.88522
WDR100029522,2019,213270,Carlsbad WRF,* WDR Site,SAN DIEGO RWQCB (REGION 9),Y,Y,RWP,6/10/2020,33.114837,-117.319736
WDR100029522,2020,213270,Carlsbad WRF,* WDR Site,SAN DIEGO RWQCB (REGION 9),Y,Y,RWP,3/31/2021,33.114837,-117.319736
WDR100029522,2021,213270,Carlsbad WRF,* WDR Site,SAN DIEGO RWQCB (REGION 9),Y,Y,RWP,3/22/2022,33.114837,-117.319736
WDR100029522,2022,213270,Carlsbad WRF,* WDR Site,SAN DIEGO RWQCB (REGION 9),Y,Y,RWP,4/27/2023,33.114837,-117.319736
WDR100035948,2019,257831,South Bay WRP,* WDR Site,SAN DIEGO RWQCB (REGION 9),Y,N,WWTP RW,4/29/2020,32.545457,-117.069647
WDR100035948,2020,257831,South Bay WRP,* WDR Site,SAN DIEGO RWQCB (REGION 9),Y,N,WWTP RW,5/12/2021,32.545457,-117.069647
WDR100035948,2021,257831,South Bay WRP,* WDR Site,SAN DIEGO RWQCB (REGION 9),Y,N,WWTP RW,4/26/2022,32.545457,-117.069647
WDR100035948,2022,257831,South Bay WRP,* WDR Site,SAN DIEGO RWQCB (REGION 9),Y,N,WWTP RW,4/27/2023,32.545457,-117.069647
WDR100032324,2019,202611,4-S Ranch WRF,* WDR Site,SAN DIEGO RWQCB (REGION 9),Y,N,WWTP RW,9/28/2020,33.014402,-117.112003
WDR100032324,2020,202611,4-S Ranch WRF,* WDR Site,SAN DIEGO RWQCB (REGION 9),Y,N,WWTP RW,5/12/2021,33.014402,-117.112003
WDR100032324,2021,202611,4-S Ranch WRF,* WDR Site,SAN DIEGO RWQCB (REGION 9),Y,N,WWTP RW,4/12/2022,33.014402,-117.112003
WDR100032324,2022,202611,4-S Ranch WRF,* WDR Site,SAN DIEGO RWQCB (REGION 9),Y,N,WWTP RW,4/17/2023,33.014402,-117.112003
WDR100030666,2019,226637,Gafner Water Reclamation Facility,* WDR Site,SAN DIEGO RWQCB (REGION 9),Y,Y,RWP,6/17/2020,33.08677,-117.26634
WDR100030666,2020,226637,Gafner Water Reclamation Facility,* WDR Site,SAN DIEGO RWQCB (REGION 9),Y,Y,RWP,4/21/2021,33.08677,-117.26634
WDR100030666,2021,226637,Gafner Water Reclamation Facility,* WDR Site,SAN DIEGO RWQCB (REGION 9),Y,Y,RWP,2/15/2022,33.08677,-117.26634
WDR100030666,2022,226637,Gafner Water Reclamation Facility,* WDR Site,SAN DIEGO RWQCB (REGION 9),Y,Y,RWP,4/6/2023,33.08677,-117.26634
WDR100035075,2019,255265,San Elijo Water Reclamation Facility,* WDR Site,SAN DIEGO RWQCB (REGION 9),Y,N,WWTP RW,3/11/2020,33.01373,-117.27371
WDR100035075,2020,255265,San Elijo Water Reclamation Facility,* WDR Site,SAN DIEGO RWQCB (REGION 9),Y,N,WWTP RW,1/26/2021,33.01373,-117.27371
WDR100035075,2021,255265,San Elijo Water Reclamation Facility,* WDR Site,SAN DIEGO RWQCB (REGION 9),Y,N,WWTP RW,1/24/2022,33.01373,-117.27371
WDR100035075,2022,255265,San Elijo Water Reclamation Facility,* WDR Site,SAN DIEGO RWQCB (REGION 9),Y,N,WWTP RW,4/24/2023,33.01373,-117.27371
WDR100028880,2019,224137,Fallbrook Water Reclamation Plant,* WDR Site,SAN DIEGO RWQCB (REGION 9),Y,N,WWTP RW,4/8/2020,33.36712,-117.25798
WDR100028880,2020,224137,Fallbrook Water Reclamation Plant,* WDR Site,SAN DIEGO RWQCB (REGION 9),Y,N,WWTP RW,4/20/2021,33.36712,-117.25798
WDR100028880,2021,224137,Fallbrook Water Reclamation Plant,* WDR Site,SAN DIEGO RWQCB (REGION 9),Y,N,WWTP RW,2/15/2022,33.36712,-117.25798
WDR100028880,2022,224137,Fallbrook Water Reclamation Plant,* WDR Site,SAN DIEGO RWQCB (REGION 9),Y,N,WWTP RW,4/20/2023,33.36712,-117.25798
WDR100032206,2019,255386,San Luis Rey Water Reclamation Facility - Recycled Water and Pure Water,* WDR Site,SAN DIEGO RWQCB (REGION 9),Y,N,WWTP RW,5/21/2020,33.24537,-117.33103
WDR100032206,2020,255386,San Luis Rey Water Reclamation Facility - Recycled Water and Pure Water,* WDR Site,SAN DIEGO RWQCB (REGION 9),Y,N,WWTP RW,4/27/2021,33.24537,-117.33103
WDR100032206,2021,255386,San Luis Rey Water Reclamation Facility - Recycled Water and Pure Water,* WDR Site,SAN DIEGO RWQCB (REGION 9),Y,N,WWTP RW,4/27/2022,33.24537,-117.33103
WDR100032206,2022,255386,San Luis Rey Water Reclamation Facility - Recycled Water and Pure Water,* WDR Site,SAN DIEGO RWQCB (REGION 9),Y,N,WWTP RW,4/30/2023,33.24537,-117.33103
WDR100032712,2019,251548,Ralph W Chapman WRF,* WDR Site,SAN DIEGO RWQCB (REGION 9),Y,N,WWTP RW,4/30/2020,32.72827,-116.94724
WDR100032712,2020,251548,Ralph W Chapman WRF,* WDR Site,SAN DIEGO RWQCB (REGION 9),Y,N,WWTP RW,4/16/2021,32.72827,-116.94724
WDR100032712,2022,251548,Ralph W Chapman WRF,* WDR Site,SAN DIEGO RWQCB (REGION 9),Y,N,WWTP RW,2/7/2023,32.72827,-116.94724
WDR100032712,2021,251548,Ralph W Chapman WRF,* WDR Site,SAN DIEGO RWQCB (REGION 9),Y,N,WWTP RW,4/14/2022,32.72827,-116.94724
WDR100032406,2019,247351,Ray Stoyer Water Recycling Facility,* WDR Site,SAN DIEGO RWQCB (REGION 9),Y,N,WWTP RW,4/6/2020,32.85834,-117.0061
WDR100032406,2020,247351,Ray Stoyer Water Recycling Facility,* WDR Site,SAN DIEGO RWQCB (REGION 9),Y,N,WWTP RW,2/3/2021,32.85834,-117.0061
WDR100032406,2021,247351,Ray Stoyer Water Recycling Facility,* WDR Site,SAN DIEGO RWQCB (REGION 9),Y,N,WWTP RW,5/4/2022,32.85834,-117.0061
WDR100032406,2022,247351,Ray Stoyer Water Recycling Facility,* WDR Site,SAN DIEGO RWQCB (REGION 9),Y,N,WWTP RW,2/6/2023,32.85834,-117.0061
WDR100032629,2019,255468,San Vicente Wastewater Treatment Plant,* WDR Site,SAN DIEGO RWQCB (REGION 9),Y,N,WWTP RW,6/17/2020,32.99921,-116.84008
WDR100032629,2020,255468,San Vicente Wastewater Treatment Plant,* WDR Site,SAN DIEGO RWQCB (REGION 9),Y,N,WWTP RW,4/12/2021,32.99921,-116.84008
WDR100032629,2021,255468,San Vicente Wastewater Treatment Plant,* WDR Site,SAN DIEGO RWQCB (REGION 9),Y,N,WWTP RW,4/25/2022,32.99921,-116.84008
WDR100032629,2022,255468,San Vicente Wastewater Treatment Plant,* WDR Site,SAN DIEGO RWQCB (REGION 9),Y,N,WWTP RW,4/5/2023,32.99921,-116.84008
WDR100028566,2019,229727,Hale Avenue Resource Recovery Facility (HARRF) Recycled Water,* WDR Site,SAN DIEGO RWQCB (REGION 9),Y,N,WWTP RW,8/11/2020,33.10508,-117.11184
WDR100028566,2020,229727,Hale Avenue Resource Recovery Facility (HARRF) Recycled Water,* WDR Site,SAN DIEGO RWQCB (REGION 9),Y,N,WWTP RW,7/1/2021,33.10508,-117.11184
WDR100028566,2021,229727,Hale Avenue Resource Recovery Facility (HARRF) Recycled Water,* WDR Site,SAN DIEGO RWQCB (REGION 9),Y,N,WWTP RW,4/5/2022,33.10508,-117.11184
WDR100028566,2022,229727,Hale Avenue Resource Recovery Facility (HARRF) Recycled Water,* WDR Site,SAN DIEGO RWQCB (REGION 9),Y,N,WWTP RW,3/14/2023,33.10508,-117.11184
WDR100036696,2019,264662,Tomales Village WWTP,* WDR Site,SAN FRANCISCO BAY RWQCB (REGION 2),N,NaN,WWTP,7/30/2020,38.243775,-122.898688
WDR100036696,2021,264662,Tomales Village WWTP,* WDR Site,SAN FRANCISCO BAY RWQCB (REGION 2),N,NaN,WWTP,4/5/2022,38.243775,-122.898688
WDR100036696,2020,264662,Tomales Village WWTP,* WDR Site,SAN FRANCISCO BAY RWQCB (REGION 2),N,NaN,WWTP,3/8/2021,38.243775,-122.898688
WDR100036696,2022,264662,Tomales Village WWTP,* WDR Site,SAN FRANCISCO BAY RWQCB (REGION 2),N,NaN,WWTP,4/3/2023,38.243775,-122.898688
WDR100035946,2019,244506,North City WRP,* WDR Site,SAN DIEGO RWQCB (REGION 9),Y,N,WWTP RW,4/26/2021,32.88063,-117.19854
WDR100035946,2021,244506,North City WRP,* WDR Site,SAN DIEGO RWQCB (REGION 9),Y,N,WWTP RW,4/26/2022,32.88063,-117.19854
WDR100035946,2020,244506,North City WRP,* WDR Site,SAN DIEGO RWQCB (REGION 9),Y,N,WWTP RW,4/26/2021,32.88063,-117.19854
WDR100035946,2022,244506,North City WRP,* WDR Site,SAN DIEGO RWQCB (REGION 9),Y,N,WWTP RW,4/27/2023,32.88063,-117.19854
WDR100030287,2019,209473,Bieber STP,* WDR Site,CENTRAL VALLEY RWQCB (REGION 5R),N,NaN,WWTP,4/2/2020,41.115775,-121.137611
WDR100030287,2021,209473,Bieber STP,* WDR Site,CENTRAL VALLEY RWQCB (REGION 5R),N,NaN,WWTP,2/22/2022,41.115775,-121.137611
WDR100030287,2020,209473,Bieber STP,* WDR Site,CENTRAL VALLEY RWQCB (REGION 5R),N,NaN,WWTP,4/30/2021,41.115775,-121.137611
WDR100030287,2022,209473,Bieber STP,* WDR Site,CENTRAL VALLEY RWQCB (REGION 5R),N,NaN,WWTP,4/24/2023,41.115775,-121.137611
WDR100028257,2019,271777,El Toro Water Dist WWRF,* WDR Site,SANTA ANA RWQCB (REGION 8),Y,N,WWTP RW,4/27/2020,33.61932,-117.72637
WDR100028257,2020,271777,El Toro Water Dist WWRF,* WDR Site,SANTA ANA RWQCB (REGION 8),Y,N,WWTP RW,4/19/2021,33.61932,-117.72637
WDR100028257,2021,271777,El Toro Water Dist WWRF,* WDR Site,SANTA ANA RWQCB (REGION 8),Y,N,WWTP RW,4/12/2023,33.61932,-117.72637
WDR100028257,2022,271777,El Toro Water Dist WWRF,* WDR Site,SANTA ANA RWQCB (REGION 8),Y,N,WWTP RW,1/20/2023,33.61932,-117.72637
WDR100031289,2019,259155,Idyllwild WD WWTP,* WDR Site,SANTA ANA RWQCB (REGION 8),N,NaN,WWTP,8/19/2020,33.73277,-116.74354
WDR100031289,2021,259155,Idyllwild WD WWTP,* WDR Site,SANTA ANA RWQCB (REGION 8),N,NaN,WWTP,2/27/2022,33.73277,-116.74354
WDR100031289,2020,259155,Idyllwild WD WWTP,* WDR Site,SANTA ANA RWQCB (REGION 8),N,NaN,WWTP,2/21/2021,33.73277,-116.74354
WDR100031289,2022,259155,Idyllwild WD WWTP,* WDR Site,SANTA ANA RWQCB (REGION 8),N,NaN,WWTP,2/26/2023,33.73277,-116.74354
WDR100034356,2019,817457,Tesoro Viejo Wastewater Treatment Plant,* WDR Site,CENTRAL VALLEY RWQCB (REGION 5F),N,NaN,WWTP,4/10/2020,36.95449,-119.78866
WDR100034356,2020,817457,Tesoro Viejo Wastewater Treatment Plant,* WDR Site,CENTRAL VALLEY RWQCB (REGION 5F),N,NaN,WWTP,2/23/2021,36.95449,-119.78866
WDR100034356,2021,817457,Tesoro Viejo Wastewater Treatment Plant,* WDR Site,CENTRAL VALLEY RWQCB (REGION 5F),Y,N,WWTP RW,3/11/2022,36.95449,-119.78866
WDR100034356,2022,817457,Tesoro Viejo Wastewater Treatment Plant,* WDR Site,CENTRAL VALLEY RWQCB (REGION 5F),Y,N,WWTP RW,1/25/2023,36.95449,-119.78866
WDR100035884,2019,255218,City of San Clemente WRP,* WDR Site,SAN DIEGO RWQCB (REGION 9),Y,N,WWTP RW,6/17/2020,33.435947,-117.627018
WDR100035884,2020,255218,City of San Clemente WRP,* WDR Site,SAN DIEGO RWQCB (REGION 9),Y,N,WWTP RW,4/7/2021,33.435947,-117.627018
WDR100035884,2021,255218,City of San Clemente WRP,* WDR Site,SAN DIEGO RWQCB (REGION 9),Y,N,WWTP RW,2/3/2022,33.435947,-117.627018
WDR100035884,2022,255218,City of San Clemente WRP,* WDR Site,SAN DIEGO RWQCB (REGION 9),Y,N,WWTP RW,4/3/2023,33.435947,-117.627018
WDR100031398,2019,230011,Helendale Silverlakes STP,* WDR Site,LAHONTAN RWQCB (REGION 6V),Y,N,WWTP RW,4/17/2020,34.775366,-117.328502
WDR100031398,2021,230011,Helendale Silverlakes STP,* WDR Site,LAHONTAN RWQCB (REGION 6V),N,NaN,WWTP,1/25/2022,34.775366,-117.328502
WDR100031398,2020,230011,Helendale Silverlakes STP,* WDR Site,LAHONTAN RWQCB (REGION 6V),N,NaN,WWTP,2/12/2021,34.775366,-117.328502
WDR100031398,2022,230011,Helendale Silverlakes STP,* WDR Site,LAHONTAN RWQCB (REGION 6V),N,NaN,WWTP,2/10/2023,34.775366,-117.328502
WDR100035936,2019,253293,Rosamond WTF (Ponds),* WDR Site,LAHONTAN RWQCB (REGION 6V),N,NaN,WWTP,4/14/2020,34.83554,-118.14903
WDR100035936,2021,253293,Rosamond WTF (Ponds),* WDR Site,LAHONTAN RWQCB (REGION 6V),N,NaN,WWTP,1/3/2022,34.83554,-118.14903
WDR100035936,2020,253293,Rosamond WTF (Ponds),* WDR Site,LAHONTAN RWQCB (REGION 6V),N,NaN,WWTP,1/12/2021,34.83554,-118.14903
WDR100035936,2022,253293,Rosamond WTF (Ponds),* WDR Site,LAHONTAN RWQCB (REGION 6V),N,NaN,WWTP,1/18/2023,34.83554,-118.14903
WDR100037420,2019,272975,Woods Valley Ranch Water Reclamation Facility,* WDR Site,SAN DIEGO RWQCB (REGION 9),Y,N,WWTP RW,5/27/2020,33.21303,-117.03347
WDR100037420,2020,272975,Woods Valley Ranch Water Reclamation Facility,* WDR Site,SAN DIEGO RWQCB (REGION 9),Y,N,WWTP RW,3/16/2021,33.21303,-117.03347
WDR100037420,2021,272975,Woods Valley Ranch Water Reclamation Facility,* WDR Site,SAN DIEGO RWQCB (REGION 9),Y,N,WWTP RW,4/5/2022,33.21303,-117.03347
WDR100037420,2022,272975,Woods Valley Ranch Water Reclamation Facility,* WDR Site,SAN DIEGO RWQCB (REGION 9),Y,N,WWTP RW,4/12/2023,33.21303,-117.03347
WDR100026875,2019,204486,Adin CSD,* WDR Site,CENTRAL VALLEY RWQCB (REGION 5R),N,NaN,WWTP,7/16/2020,41.18548,-120.94687
WDR100026875,2021,204486,Adin CSD,* WDR Site,CENTRAL VALLEY RWQCB (REGION 5R),N,NaN,WWTP,1/26/2022,41.18548,-120.94687
WDR100026875,2020,204486,Adin CSD,* WDR Site,CENTRAL VALLEY RWQCB (REGION 5R),N,NaN,WWTP,1/26/2022,41.18548,-120.94687
WDR100026875,2022,204486,Adin CSD,* WDR Site,CENTRAL VALLEY RWQCB (REGION 5R),N,NaN,WWTP,1/11/2023,41.18548,-120.94687
WDR100031184,2019,226690,Galt WWTP & Reclamation Facility,* WDR Site,CENTRAL VALLEY RWQCB (REGION 5S),N,NaN,WWTP,4/30/2020,38.290991,-121.321791
WDR100031184,2020,226690,Galt WWTP & Reclamation Facility,* WDR Site,CENTRAL VALLEY RWQCB (REGION 5S),Y,N,WWTP RW,4/27/2021,38.290991,-121.321791
WDR100031184,2021,226690,Galt WWTP & Reclamation Facility,* WDR Site,CENTRAL VALLEY RWQCB (REGION 5S),Y,N,WWTP RW,4/28/2022,38.290991,-121.321791
WDR100031184,2022,226690,Galt WWTP & Reclamation Facility,* WDR Site,CENTRAL VALLEY RWQCB (REGION 5S),Y,N,WWTP RW,4/20/2023,38.290991,-121.321791
WDR100037623,2019,225579,Furn Crk Inn & Ranch Pack STP,* WDR Site,LAHONTAN RWQCB (REGION 6V),Y,N,WWTP RW,6/3/2020,36.455294,-116.873628
WDR100037623,2020,225579,Furn Crk Inn & Ranch Pack STP,* WDR Site,LAHONTAN RWQCB (REGION 6V),Y,N,WWTP RW,4/28/2021,36.455294,-116.873628
WDR100037623,2021,225579,Furn Crk Inn & Ranch Pack STP,* WDR Site,LAHONTAN RWQCB (REGION 6V),N,NaN,WWTP,8/15/2022,36.455294,-116.873628
WDR100037623,2022,225579,Furn Crk Inn & Ranch Pack STP,* WDR Site,LAHONTAN RWQCB (REGION 6V),N,NaN,WWTP,3/1/2023,36.455294,-116.873628
WDR100040168,2020,849194,Civita Water Reclamation Facility,* WDR Site,SAN DIEGO RWQCB (REGION 9),N,NaN,WWTP,7/19/2021,32.77545,-117.14742
WDR100040168,2019,849194,Civita Water Reclamation Facility,* WDR Site,SAN DIEGO RWQCB (REGION 9),N,NaN,WWTP,7/19/2021,32.77545,-117.14742
WDR100040168,2022,849194,Civita Water Reclamation Facility,* WDR Site,SAN DIEGO RWQCB (REGION 9),N,NaN,WWTP,1/16/2023,32.77545,-117.14742
WDR100040168,2021,849194,Civita Water Reclamation Facility,* WDR Site,SAN DIEGO RWQCB (REGION 9),N,NaN,WWTP,3/17/2022,32.77545,-117.14742
WDR100040422,2019,271887,Wawona WWTF,* WDR Site,CENTRAL VALLEY RWQCB (REGION 5F),Y,N,WWTP RW,7/24/2020,37.54332,-119.6517
WDR100040422,2021,271887,Wawona WWTF,* WDR Site,CENTRAL VALLEY RWQCB (REGION 5F),Y,N,WWTP RW,2/7/2022,37.54332,-119.6517
WDR100040422,2020,271887,Wawona WWTF,* WDR Site,CENTRAL VALLEY RWQCB (REGION 5F),Y,N,WWTP RW,1/28/2021,37.54332,-119.6517
WDR100040422,2022,271887,Wawona WWTF,* WDR Site,CENTRAL VALLEY RWQCB (REGION 5F),Y,N,WWTP RW,2/7/2023,37.54332,-119.6517
WDR100039566,2019,828255,Paradise Cove Mobile Home Park & Paradise Cove Beach Cafe,* WDR Site,LOS ANGELES RWQCB (REGION 4),N,NaN,WWTP,6/10/2020,34.02025,-118.78713
WDR100039566,2020,828255,Paradise Cove Mobile Home Park & Paradise Cove Beach Cafe,* WDR Site,LOS ANGELES RWQCB (REGION 4),N,NaN,WWTP,4/25/2021,34.02025,-118.78713
WDR100039566,2021,828255,Paradise Cove Mobile Home Park & Paradise Cove Beach Cafe,* WDR Site,LOS ANGELES RWQCB (REGION 4),Y,N,WWTP RW,4/29/2022,34.02025,-118.78713
WDR100039566,2022,828255,Paradise Cove Mobile Home Park & Paradise Cove Beach Cafe,* WDR Site,LOS ANGELES RWQCB (REGION 4),Y,N,WWTP RW,3/9/2023,34.02025,-118.78713
WDR100028710,2019,201082,Fresno Cnty #44A-Millerton Lake MHV WWTF,* WDR Site,CENTRAL VALLEY RWQCB (REGION 5F),N,NaN,WWTP,6/10/2020,36.982595,-119.71424
WDR100028710,2020,201082,Fresno Cnty #44A-Millerton Lake MHV WWTF,* WDR Site,CENTRAL VALLEY RWQCB (REGION 5F),N,NaN,WWTP,4/26/2021,36.982595,-119.71424
WDR100028710,2021,201082,Fresno Cnty #44A-Millerton Lake MHV WWTF,* WDR Site,CENTRAL VALLEY RWQCB (REGION 5F),N,NaN,WWTP,4/25/2022,36.982595,-119.71424
WDR100028710,2022,201082,Fresno Cnty #44A-Millerton Lake MHV WWTF,* WDR Site,CENTRAL VALLEY RWQCB (REGION 5F),N,NaN,WWTP,4/27/2023,36.982595,-119.71424
NPD100051648,2019,234156,"Joint Water Pollution Control Plant, Carson",* NPDES,LOS ANGELES RWQCB (REGION 4),N,NaN,WWTP,6/29/2020,33.802811,-118.283795
NPD100051648,2020,234156,"Joint Water Pollution Control Plant, Carson",* NPDES,LOS ANGELES RWQCB (REGION 4),N,NaN,WWTP,4/29/2021,33.802811,-118.283795
NPD100051648,2021,234156,"Joint Water Pollution Control Plant, Carson",* NPDES,LOS ANGELES RWQCB (REGION 4),N,NaN,WWTP,4/28/2022,33.802811,-118.283795
NPD100051648,2022,234156,"Joint Water Pollution Control Plant, Carson",* NPDES,LOS ANGELES RWQCB (REGION 4),N,NaN,WWTP,4/28/2023,33.802811,-118.283795
NPD100051898,2019,244348,Niland SD WWTP,* NPDES,COLORADO RIVER BASIN RWQCB (REGION 7),N,NaN,WWTP,3/31/2020,33.227333,-115.561667
NPD100051898,2020,244348,Niland SD WWTP,* NPDES,COLORADO RIVER BASIN RWQCB (REGION 7),N,NaN,WWTP,3/29/2021,33.227333,-115.561667
NPD100051898,2021,244348,Niland SD WWTP,* NPDES,COLORADO RIVER BASIN RWQCB (REGION 7),N,NaN,WWTP,3/21/2022,33.227333,-115.561667
NPD100051898,2022,244348,Niland SD WWTP,* NPDES,COLORADO RIVER BASIN RWQCB (REGION 7),N,NaN,WWTP,2/22/2023,33.227333,-115.561667
NPD100051903,2019,255703,Santa Rosa Laguna Subregional Water Reclamation Facility,* NPDES,NORTH COAST RWQCB (REGION 1),Y,N,WWTP RW,6/1/2020,38.36877,-122.76594
NPD100051903,2021,255703,Santa Rosa Laguna Subregional Water Reclamation Facility,* NPDES,NORTH COAST RWQCB (REGION 1),Y,N,WWTP RW,4/6/2022,38.36877,-122.76594
NPD100051903,2020,255703,Santa Rosa Laguna Subregional Water Reclamation Facility,* NPDES,NORTH COAST RWQCB (REGION 1),Y,N,WWTP RW,4/19/2021,38.36877,-122.76594
NPD100051903,2022,255703,Santa Rosa Laguna Subregional Water Reclamation Facility,* NPDES,NORTH COAST RWQCB (REGION 1),Y,N,WWTP RW,3/23/2023,38.36877,-122.76594
NPD100051904,2019,252211,Redway POTW,* NPDES,NORTH COAST RWQCB (REGION 1),N,NaN,WWTP,9/2/2020,40.12036,-123.82482
NPD100051904,2020,252211,Redway POTW,* NPDES,NORTH COAST RWQCB (REGION 1),N,NaN,WWTP,4/27/2021,40.12036,-123.82482
NPD100051904,2022,252211,Redway POTW,* NPDES,NORTH COAST RWQCB (REGION 1),N,NaN,WWTP,4/19/2023,40.12036,-123.82482
NPD100051904,2021,252211,Redway POTW,* NPDES,NORTH COAST RWQCB (REGION 1),N,NaN,WWTP,3/18/2022,40.12036,-123.82482
NPD100051924,2019,244705,Novato and Ignacio WWTP,* NPDES,SAN FRANCISCO BAY RWQCB (REGION 2),Y,N,WWTP RW,4/28/2020,38.10034,-122.55298
NPD100051924,2020,244705,Novato and Ignacio WWTP,* NPDES,SAN FRANCISCO BAY RWQCB (REGION 2),Y,N,WWTP RW,4/29/2021,38.10034,-122.55298
NPD100051924,2021,244705,Novato and Ignacio WWTP,* NPDES,SAN FRANCISCO BAY RWQCB (REGION 2),Y,N,WWTP RW,4/27/2022,38.10034,-122.55298
NPD100051924,2022,244705,Novato and Ignacio WWTP,* NPDES,SAN FRANCISCO BAY RWQCB (REGION 2),Y,N,WWTP RW,4/19/2023,38.10034,-122.55298
NPD100051933,2019,229882,Hayward WPCF,* NPDES,SAN FRANCISCO BAY RWQCB (REGION 2),Y,N,WWTP RW,4/24/2020,37.633265,-122.131435
NPD100051933,2020,229882,Hayward WPCF,* NPDES,SAN FRANCISCO BAY RWQCB (REGION 2),Y,N,WWTP RW,4/21/2021,37.633265,-122.131435
NPD100051933,2021,229882,Hayward WPCF,* NPDES,SAN FRANCISCO BAY RWQCB (REGION 2),Y,N,WWTP RW,4/1/2022,37.633265,-122.131435
NPD100051933,2022,229882,Hayward WPCF,* NPDES,SAN FRANCISCO BAY RWQCB (REGION 2),Y,N,WWTP RW,4/27/2023,37.633265,-122.131435
NPD100051934,2019,237195,City of Livermore Water Reclamation Plant,* NPDES,SAN FRANCISCO BAY RWQCB (REGION 2),Y,N,WWTP RW,4/14/2020,37.69009,-121.80767
NPD100051934,2021,237195,City of Livermore Water Reclamation Plant,* NPDES,SAN FRANCISCO BAY RWQCB (REGION 2),Y,N,WWTP RW,2/23/2022,37.69009,-121.80767
NPD100051934,2020,237195,City of Livermore Water Reclamation Plant,* NPDES,SAN FRANCISCO BAY RWQCB (REGION 2),Y,N,WWTP RW,1/20/2021,37.69009,-121.80767
NPD100051934,2022,237195,City of Livermore Water Reclamation Plant,* NPDES,SAN FRANCISCO BAY RWQCB (REGION 2),Y,N,WWTP RW,2/10/2023,37.69009,-121.80767
NPD100051935,2019,255368,San Leandro WPCP,* NPDES,SAN FRANCISCO BAY RWQCB (REGION 2),Y,N,WWTP RW,9/24/2020,37.714649,-122.192812
NPD100051935,2020,255368,San Leandro WPCP,* NPDES,SAN FRANCISCO BAY RWQCB (REGION 2),Y,N,WWTP RW,4/13/2021,37.714649,-122.192812
NPD100051935,2021,255368,San Leandro WPCP,* NPDES,SAN FRANCISCO BAY RWQCB (REGION 2),Y,N,WWTP RW,3/17/2022,37.714649,-122.192812
NPD100051935,2022,255368,San Leandro WPCP,* NPDES,SAN FRANCISCO BAY RWQCB (REGION 2),Y,N,WWTP RW,4/25/2023,37.714649,-122.192812
NPD100051936,2019,269042,Raymond A. Boege Alvarado WWTP (Union SD),* NPDES,SAN FRANCISCO BAY RWQCB (REGION 2),Y,N,WWTP RW,4/24/2020,37.59323,-122.0901
NPD100051936,2020,269042,Raymond A. Boege Alvarado WWTP (Union SD),* NPDES,SAN FRANCISCO BAY RWQCB (REGION 2),Y,N,WWTP RW,4/8/2021,37.59323,-122.0901
NPD100051936,2021,269042,Raymond A. Boege Alvarado WWTP (Union SD),* NPDES,SAN FRANCISCO BAY RWQCB (REGION 2),Y,N,WWTP RW,4/1/2022,37.59323,-122.0901
NPD100051936,2022,269042,Raymond A. Boege Alvarado WWTP (Union SD),* NPDES,SAN FRANCISCO BAY RWQCB (REGION 2),Y,N,WWTP RW,4/25/2023,37.59323,-122.0901
NPD100051937,2019,219552,Delta Diablo WWTP,* NPDES,SAN FRANCISCO BAY RWQCB (REGION 2),Y,N,WWTP RW,4/22/2020,38.01558,-121.8419
NPD100051937,2020,219552,Delta Diablo WWTP,* NPDES,SAN FRANCISCO BAY RWQCB (REGION 2),Y,N,WWTP RW,3/15/2021,38.01558,-121.8419
NPD100051937,2021,219552,Delta Diablo WWTP,* NPDES,SAN FRANCISCO BAY RWQCB (REGION 2),Y,N,WWTP RW,3/23/2022,38.01558,-121.8419
NPD100051937,2022,219552,Delta Diablo WWTP,* NPDES,SAN FRANCISCO BAY RWQCB (REGION 2),Y,N,WWTP RW,4/13/2023,38.01558,-121.8419
NPD100051948,2019,259156,Michelson WWRF,* NPDES,SANTA ANA RWQCB (REGION 8),Y,N,WWTP RW,9/28/2020,33.662111,-117.795806
NPD100051948,2021,259156,Michelson WWRF,* NPDES,SANTA ANA RWQCB (REGION 8),Y,N,WWTP RW,4/21/2022,33.662111,-117.795806
NPD100051948,2020,259156,Michelson WWRF,* NPDES,SANTA ANA RWQCB (REGION 8),Y,N,WWTP RW,4/30/2021,33.662111,-117.795806
NPD100051948,2022,259156,Michelson WWRF,* NPDES,SANTA ANA RWQCB (REGION 8),Y,N,WWTP RW,4/21/2023,33.662111,-117.795806
NPD100051952,2019,267130,Terminal Island Water Reclamation Plant,* NPDES,LOS ANGELES RWQCB (REGION 4),Y,N,WWTP RW,4/30/2020,33.748967,-118.25265
NPD100051952,2021,267130,Terminal Island Water Reclamation Plant,* NPDES,LOS ANGELES RWQCB (REGION 4),Y,N,WWTP RW,3/30/2022,33.748967,-118.25265
NPD100051952,2020,267130,Terminal Island Water Reclamation Plant,* NPDES,LOS ANGELES RWQCB (REGION 4),Y,N,WWTP RW,3/25/2021,33.748967,-118.25265
NPD100051952,2022,267130,Terminal Island Water Reclamation Plant,* NPDES,LOS ANGELES RWQCB (REGION 4),Y,N,WWTP RW,4/14/2023,33.748967,-118.25265
NPD100051607,2019,259161,Henry N. Wochholz WWRF,* NPDES,SANTA ANA RWQCB (REGION 8),Y,N,WWTP RW,4/6/2021,34.0023,-117.07465
NPD100051607,2020,259161,Henry N. Wochholz WWRF,* NPDES,SANTA ANA RWQCB (REGION 8),Y,N,WWTP RW,4/6/2021,34.0023,-117.07465
NPD100051607,2021,259161,Henry N. Wochholz WWRF,* NPDES,SANTA ANA RWQCB (REGION 8),Y,N,WWTP RW,2/10/2022,34.0023,-117.07465
NPD100051607,2022,259161,Henry N. Wochholz WWRF,* NPDES,SANTA ANA RWQCB (REGION 8),Y,N,WWTP RW,1/11/2023,34.0023,-117.07465
WDR100031522,2019,806008,Hi-Desert WD Reclamation Facility,* WDR Site,COLORADO RIVER BASIN RWQCB (REGION 7),N,NaN,WWTP,8/12/2020,34.12803,-116.37449
WDR100031522,2021,806008,Hi-Desert WD Reclamation Facility,* WDR Site,COLORADO RIVER BASIN RWQCB (REGION 7),N,NaN,WWTP,1/24/2022,34.12803,-116.37449
WDR100031522,2020,806008,Hi-Desert WD Reclamation Facility,* WDR Site,COLORADO RIVER BASIN RWQCB (REGION 7),Y,N,WWTP RW,2/11/2021,34.12803,-116.37449
WDR100031522,2022,806008,Hi-Desert WD Reclamation Facility,* WDR Site,COLORADO RIVER BASIN RWQCB (REGION 7),N,NaN,WWTP,1/12/2023,34.12803,-116.37449
WDR100046441,2019,209551,City of Biggs WWTP,* WDR Site,CENTRAL VALLEY RWQCB (REGION 5R),N,NaN,WWTP,7/1/2020,39.413736,-121.710953
WDR100046441,2020,209551,City of Biggs WWTP,* WDR Site,CENTRAL VALLEY RWQCB (REGION 5R),N,NaN,WWTP,4/30/2021,39.413736,-121.710953
WDR100046441,2021,209551,City of Biggs WWTP,* WDR Site,CENTRAL VALLEY RWQCB (REGION 5R),N,NaN,WWTP,4/25/2022,39.413736,-121.710953
NPD100051636,2019,259170,Beaumont WWTP No. 1,* NPDES,SANTA ANA RWQCB (REGION 8),N,NaN,WWTP,4/27/2020,33.9244175,-116.996799
NPD100051636,2020,259170,Beaumont WWTP No. 1,* NPDES,SANTA ANA RWQCB (REGION 8),N,NaN,WWTP,1/26/2021,33.9244175,-116.996799
NPD100051636,2021,259170,Beaumont WWTP No. 1,* NPDES,SANTA ANA RWQCB (REGION 8),N,NaN,WWTP,5/9/2022,33.9244175,-116.996799
NPD100051636,2022,259170,Beaumont WWTP No. 1,* NPDES,SANTA ANA RWQCB (REGION 8),N,NaN,WWTP,4/26/2023,33.9244175,-116.996799
NPD100051578,2019,205325,Alturas Municipal WWTP,* NPDES,CENTRAL VALLEY RWQCB (REGION 5R),N,NaN,WWTP,4/23/2020,41.483391,-120.543491
NPD100051578,2020,205325,Alturas Municipal WWTP,* NPDES,CENTRAL VALLEY RWQCB (REGION 5R),N,NaN,WWTP,1/27/2021,41.483391,-120.543491
NPD100051578,2021,205325,Alturas Municipal WWTP,* NPDES,CENTRAL VALLEY RWQCB (REGION 5R),N,NaN,WWTP,2/25/2022,41.483391,-120.543491
NPD100051578,2022,205325,Alturas Municipal WWTP,* NPDES,CENTRAL VALLEY RWQCB (REGION 5R),N,NaN,WWTP,1/23/2023,41.483391,-120.543491
NPD100051593,2019,205477,American Canyon Water Reclamation Facility (WRF) (formerly WWTP),* NPDES,SAN FRANCISCO BAY RWQCB (REGION 2),Y,N,WWTP RW,4/27/2020,38.18883,-122.2782
NPD100051593,2020,205477,American Canyon Water Reclamation Facility (WRF) (formerly WWTP),* NPDES,SAN FRANCISCO BAY RWQCB (REGION 2),Y,N,WWTP RW,5/12/2021,38.18883,-122.2782
NPD100051593,2021,205477,American Canyon Water Reclamation Facility (WRF) (formerly WWTP),* NPDES,SAN FRANCISCO BAY RWQCB (REGION 2),Y,N,WWTP RW,4/28/2022,38.18883,-122.2782
NPD100051593,2022,205477,American Canyon Water Reclamation Facility (WRF) (formerly WWTP),* NPDES,SAN FRANCISCO BAY RWQCB (REGION 2),Y,N,WWTP RW,4/27/2023,38.18883,-122.2782
NPD100051592,2019,205741,Anderson WPCP,* NPDES,CENTRAL VALLEY RWQCB (REGION 5R),N,NaN,WWTP,3/11/2020,40.466044,-122.280904
NPD100051592,2020,205741,Anderson WPCP,* NPDES,CENTRAL VALLEY RWQCB (REGION 5R),N,NaN,WWTP,1/4/2021,40.466044,-122.280904
NPD100051592,2021,205741,Anderson WPCP,* NPDES,CENTRAL VALLEY RWQCB (REGION 5R),N,NaN,WWTP,1/10/2022,40.466044,-122.280904
NPD100051592,2022,205741,Anderson WPCP,* NPDES,CENTRAL VALLEY RWQCB (REGION 5R),N,NaN,WWTP,1/4/2023,40.466044,-122.280904
NPD100051550,2019,206164,Arcata City WWTF,* NPDES,NORTH COAST RWQCB (REGION 1),N,NaN,WWTP,6/9/2020,40.86643,-124.08665
NPD100051550,2021,206164,Arcata City WWTF,* NPDES,NORTH COAST RWQCB (REGION 1),N,NaN,WWTP,2/11/2022,40.86643,-124.08665
NPD100051550,2020,206164,Arcata City WWTF,* NPDES,NORTH COAST RWQCB (REGION 1),N,NaN,WWTP,2/12/2021,40.86643,-124.08665
NPD100051550,2022,206164,Arcata City WWTF,* NPDES,NORTH COAST RWQCB (REGION 1),N,NaN,WWTP,3/14/2023,40.86643,-124.08665
NPD100051523,2019,206730,Thunder Valley Casino WWTP,* NPDES,CENTRAL VALLEY RWQCB (REGION 5S),Y,N,WWTP RW,7/2/2020,38.839045,-121.307402
NPD100051523,2021,206730,Thunder Valley Casino WWTP,* NPDES,CENTRAL VALLEY RWQCB (REGION 5S),Y,N,WWTP RW,3/1/2022,38.839045,-121.307402
NPD100051523,2020,206730,Thunder Valley Casino WWTP,* NPDES,CENTRAL VALLEY RWQCB (REGION 5S),Y,N,WWTP RW,4/27/2021,38.839045,-121.307402
NPD100051523,2022,206730,Thunder Valley Casino WWTP,* NPDES,CENTRAL VALLEY RWQCB (REGION 5S),Y,N,WWTP RW,1/31/2023,38.839045,-121.307402
NPD100051528,2019,206733,Auburn WWTP,* NPDES,CENTRAL VALLEY RWQCB (REGION 5S),N,NaN,WWTP,7/1/2020,38.883523,-121.107111
NPD100051528,2021,206733,Auburn WWTP,* NPDES,CENTRAL VALLEY RWQCB (REGION 5S),N,NaN,WWTP,2/23/2022,38.883523,-121.107111
NPD100051528,2020,206733,Auburn WWTP,* NPDES,CENTRAL VALLEY RWQCB (REGION 5S),N,NaN,WWTP,2/11/2021,38.883523,-121.107111
NPD100051528,2022,206733,Auburn WWTP,* NPDES,CENTRAL VALLEY RWQCB (REGION 5S),N,NaN,WWTP,1/25/2023,38.883523,-121.107111
NPD100051527,2019,206888,Avila WWTP,* NPDES,CENTRAL COAST RWQCB (REGION 3),N,NaN,WWTP,4/29/2020,35.18224,-120.73327
NPD100051527,2020,206888,Avila WWTP,* NPDES,CENTRAL COAST RWQCB (REGION 3),N,NaN,WWTP,3/19/2021,35.18224,-120.73327
NPD100051527,2021,206888,Avila WWTP,* NPDES,CENTRAL COAST RWQCB (REGION 3),N,NaN,WWTP,4/18/2022,35.18224,-120.73327
NPD100051527,2022,206888,Avila WWTP,* NPDES,CENTRAL COAST RWQCB (REGION 3),N,NaN,WWTP,4/26/2023,35.18224,-120.73327
NPD100051640,2020,208276,Avalon WWTF,* NPDES,LOS ANGELES RWQCB (REGION 4),N,NaN,WWTP,4/20/2021,33.342175,-118.318494
NPD100051640,2019,208276,Avalon WWTF,* NPDES,LOS ANGELES RWQCB (REGION 4),N,NaN,WWTP,11/5/2020,33.342175,-118.318494
NPD100051640,2021,208276,Avalon WWTF,* NPDES,LOS ANGELES RWQCB (REGION 4),N,NaN,WWTP,1/28/2022,33.342175,-118.318494
NPD100051640,2022,208276,Avalon WWTF,* NPDES,LOS ANGELES RWQCB (REGION 4),N,NaN,WWTP,4/30/2023,33.342175,-118.318494
NPD100051579,2019,209253,Benicia WWTP,* NPDES,SAN FRANCISCO BAY RWQCB (REGION 2),N,NaN,WWTP,4/14/2020,38.045819,-122.150579
NPD100051579,2020,209253,Benicia WWTP,* NPDES,SAN FRANCISCO BAY RWQCB (REGION 2),N,NaN,WWTP,3/23/2021,38.045819,-122.150579
NPD100051579,2021,209253,Benicia WWTP,* NPDES,SAN FRANCISCO BAY RWQCB (REGION 2),N,NaN,WWTP,3/28/2022,38.045819,-122.150579
NPD100051579,2022,209253,Benicia WWTP,* NPDES,SAN FRANCISCO BAY RWQCB (REGION 2),N,NaN,WWTP,3/13/2023,38.045819,-122.150579
NPD100051507,2019,210272,Brawley City WWTP,* NPDES,COLORADO RIVER BASIN RWQCB (REGION 7),N,NaN,WWTP,5/11/2020,33.01713,-115.51704
NPD100051507,2021,210272,Brawley City WWTP,* NPDES,COLORADO RIVER BASIN RWQCB (REGION 7),N,NaN,WWTP,1/11/2022,33.01713,-115.51704
NPD100051507,2020,210272,Brawley City WWTP,* NPDES,COLORADO RIVER BASIN RWQCB (REGION 7),N,NaN,WWTP,4/27/2021,33.01713,-115.51704
NPD100051507,2022,210272,Brawley City WWTP,* NPDES,COLORADO RIVER BASIN RWQCB (REGION 7),N,NaN,WWTP,4/19/2023,33.01713,-115.51704
NPD100051591,2019,210322,Brentwood WWTP,* NPDES,CENTRAL VALLEY RWQCB (REGION 5S),Y,N,WWTP RW,3/13/2020,37.95792,-121.68634
NPD100051591,2021,210322,Brentwood WWTP,* NPDES,CENTRAL VALLEY RWQCB (REGION 5S),Y,N,WWTP RW,1/31/2022,37.95792,-121.68634
NPD100051591,2020,210322,Brentwood WWTP,* NPDES,CENTRAL VALLEY RWQCB (REGION 5S),Y,N,WWTP RW,3/12/2021,37.95792,-121.68634
NPD100051591,2022,210322,Brentwood WWTP,* NPDES,CENTRAL VALLEY RWQCB (REGION 5S),Y,N,WWTP RW,1/23/2023,37.95792,-121.68634
NPD100051641,2019,210839,Burlingame WWTP,* NPDES,SAN FRANCISCO BAY RWQCB (REGION 2),N,NaN,WWTP,6/30/2020,37.591735,-122.359966
NPD100051641,2020,210839,Burlingame WWTP,* NPDES,SAN FRANCISCO BAY RWQCB (REGION 2),N,NaN,WWTP,10/3/2021,37.591735,-122.359966
NPD100051641,2021,210839,Burlingame WWTP,* NPDES,SAN FRANCISCO BAY RWQCB (REGION 2),N,NaN,WWTP,3/10/2022,37.591735,-122.359966
NPD100051641,2022,210839,Burlingame WWTP,* NPDES,SAN FRANCISCO BAY RWQCB (REGION 2),N,NaN,WWTP,8/29/2023,37.591735,-122.359966
NPD100051612,2019,212585,Calera Creek Water Recycling Plant,* NPDES,SAN FRANCISCO BAY RWQCB (REGION 2),N,NaN,WWTP,4/28/2020,37.614722,-122.487778
NPD100051612,2020,212585,Calera Creek Water Recycling Plant,* NPDES,SAN FRANCISCO BAY RWQCB (REGION 2),N,NaN,WWTP,4/13/2021,37.614722,-122.487778
NPD100051612,2021,212585,Calera Creek Water Recycling Plant,* NPDES,SAN FRANCISCO BAY RWQCB (REGION 2),Y,N,WWTP RW,4/15/2022,37.614722,-122.487778
NPD100051612,2022,212585,Calera Creek Water Recycling Plant,* NPDES,SAN FRANCISCO BAY RWQCB (REGION 2),Y,N,WWTP RW,4/28/2023,37.614722,-122.487778
NPD100051615,2020,212589,Calexico City WWTP,* NPDES,COLORADO RIVER BASIN RWQCB (REGION 7),N,NaN,WWTP,5/12/2022,32.664611,-115.550889
NPD100051615,2021,212589,Calexico City WWTP,* NPDES,COLORADO RIVER BASIN RWQCB (REGION 7),N,NaN,WWTP,5/12/2022,32.664611,-115.550889
NPD100051615,2022,212589,Calexico City WWTP,* NPDES,COLORADO RIVER BASIN RWQCB (REGION 7),N,NaN,WWTP,5/2/2023,32.664611,-115.550889
NPD100051643,2019,212681,California Men's Colony WWTP,* NPDES,CENTRAL COAST RWQCB (REGION 3),Y,N,WWTP RW,6/26/2020,35.325258,-120.694642
NPD100051643,2021,212681,California Men's Colony WWTP,* NPDES,CENTRAL COAST RWQCB (REGION 3),Y,N,WWTP RW,3/17/2022,35.325258,-120.694642
NPD100051643,2020,212681,California Men's Colony WWTP,* NPDES,CENTRAL COAST RWQCB (REGION 3),Y,N,WWTP RW,5/14/2021,35.325258,-120.694642
NPD100051643,2022,212681,California Men's Colony WWTP,* NPDES,CENTRAL COAST RWQCB (REGION 3),Y,N,WWTP RW,4/26/2023,35.325258,-120.694642
NPD100051642,2019,212739,Calipatria City WWTP,* NPDES,COLORADO RIVER BASIN RWQCB (REGION 7),N,NaN,WWTP,7/24/2020,33.1478,-115.55137
NPD100051642,2021,212739,Calipatria City WWTP,* NPDES,COLORADO RIVER BASIN RWQCB (REGION 7),N,NaN,WWTP,2/16/2022,33.1478,-115.55137
NPD100051642,2020,212739,Calipatria City WWTP,* NPDES,COLORADO RIVER BASIN RWQCB (REGION 7),N,NaN,WWTP,4/11/2021,33.1478,-115.55137
NPD100051642,2022,212739,Calipatria City WWTP,* NPDES,COLORADO RIVER BASIN RWQCB (REGION 7),N,NaN,WWTP,3/4/2023,33.1478,-115.55137
NPD100051549,2019,212750,Calistoga City Dunaweal WWTP,* NPDES,SAN FRANCISCO BAY RWQCB (REGION 2),Y,N,WWTP RW,4/22/2020,38.578692,-122.579288
NPD100051549,2020,212750,Calistoga City Dunaweal WWTP,* NPDES,SAN FRANCISCO BAY RWQCB (REGION 2),Y,N,WWTP RW,4/29/2021,38.578692,-122.579288
NPD100051549,2021,212750,Calistoga City Dunaweal WWTP,* NPDES,SAN FRANCISCO BAY RWQCB (REGION 2),Y,N,WWTP RW,4/27/2022,38.578692,-122.579288
NPD100051549,2022,212750,Calistoga City Dunaweal WWTP,* NPDES,SAN FRANCISCO BAY RWQCB (REGION 2),Y,N,WWTP RW,4/18/2023,38.578692,-122.579288
NPD100051525,2019,213332,Carpinteria SD WWTP,* NPDES,CENTRAL COAST RWQCB (REGION 3),N,NaN,WWTP,3/18/2020,34.392202,-119.518033
NPD100051525,2021,213332,Carpinteria SD WWTP,* NPDES,CENTRAL COAST RWQCB (REGION 3),N,NaN,WWTP,1/18/2022,34.392202,-119.518033
NPD100051525,2020,213332,Carpinteria SD WWTP,* NPDES,CENTRAL COAST RWQCB (REGION 3),N,NaN,WWTP,1/21/2021,34.392202,-119.518033
NPD100051525,2022,213332,Carpinteria SD WWTP,* NPDES,CENTRAL COAST RWQCB (REGION 3),N,NaN,WWTP,1/12/2023,34.392202,-119.518033
NPD100051542,2019,213432,Cascade Shores WWTP,* NPDES,CENTRAL VALLEY RWQCB (REGION 5S),N,NaN,WWTP,4/15/2020,39.25995,-120.90683
NPD100051542,2020,213432,Cascade Shores WWTP,* NPDES,CENTRAL VALLEY RWQCB (REGION 5S),N,NaN,WWTP,4/29/2021,39.25995,-120.90683
NPD100051542,2021,213432,Cascade Shores WWTP,* NPDES,CENTRAL VALLEY RWQCB (REGION 5S),N,NaN,WWTP,2/24/2022,39.25995,-120.90683
NPD100051542,2022,213432,Cascade Shores WWTP,* NPDES,CENTRAL VALLEY RWQCB (REGION 5S),N,NaN,WWTP,4/28/2023,39.25995,-120.90683
NPD100051616,2019,213875,Central Contra Costa SD WWTP,* NPDES,SAN FRANCISCO BAY RWQCB (REGION 2),Y,N,WWTP RW,6/3/2020,38.000327,-122.068798
NPD100051616,2020,213875,Central Contra Costa SD WWTP,* NPDES,SAN FRANCISCO BAY RWQCB (REGION 2),Y,N,WWTP RW,4/30/2021,38.000327,-122.068798
NPD100051616,2021,213875,Central Contra Costa SD WWTP,* NPDES,SAN FRANCISCO BAY RWQCB (REGION 2),Y,N,WWTP RW,4/28/2022,38.000327,-122.068798
NPD100051616,2022,213875,Central Contra Costa SD WWTP,* NPDES,SAN FRANCISCO BAY RWQCB (REGION 2),Y,N,WWTP RW,7/6/2023,38.000327,-122.068798
NPD100051577,2019,213889,Central Marin San. Agcy. WWTP,* NPDES,SAN FRANCISCO BAY RWQCB (REGION 2),Y,N,WWTP RW,4/27/2020,37.948581,-122.497326
NPD100051577,2020,213889,Central Marin San. Agcy. WWTP,* NPDES,SAN FRANCISCO BAY RWQCB (REGION 2),Y,N,WWTP RW,5/18/2021,37.948581,-122.497326
NPD100051577,2021,213889,Central Marin San. Agcy. WWTP,* NPDES,SAN FRANCISCO BAY RWQCB (REGION 2),Y,N,WWTP RW,4/11/2022,37.948581,-122.497326
NPD100051577,2022,213889,Central Marin San. Agcy. WWTP,* NPDES,SAN FRANCISCO BAY RWQCB (REGION 2),Y,N,WWTP RW,4/18/2023,37.948581,-122.497326
NPD100051488,2019,214199,Chester STP,* NPDES,CENTRAL VALLEY RWQCB (REGION 5R),N,NaN,WWTP,3/23/2020,40.298614,-121.227087
NPD100051488,2020,214199,Chester STP,* NPDES,CENTRAL VALLEY RWQCB (REGION 5R),N,NaN,WWTP,5/20/2021,40.298614,-121.227087
NPD100051488,2021,214199,Chester STP,* NPDES,CENTRAL VALLEY RWQCB (REGION 5R),N,NaN,WWTP,7/26/2022,40.298614,-121.227087
NPD100051488,2022,214199,Chester STP,* NPDES,CENTRAL VALLEY RWQCB (REGION 5R),N,NaN,WWTP,5/3/2023,40.298614,-121.227087
NPD100051581,2019,214642,City of Jackson WWTP,* NPDES,CENTRAL VALLEY RWQCB (REGION 5S),N,NaN,WWTP,4/29/2020,38.34782,-120.77441
NPD100051581,2021,214642,City of Jackson WWTP,* NPDES,CENTRAL VALLEY RWQCB (REGION 5S),N,NaN,WWTP,1/25/2022,38.34782,-120.77441
NPD100051581,2020,214642,City of Jackson WWTP,* NPDES,CENTRAL VALLEY RWQCB (REGION 5S),N,NaN,WWTP,4/17/2021,38.34782,-120.77441
NPD100051581,2022,214642,City of Jackson WWTP,* NPDES,CENTRAL VALLEY RWQCB (REGION 5S),N,NaN,WWTP,1/25/2023,38.34782,-120.77441
NPD100051495,2019,214647,Live Oak City WWTP,* NPDES,CENTRAL VALLEY RWQCB (REGION 5S),N,NaN,WWTP,8/13/2020,39.275407,-121.661039
NPD100051495,2020,214647,Live Oak City WWTP,* NPDES,CENTRAL VALLEY RWQCB (REGION 5S),N,NaN,WWTP,3/9/2021,39.275407,-121.661039
NPD100051495,2021,214647,Live Oak City WWTP,* NPDES,CENTRAL VALLEY RWQCB (REGION 5S),N,NaN,WWTP,2/9/2022,39.275407,-121.661039
NPD100051495,2022,214647,Live Oak City WWTP,* NPDES,CENTRAL VALLEY RWQCB (REGION 5S),N,NaN,WWTP,1/24/2023,39.275407,-121.661039
NPD100051529,2019,214652,Merced WWTF,* NPDES,CENTRAL VALLEY RWQCB (REGION 5F),Y,N,WWTP RW,7/20/2020,37.25455,-120.52594
NPD100051529,2020,214652,Merced WWTF,* NPDES,CENTRAL VALLEY RWQCB (REGION 5F),Y,N,WWTP RW,2/22/2021,37.25455,-120.52594
NPD100051529,2021,214652,Merced WWTF,* NPDES,CENTRAL VALLEY RWQCB (REGION 5F),Y,N,WWTP RW,3/11/2022,37.25455,-120.52594
NPD100051529,2022,214652,Merced WWTF,* NPDES,CENTRAL VALLEY RWQCB (REGION 5F),Y,N,WWTP RW,3/21/2023,37.25455,-120.52594
NPD100051480,2019,214802,Clear Creek WWTP,* NPDES,CENTRAL VALLEY RWQCB (REGION 5R),N,NaN,WWTP,4/15/2020,40.502262,-122.369704
NPD100051480,2021,214802,Clear Creek WWTP,* NPDES,CENTRAL VALLEY RWQCB (REGION 5R),N,NaN,WWTP,2/16/2022,40.502262,-122.369704
NPD100051480,2020,214802,Clear Creek WWTP,* NPDES,CENTRAL VALLEY RWQCB (REGION 5R),N,NaN,WWTP,1/27/2021,40.502262,-122.369704
NPD100051480,2022,214802,Clear Creek WWTP,* NPDES,CENTRAL VALLEY RWQCB (REGION 5R),N,NaN,WWTP,2/7/2023,40.502262,-122.369704
NPD100051574,2019,214888,Cloverdale City WWTP,* NPDES,NORTH COAST RWQCB (REGION 1),N,NaN,WWTP,4/9/2020,38.79721,-123.01151
NPD100051574,2020,214888,Cloverdale City WWTP,* NPDES,NORTH COAST RWQCB (REGION 1),N,NaN,WWTP,4/30/2021,38.79721,-123.01151
NPD100051574,2021,214888,Cloverdale City WWTP,* NPDES,NORTH COAST RWQCB (REGION 1),N,NaN,WWTP,1/10/2022,38.79721,-123.01151
NPD100051574,2022,214888,Cloverdale City WWTP,* NPDES,NORTH COAST RWQCB (REGION 1),N,NaN,WWTP,2/2/2023,38.79721,-123.01151
NPD100051487,2019,214899,Clovis WWTF,* NPDES,CENTRAL VALLEY RWQCB (REGION 5F),Y,N,WWTP RW,4/17/2020,36.79481,-119.61455
NPD100051487,2020,214899,Clovis WWTF,* NPDES,CENTRAL VALLEY RWQCB (REGION 5F),Y,N,WWTP RW,4/1/2021,36.79481,-119.61455
NPD100051487,2021,214899,Clovis WWTF,* NPDES,CENTRAL VALLEY RWQCB (REGION 5F),Y,N,WWTP RW,4/1/2022,36.79481,-119.61455
NPD100051487,2022,214899,Clovis WWTF,* NPDES,CENTRAL VALLEY RWQCB (REGION 5F),Y,N,WWTP RW,4/27/2023,36.79481,-119.61455
NPD100051572,2019,215106,City of Colfax WWTP,* NPDES,CENTRAL VALLEY RWQCB (REGION 5S),N,NaN,WWTP,4/8/2020,39.08429,-120.94485
NPD100051572,2020,215106,City of Colfax WWTP,* NPDES,CENTRAL VALLEY RWQCB (REGION 5S),N,NaN,WWTP,4/6/2021,39.08429,-120.94485
NPD100051572,2021,215106,City of Colfax WWTP,* NPDES,CENTRAL VALLEY RWQCB (REGION 5S),N,NaN,WWTP,2/23/2022,39.08429,-120.94485
NPD100051572,2022,215106,City of Colfax WWTP,* NPDES,CENTRAL VALLEY RWQCB (REGION 5S),N,NaN,WWTP,2/28/2023,39.08429,-120.94485
NPD100051571,2021,215225,City of Colusa WWTP,* NPDES,CENTRAL VALLEY RWQCB (REGION 5S),N,NaN,WWTP,4/14/2022,39.197222,-122.283333
NPD100051571,2019,215225,City of Colusa WWTP,* NPDES,CENTRAL VALLEY RWQCB (REGION 5S),N,NaN,WWTP,11/9/2020,39.197222,-122.283333
NPD100051571,2020,215225,City of Colusa WWTP,* NPDES,CENTRAL VALLEY RWQCB (REGION 5S),N,NaN,WWTP,4/6/2021,39.197222,-122.283333
NPD100051571,2022,215225,City of Colusa WWTP,* NPDES,CENTRAL VALLEY RWQCB (REGION 5S),N,NaN,WWTP,1/25/2023,39.197222,-122.283333
NPD100051506,2019,215750,City of Corning WWTP,* NPDES,CENTRAL VALLEY RWQCB (REGION 5R),N,NaN,WWTP,3/18/2020,39.914327,-122.12076
NPD100051506,2021,215750,City of Corning WWTP,* NPDES,CENTRAL VALLEY RWQCB (REGION 5R),N,NaN,WWTP,1/3/2022,39.914327,-122.12076
NPD100051506,2020,215750,City of Corning WWTP,* NPDES,CENTRAL VALLEY RWQCB (REGION 5R),N,NaN,WWTP,1/20/2021,39.914327,-122.12076
NPD100051506,2022,215750,City of Corning WWTP,* NPDES,CENTRAL VALLEY RWQCB (REGION 5R),N,NaN,WWTP,2/28/2023,39.914327,-122.12076
NPD100051603,2019,215903,Cottonwood WWTP,* NPDES,CENTRAL VALLEY RWQCB (REGION 5R),N,NaN,WWTP,8/10/2020,40.385314,-122.267358
NPD100051603,2020,215903,Cottonwood WWTP,* NPDES,CENTRAL VALLEY RWQCB (REGION 5R),N,NaN,WWTP,4/20/2021,40.385314,-122.267358
NPD100051603,2021,215903,Cottonwood WWTP,* NPDES,CENTRAL VALLEY RWQCB (REGION 5R),N,NaN,WWTP,3/28/2022,40.385314,-122.267358
NPD100051603,2022,215903,Cottonwood WWTP,* NPDES,CENTRAL VALLEY RWQCB (REGION 5R),N,NaN,WWTP,1/25/2023,40.385314,-122.267358
NPD100051639,2019,215966,Covelo POTW,* NPDES,NORTH COAST RWQCB (REGION 1),N,NaN,WWTP,4/29/2020,39.78761,-123.24819
NPD100051639,2020,215966,Covelo POTW,* NPDES,NORTH COAST RWQCB (REGION 1),N,NaN,WWTP,2/18/2021,39.78761,-123.24819
NPD100051639,2021,215966,Covelo POTW,* NPDES,NORTH COAST RWQCB (REGION 1),N,NaN,WWTP,2/15/2022,39.78761,-123.24819
NPD100051639,2022,215966,Covelo POTW,* NPDES,NORTH COAST RWQCB (REGION 1),N,NaN,WWTP,8/31/2023,39.78761,-123.24819
NPD100051548,2019,216106,Crescent City WWTP,* NPDES,NORTH COAST RWQCB (REGION 1),N,NaN,WWTP,4/29/2020,41.747406,-124.201159
NPD100051548,2020,216106,Crescent City WWTP,* NPDES,NORTH COAST RWQCB (REGION 1),N,NaN,WWTP,4/29/2021,41.747406,-124.201159
NPD100051548,2021,216106,Crescent City WWTP,* NPDES,NORTH COAST RWQCB (REGION 1),N,NaN,WWTP,2/23/2022,41.747406,-124.201159
NPD100051548,2022,216106,Crescent City WWTP,* NPDES,NORTH COAST RWQCB (REGION 1),N,NaN,WWTP,3/20/2023,41.747406,-124.201159
NPD100051575,2019,216446,Coachella Valley WD WWTP,* NPDES,COLORADO RIVER BASIN RWQCB (REGION 7),N,NaN,WWTP,6/30/2020,33.353111,-116.121389
NPD100051575,2020,216446,Coachella Valley WD WWTP,* NPDES,COLORADO RIVER BASIN RWQCB (REGION 7),N,NaN,WWTP,4/22/2021,33.353111,-116.121389
NPD100051575,2021,216446,Coachella Valley WD WWTP,* NPDES,COLORADO RIVER BASIN RWQCB (REGION 7),N,NaN,WWTP,4/11/2022,33.353111,-116.121389
NPD100051575,2022,216446,Coachella Valley WD WWTP,* NPDES,COLORADO RIVER BASIN RWQCB (REGION 7),N,NaN,WWTP,4/13/2023,33.353111,-116.121389
NPD100051588,2019,217831,City of Pinole WWTP,* NPDES,SAN FRANCISCO BAY RWQCB (REGION 2),N,NaN,WWTP,6/23/2020,38.01292,-122.29663
NPD100051588,2020,217831,City of Pinole WWTP,* NPDES,SAN FRANCISCO BAY RWQCB (REGION 2),N,NaN,WWTP,2/18/2021,38.01292,-122.29663
NPD100051588,2021,217831,City of Pinole WWTP,* NPDES,SAN FRANCISCO BAY RWQCB (REGION 2),N,NaN,WWTP,1/18/2022,38.01292,-122.29663
NPD100051588,2022,217831,City of Pinole WWTP,* NPDES,SAN FRANCISCO BAY RWQCB (REGION 2),N,NaN,WWTP,1/31/2023,38.01292,-122.29663
NPD100051486,2019,219223,City of Davis WWTP,* NPDES,CENTRAL VALLEY RWQCB (REGION 5S),Y,N,WWTP RW,4/27/2020,38.59316,-121.67089
NPD100051486,2021,219223,City of Davis WWTP,* NPDES,CENTRAL VALLEY RWQCB (REGION 5S),Y,N,WWTP RW,1/10/2022,38.59316,-121.67089
NPD100051486,2020,219223,City of Davis WWTP,* NPDES,CENTRAL VALLEY RWQCB (REGION 5S),Y,N,WWTP RW,2/17/2021,38.59316,-121.67089
NPD100051486,2022,219223,City of Davis WWTP,* NPDES,CENTRAL VALLEY RWQCB (REGION 5S),Y,N,WWTP RW,3/18/2023,38.59316,-121.67089
NPD100051610,2019,219398,Deer Creek WWTP,* NPDES,CENTRAL VALLEY RWQCB (REGION 5S),Y,N,WWTP RW,4/23/2020,38.62947,-120.98715
NPD100051610,2020,219398,Deer Creek WWTP,* NPDES,CENTRAL VALLEY RWQCB (REGION 5S),Y,N,WWTP RW,6/21/2022,38.62947,-120.98715
NPD100051610,2021,219398,Deer Creek WWTP,* NPDES,CENTRAL VALLEY RWQCB (REGION 5S),Y,N,WWTP RW,4/5/2022,38.62947,-120.98715
NPD100051610,2022,219398,Deer Creek WWTP,* NPDES,CENTRAL VALLEY RWQCB (REGION 5S),Y,N,WWTP RW,4/24/2023,38.62947,-120.98715
NPD100051473,2020,219530,Delleker WWTP,* NPDES,CENTRAL VALLEY RWQCB (REGION 5R),N,NaN,WWTP,1/20/2021,39.80371,-120.50032
NPD100051473,2019,219530,Delleker WWTP,* NPDES,CENTRAL VALLEY RWQCB (REGION 5R),N,NaN,WWTP,1/20/2021,39.80371,-120.50032
NPD100051473,2021,219530,Delleker WWTP,* NPDES,CENTRAL VALLEY RWQCB (REGION 5R),N,NaN,WWTP,1/28/2022,39.80371,-120.50032
NPD100051473,2022,219530,Delleker WWTP,* NPDES,CENTRAL VALLEY RWQCB (REGION 5R),N,NaN,WWTP,2/22/2023,39.80371,-120.50032
NPD100051613,2019,219701,Deuel Vocational Institution,* NPDES,CENTRAL VALLEY RWQCB (REGION 5S),N,NaN,WWTP,6/23/2020,37.750556,-121.326389
NPD100051613,2021,219701,Deuel Vocational Institution,* NPDES,CENTRAL VALLEY RWQCB (REGION 5S),N,NaN,WWTP,1/13/2022,37.750556,-121.326389
NPD100051613,2020,219701,Deuel Vocational Institution,* NPDES,CENTRAL VALLEY RWQCB (REGION 5S),N,NaN,WWTP,3/19/2021,37.750556,-121.326389
NPD100051613,2022,219701,Deuel Vocational Institution,* NPDES,CENTRAL VALLEY RWQCB (REGION 5S),N,NaN,WWTP,1/31/2023,37.750556,-121.326389
NPD100051501,2019,220315,Discovery Bay WWTP,* NPDES,CENTRAL VALLEY RWQCB (REGION 5S),N,NaN,WWTP,3/9/2020,37.8145,-121.6169
NPD100051501,2021,220315,Discovery Bay WWTP,* NPDES,CENTRAL VALLEY RWQCB (REGION 5S),N,NaN,WWTP,8/17/2022,37.8145,-121.6169
NPD100051501,2020,220315,Discovery Bay WWTP,* NPDES,CENTRAL VALLEY RWQCB (REGION 5S),N,NaN,WWTP,1/8/2021,37.8145,-121.6169
NPD100051501,2022,220315,Discovery Bay WWTP,* NPDES,CENTRAL VALLEY RWQCB (REGION 5S),N,NaN,WWTP,3/14/2023,37.8145,-121.6169
NPD100051638,2019,220792,Dublin San Ramon SD WWTP,* NPDES,SAN FRANCISCO BAY RWQCB (REGION 2),Y,N,WWTP RW,6/30/2020,37.68709,-121.91506
NPD100051638,2020,220792,Dublin San Ramon SD WWTP,* NPDES,SAN FRANCISCO BAY RWQCB (REGION 2),Y,N,WWTP RW,4/29/2021,37.68709,-121.91506
NPD100051638,2021,220792,Dublin San Ramon SD WWTP,* NPDES,SAN FRANCISCO BAY RWQCB (REGION 2),Y,N,WWTP RW,4/29/2022,37.68709,-121.91506
NPD100051638,2022,220792,Dublin San Ramon SD WWTP,* NPDES,SAN FRANCISCO BAY RWQCB (REGION 2),Y,N,WWTP RW,4/27/2023,37.68709,-121.91506
NPD100051546,2019,220850,Dunsmuir WWTP,* NPDES,CENTRAL VALLEY RWQCB (REGION 5R),N,NaN,WWTP,6/20/2020,41.201809,-122.272443
NPD100051546,2021,220850,Dunsmuir WWTP,* NPDES,CENTRAL VALLEY RWQCB (REGION 5R),N,NaN,WWTP,3/10/2022,41.201809,-122.272443
NPD100051546,2020,220850,Dunsmuir WWTP,* NPDES,CENTRAL VALLEY RWQCB (REGION 5R),N,NaN,WWTP,3/10/2021,41.201809,-122.272443
NPD100051546,2022,220850,Dunsmuir WWTP,* NPDES,CENTRAL VALLEY RWQCB (REGION 5R),N,NaN,WWTP,5/4/2023,41.201809,-122.272443
NPD100051608,2019,222057,Easterly WWTP,* NPDES,CENTRAL VALLEY RWQCB (REGION 5S),N,NaN,WWTP,4/29/2020,38.34719,-121.90658
NPD100051608,2020,222057,Easterly WWTP,* NPDES,CENTRAL VALLEY RWQCB (REGION 5S),N,NaN,WWTP,4/27/2021,38.34719,-121.90658
NPD100051608,2021,222057,Easterly WWTP,* NPDES,CENTRAL VALLEY RWQCB (REGION 5S),N,NaN,WWTP,3/4/2022,38.34719,-121.90658
NPD100051608,2022,222057,Easterly WWTP,* NPDES,CENTRAL VALLEY RWQCB (REGION 5S),N,NaN,WWTP,2/28/2023,38.34719,-121.90658
NPD100051573,2019,222132,EBMUD WPCP,* NPDES,SAN FRANCISCO BAY RWQCB (REGION 2),Y,N,WWTP RW,4/29/2020,37.823578,-122.303901
NPD100051573,2020,222132,EBMUD WPCP,* NPDES,SAN FRANCISCO BAY RWQCB (REGION 2),Y,N,WWTP RW,4/27/2021,37.823578,-122.303901
NPD100051573,2021,222132,EBMUD WPCP,* NPDES,SAN FRANCISCO BAY RWQCB (REGION 2),Y,N,WWTP RW,7/21/2023,37.823578,-122.303901
NPD100051573,2022,222132,EBMUD WPCP,* NPDES,SAN FRANCISCO BAY RWQCB (REGION 2),Y,N,WWTP RW,7/21/2023,37.823578,-122.303901
NPD100051524,2019,222407,El Centro City WWTP,* NPDES,COLORADO RIVER BASIN RWQCB (REGION 7),N,NaN,WWTP,4/28/2020,32.8145,-115.578194
NPD100051524,2020,222407,El Centro City WWTP,* NPDES,COLORADO RIVER BASIN RWQCB (REGION 7),N,NaN,WWTP,10/6/2021,32.8145,-115.578194
NPD100051524,2021,222407,El Centro City WWTP,* NPDES,COLORADO RIVER BASIN RWQCB (REGION 7),N,NaN,WWTP,2/3/2022,32.8145,-115.578194
NPD100051524,2022,222407,El Centro City WWTP,* NPDES,COLORADO RIVER BASIN RWQCB (REGION 7),N,NaN,WWTP,4/24/2023,32.8145,-115.578194
NPD100051618,2019,222434,El Dorado Hills WWTP,* NPDES,CENTRAL VALLEY RWQCB (REGION 5S),Y,N,WWTP RW,4/23/2020,38.63735,-121.06022
NPD100051618,2020,222434,El Dorado Hills WWTP,* NPDES,CENTRAL VALLEY RWQCB (REGION 5S),Y,N,WWTP RW,6/21/2022,38.63735,-121.06022
NPD100051618,2021,222434,El Dorado Hills WWTP,* NPDES,CENTRAL VALLEY RWQCB (REGION 5S),Y,N,WWTP RW,4/5/2022,38.63735,-121.06022
NPD100051618,2022,222434,El Dorado Hills WWTP,* NPDES,CENTRAL VALLEY RWQCB (REGION 5S),Y,Y,RWP,4/24/2023,38.63735,-121.06022
NPD100051624,2019,222443,El Estero Water Resource Center NPDES,* NPDES,CENTRAL COAST RWQCB (REGION 3),Y,N,WWTP RW,4/8/2020,34.417606,-119.68567
NPD100051624,2020,222443,El Estero Water Resource Center NPDES,* NPDES,CENTRAL COAST RWQCB (REGION 3),Y,N,WWTP RW,3/11/2021,34.417606,-119.68567
NPD100051624,2021,222443,El Estero Water Resource Center NPDES,* NPDES,CENTRAL COAST RWQCB (REGION 3),Y,N,WWTP RW,3/3/2022,34.417606,-119.68567
NPD100051624,2022,222443,El Estero Water Resource Center NPDES,* NPDES,CENTRAL COAST RWQCB (REGION 3),Y,N,WWTP RW,3/14/2023,34.417606,-119.68567
NPD100051602,2019,222491,El Portal WWTF,* NPDES,CENTRAL VALLEY RWQCB (REGION 5F),Y,N,WWTP RW,7/24/2020,37.66838,-119.81175
NPD100051602,2020,222491,El Portal WWTF,* NPDES,CENTRAL VALLEY RWQCB (REGION 5F),Y,N,WWTP RW,1/28/2021,37.66838,-119.81175
NPD100051602,2021,222491,El Portal WWTF,* NPDES,CENTRAL VALLEY RWQCB (REGION 5F),Y,N,WWTP RW,2/7/2022,37.66838,-119.81175
NPD100051602,2022,222491,El Portal WWTF,* NPDES,CENTRAL VALLEY RWQCB (REGION 5F),N,NaN,WWTP,2/6/2023,37.66838,-119.81175
NPD100051620,2019,224348,Ferndale City POTW,* NPDES,NORTH COAST RWQCB (REGION 1),Y,N,WWTP RW,7/9/2020,40.59299,-124.25944
NPD100051620,2020,224348,Ferndale City POTW,* NPDES,NORTH COAST RWQCB (REGION 1),Y,N,WWTP RW,2/11/2021,40.59299,-124.25944
NPD100051620,2021,224348,Ferndale City POTW,* NPDES,NORTH COAST RWQCB (REGION 1),Y,N,WWTP RW,1/12/2022,40.59299,-124.25944
NPD100051620,2022,224348,Ferndale City POTW,* NPDES,NORTH COAST RWQCB (REGION 1),Y,N,WWTP RW,1/31/2023,40.59299,-124.25944
NPD100051551,2019,224901,Forestville Water District,* NPDES,NORTH COAST RWQCB (REGION 1),Y,N,WWTP RW,6/18/2020,38.47047,-122.88843
NPD100051551,2020,224901,Forestville Water District,* NPDES,NORTH COAST RWQCB (REGION 1),Y,N,WWTP RW,4/20/2021,38.47047,-122.88843
NPD100051551,2021,224901,Forestville Water District,* NPDES,NORTH COAST RWQCB (REGION 1),Y,N,WWTP RW,4/29/2022,38.47047,-122.88843
NPD100051551,2022,224901,Forestville Water District,* NPDES,NORTH COAST RWQCB (REGION 1),Y,N,WWTP RW,5/3/2023,38.47047,-122.88843
NPD100051533,2020,225055,Fort Bragg City WWTP,* NPDES,NORTH COAST RWQCB (REGION 1),N,NaN,WWTP,1/27/2021,39.4387,-123.81478
NPD100051533,2019,225055,Fort Bragg City WWTP,* NPDES,NORTH COAST RWQCB (REGION 1),N,NaN,WWTP,3/17/2020,39.4387,-123.81478
NPD100051533,2021,225055,Fort Bragg City WWTP,* NPDES,NORTH COAST RWQCB (REGION 1),N,NaN,WWTP,1/28/2022,39.4387,-123.81478
NPD100051533,2022,225055,Fort Bragg City WWTP,* NPDES,NORTH COAST RWQCB (REGION 1),N,NaN,WWTP,1/27/2023,39.4387,-123.81478
NPD100051485,2019,225526,Fairfield-Suisun Sewer District Subregional WWTP,* NPDES,SAN FRANCISCO BAY RWQCB (REGION 2),Y,N,WWTP RW,6/30/2020,38.22733,-122.08366
NPD100051485,2020,225526,Fairfield-Suisun Sewer District Subregional WWTP,* NPDES,SAN FRANCISCO BAY RWQCB (REGION 2),Y,N,WWTP RW,4/12/2021,38.22733,-122.08366
NPD100051485,2021,225526,Fairfield-Suisun Sewer District Subregional WWTP,* NPDES,SAN FRANCISCO BAY RWQCB (REGION 2),Y,N,WWTP RW,4/27/2022,38.22733,-122.08366
NPD100051485,2022,225526,Fairfield-Suisun Sewer District Subregional WWTP,* NPDES,SAN FRANCISCO BAY RWQCB (REGION 2),Y,N,WWTP RW,4/17/2023,38.22733,-122.08366
NPD100051597,2019,227568,Goleta SD WWTP,* NPDES,CENTRAL COAST RWQCB (REGION 3),Y,N,WWTP RW,9/23/2020,34.4222,-119.83365
NPD100051597,2020,227568,Goleta SD WWTP,* NPDES,CENTRAL COAST RWQCB (REGION 3),Y,N,WWTP RW,4/28/2021,34.4222,-119.83365
NPD100051597,2021,227568,Goleta SD WWTP,* NPDES,CENTRAL COAST RWQCB (REGION 3),Y,N,WWTP RW,4/11/2022,34.4222,-119.83365
NPD100051597,2022,227568,Goleta SD WWTP,* NPDES,CENTRAL COAST RWQCB (REGION 3),Y,N,WWTP RW,4/4/2023,34.4222,-119.83365
NPD100051580,2019,227818,Grass Valley City WWTP,* NPDES,CENTRAL VALLEY RWQCB (REGION 5S),N,NaN,WWTP,6/19/2020,39.20571,-121.06859
NPD100051580,2020,227818,Grass Valley City WWTP,* NPDES,CENTRAL VALLEY RWQCB (REGION 5S),N,NaN,WWTP,2/11/2021,39.20571,-121.06859
NPD100051580,2021,227818,Grass Valley City WWTP,* NPDES,CENTRAL VALLEY RWQCB (REGION 5S),N,NaN,WWTP,3/18/2022,39.20571,-121.06859
NPD100051580,2022,227818,Grass Valley City WWTP,* NPDES,CENTRAL VALLEY RWQCB (REGION 5S),N,NaN,WWTP,1/27/2023,39.20571,-121.06859
NPD100051552,2021,228018,Grizzly Ranch CSD,* NPDES,CENTRAL VALLEY RWQCB (REGION 5R),Y,N,WWTP RW,2/15/2022,39.804167,-120.491389
NPD100051552,2020,228018,Grizzly Ranch CSD,* NPDES,CENTRAL VALLEY RWQCB (REGION 5R),Y,N,WWTP RW,1/4/2021,39.804167,-120.491389
NPD100051552,2019,228018,Grizzly Ranch CSD,* NPDES,CENTRAL VALLEY RWQCB (REGION 5R),Y,N,WWTP RW,11/20/2020,39.804167,-120.491389
NPD100051552,2022,228018,Grizzly Ranch CSD,* NPDES,CENTRAL VALLEY RWQCB (REGION 5R),Y,N,WWTP RW,2/6/2023,39.804167,-120.491389
NPD100051537,2019,229559,Hammonton Gold Village WWTP,* NPDES,CENTRAL VALLEY RWQCB (REGION 5S),N,NaN,WWTP,1/6/2021,39.19865,-121.31385
NPD100051537,2020,229559,Hammonton Gold Village WWTP,* NPDES,CENTRAL VALLEY RWQCB (REGION 5S),N,NaN,WWTP,5/17/2021,39.19865,-121.31385
NPD100051537,2021,229559,Hammonton Gold Village WWTP,* NPDES,CENTRAL VALLEY RWQCB (REGION 5S),N,NaN,WWTP,4/29/2022,39.19865,-121.31385
NPD100051537,2022,229559,Hammonton Gold Village WWTP,* NPDES,CENTRAL VALLEY RWQCB (REGION 5S),N,NaN,WWTP,3/24/2023,39.19865,-121.31385
NPD100051540,2019,229595,Hangtown Creek WRF,* NPDES,CENTRAL VALLEY RWQCB (REGION 5S),Y,N,WWTP RW,4/22/2020,38.732707,-120.848229
NPD100051540,2020,229595,Hangtown Creek WRF,* NPDES,CENTRAL VALLEY RWQCB (REGION 5S),Y,N,WWTP RW,4/14/2021,38.732707,-120.848229
NPD100051540,2021,229595,Hangtown Creek WRF,* NPDES,CENTRAL VALLEY RWQCB (REGION 5S),N,NaN,WWTP,3/28/2022,38.732707,-120.848229
NPD100051540,2022,229595,Hangtown Creek WRF,* NPDES,CENTRAL VALLEY RWQCB (REGION 5S),N,NaN,WWTP,4/5/2023,38.732707,-120.848229
NPD100051474,2019,229922,Healdsburg City WWTP,* NPDES,NORTH COAST RWQCB (REGION 1),Y,N,WWTP RW,4/28/2020,38.58393,-122.86181
NPD100051474,2020,229922,Healdsburg City WWTP,* NPDES,NORTH COAST RWQCB (REGION 1),Y,N,WWTP RW,4/15/2021,38.58393,-122.86181
NPD100051474,2021,229922,Healdsburg City WWTP,* NPDES,NORTH COAST RWQCB (REGION 1),Y,N,WWTP RW,2/15/2022,38.58393,-122.86181
NPD100051474,2022,229922,Healdsburg City WWTP,* NPDES,NORTH COAST RWQCB (REGION 1),Y,N,WWTP RW,2/22/2023,38.58393,-122.86181
NPD100051598,2019,230132,Heritage Ranch WWTP,* NPDES,CENTRAL COAST RWQCB (REGION 3),N,NaN,WWTP,4/24/2020,35.722487,-120.88405
NPD100051598,2020,230132,Heritage Ranch WWTP,* NPDES,CENTRAL COAST RWQCB (REGION 3),N,NaN,WWTP,3/5/2021,35.722487,-120.88405
NPD100051598,2021,230132,Heritage Ranch WWTP,* NPDES,CENTRAL COAST RWQCB (REGION 3),N,NaN,WWTP,1/18/2022,35.722487,-120.88405
NPD100051598,2022,230132,Heritage Ranch WWTP,* NPDES,CENTRAL COAST RWQCB (REGION 3),N,NaN,WWTP,4/3/2023,35.722487,-120.88405
NPD100051622,2019,230588,Holtville City WWTP,* NPDES,COLORADO RIVER BASIN RWQCB (REGION 7),N,NaN,WWTP,3/25/2020,32.82572,-115.42993
NPD100051622,2020,230588,Holtville City WWTP,* NPDES,COLORADO RIVER BASIN RWQCB (REGION 7),N,NaN,WWTP,1/13/2021,32.82572,-115.42993
NPD100051622,2021,230588,Holtville City WWTP,* NPDES,COLORADO RIVER BASIN RWQCB (REGION 7),N,NaN,WWTP,1/31/2022,32.82572,-115.42993
NPD100051622,2022,230588,Holtville City WWTP,* NPDES,COLORADO RIVER BASIN RWQCB (REGION 7),N,NaN,WWTP,1/12/2023,32.82572,-115.42993
NPD100051493,2019,232297,Imperial City WWTP,* NPDES,COLORADO RIVER BASIN RWQCB (REGION 7),N,NaN,WWTP,3/27/2020,32.853917,-115.56275
NPD100051493,2021,232297,Imperial City WWTP,* NPDES,COLORADO RIVER BASIN RWQCB (REGION 7),N,NaN,WWTP,3/15/2022,32.853917,-115.56275
NPD100051493,2020,232297,Imperial City WWTP,* NPDES,COLORADO RIVER BASIN RWQCB (REGION 7),N,NaN,WWTP,3/2/2021,32.853917,-115.56275
NPD100051493,2022,232297,Imperial City WWTP,* NPDES,COLORADO RIVER BASIN RWQCB (REGION 7),N,NaN,WWTP,3/22/2023,32.853917,-115.56275
NPD100051633,2019,236236,Lake of the Pines WWTP,* NPDES,CENTRAL VALLEY RWQCB (REGION 5S),N,NaN,WWTP,4/15/2020,39.03414,-121.08119
NPD100051633,2020,236236,Lake of the Pines WWTP,* NPDES,CENTRAL VALLEY RWQCB (REGION 5S),N,NaN,WWTP,4/29/2021,39.03414,-121.08119
NPD100051633,2021,236236,Lake of the Pines WWTP,* NPDES,CENTRAL VALLEY RWQCB (REGION 5S),N,NaN,WWTP,2/24/2022,39.03414,-121.08119
NPD100051633,2022,236236,Lake of the Pines WWTP,* NPDES,CENTRAL VALLEY RWQCB (REGION 5S),N,NaN,WWTP,4/28/2023,39.03414,-121.08119
NPD100051590,2019,236292,Lake Wildwood WWTP,* NPDES,CENTRAL VALLEY RWQCB (REGION 5S),N,NaN,WWTP,4/15/2020,39.231055,-121.21842
NPD100051590,2020,236292,Lake Wildwood WWTP,* NPDES,CENTRAL VALLEY RWQCB (REGION 5S),N,NaN,WWTP,4/29/2021,39.231055,-121.21842
NPD100051590,2021,236292,Lake Wildwood WWTP,* NPDES,CENTRAL VALLEY RWQCB (REGION 5S),N,NaN,WWTP,2/24/2022,39.231055,-121.21842
NPD100051590,2022,236292,Lake Wildwood WWTP,* NPDES,CENTRAL VALLEY RWQCB (REGION 5S),N,NaN,WWTP,4/28/2023,39.231055,-121.21842
NPD100051623,2019,236598,Las Gallinas WWTP,* NPDES,SAN FRANCISCO BAY RWQCB (REGION 2),Y,N,WWTP RW,4/9/2020,38.021242,-122.52459
NPD100051623,2020,236598,Las Gallinas WWTP,* NPDES,SAN FRANCISCO BAY RWQCB (REGION 2),Y,N,WWTP RW,4/28/2021,38.021242,-122.52459
NPD100051623,2021,236598,Las Gallinas WWTP,* NPDES,SAN FRANCISCO BAY RWQCB (REGION 2),Y,N,WWTP RW,4/22/2022,38.021242,-122.52459
NPD100051623,2022,236598,Las Gallinas WWTP,* NPDES,SAN FRANCISCO BAY RWQCB (REGION 2),Y,N,WWTP RW,4/3/2023,38.021242,-122.52459
NPD100051617,2019,237060,Linda Cnty Water District WWTP,* NPDES,CENTRAL VALLEY RWQCB (REGION 5S),N,NaN,WWTP,3/20/2020,39.10139,-121.58399
NPD100051617,2020,237060,Linda Cnty Water District WWTP,* NPDES,CENTRAL VALLEY RWQCB (REGION 5S),N,NaN,WWTP,1/4/2021,39.10139,-121.58399
NPD100051617,2021,237060,Linda Cnty Water District WWTP,* NPDES,CENTRAL VALLEY RWQCB (REGION 5S),N,NaN,WWTP,1/31/2022,39.10139,-121.58399
NPD100051617,2022,237060,Linda Cnty Water District WWTP,* NPDES,CENTRAL VALLEY RWQCB (REGION 5S),N,NaN,WWTP,1/3/2023,39.10139,-121.58399
NPD100051599,2019,237295,Loleta WWTF,* NPDES,NORTH COAST RWQCB (REGION 1),N,NaN,WWTP,6/2/2020,40.6383,-124.22553
NPD100051599,2020,237295,Loleta WWTF,* NPDES,NORTH COAST RWQCB (REGION 1),N,NaN,WWTP,3/29/2021,40.6383,-124.22553
NPD100051599,2021,237295,Loleta WWTF,* NPDES,NORTH COAST RWQCB (REGION 1),N,NaN,WWTP,4/25/2022,40.6383,-124.22553
NPD100051599,2022,237295,Loleta WWTF,* NPDES,NORTH COAST RWQCB (REGION 1),N,NaN,WWTP,4/5/2023,40.6383,-124.22553
NPD100051494,2019,237315,Lompoc City Regional Wastewater Reclamation Plant,* NPDES,CENTRAL COAST RWQCB (REGION 3),Y,N,WWTP RW,8/5/2020,34.66213,-120.483039
NPD100051494,2020,237315,Lompoc City Regional Wastewater Reclamation Plant,* NPDES,CENTRAL COAST RWQCB (REGION 3),Y,N,WWTP RW,4/22/2021,34.66213,-120.483039
NPD100051494,2021,237315,Lompoc City Regional Wastewater Reclamation Plant,* NPDES,CENTRAL COAST RWQCB (REGION 3),N,NaN,WWTP,2/8/2022,34.66213,-120.483039
NPD100051494,2022,237315,Lompoc City Regional Wastewater Reclamation Plant,* NPDES,CENTRAL COAST RWQCB (REGION 3),N,NaN,WWTP,4/10/2023,34.66213,-120.483039
NPD100051532,2019,239497,Marin CSD 5 - Tiburon WWTP,* NPDES,SAN FRANCISCO BAY RWQCB (REGION 2),N,NaN,WWTP,5/18/2020,37.87264,-122.45084
NPD100051532,2020,239497,Marin CSD 5 - Tiburon WWTP,* NPDES,SAN FRANCISCO BAY RWQCB (REGION 2),N,NaN,WWTP,2/11/2021,37.87264,-122.45084
NPD100051532,2021,239497,Marin CSD 5 - Tiburon WWTP,* NPDES,SAN FRANCISCO BAY RWQCB (REGION 2),N,NaN,WWTP,4/28/2022,37.87264,-122.45084
NPD100051532,2022,239497,Marin CSD 5 - Tiburon WWTP,* NPDES,SAN FRANCISCO BAY RWQCB (REGION 2),N,NaN,WWTP,4/20/2023,37.87264,-122.45084
NPD100051595,2019,239498,Marin CSD 5 Paradise Cove WWTP,* NPDES,SAN FRANCISCO BAY RWQCB (REGION 2),N,NaN,WWTP,5/18/2020,37.89707,-122.46239
NPD100051595,2020,239498,Marin CSD 5 Paradise Cove WWTP,* NPDES,SAN FRANCISCO BAY RWQCB (REGION 2),N,NaN,WWTP,2/11/2021,37.89707,-122.46239
NPD100051595,2021,239498,Marin CSD 5 Paradise Cove WWTP,* NPDES,SAN FRANCISCO BAY RWQCB (REGION 2),N,NaN,WWTP,4/28/2022,37.89707,-122.46239
NPD100051595,2022,239498,Marin CSD 5 Paradise Cove WWTP,* NPDES,SAN FRANCISCO BAY RWQCB (REGION 2),N,NaN,WWTP,4/20/2023,37.89707,-122.46239
NPD100051511,2019,240093,McKinleyville WWTP,* NPDES,NORTH COAST RWQCB (REGION 1),Y,N,WWTP RW,4/20/2020,40.94175,-124.12324
NPD100051511,2020,240093,McKinleyville WWTP,* NPDES,NORTH COAST RWQCB (REGION 1),Y,N,WWTP RW,3/19/2021,40.94175,-124.12324
NPD100051511,2021,240093,McKinleyville WWTP,* NPDES,NORTH COAST RWQCB (REGION 1),Y,N,WWTP RW,2/28/2022,40.94175,-124.12324
NPD100051511,2022,240093,McKinleyville WWTP,* NPDES,NORTH COAST RWQCB (REGION 1),Y,N,WWTP RW,2/17/2023,40.94175,-124.12324
NPD100051645,2019,240307,Mendocino City CSD,* NPDES,NORTH COAST RWQCB (REGION 1),Y,N,WWTP RW,9/3/2020,39.305282,-123.806256
NPD100051645,2020,240307,Mendocino City CSD,* NPDES,NORTH COAST RWQCB (REGION 1),Y,N,WWTP RW,2/2/2021,39.305282,-123.806256
NPD100051645,2021,240307,Mendocino City CSD,* NPDES,NORTH COAST RWQCB (REGION 1),Y,N,WWTP RW,4/20/2022,39.305282,-123.806256
NPD100051645,2022,240307,Mendocino City CSD,* NPDES,NORTH COAST RWQCB (REGION 1),Y,N,WWTP RW,1/25/2023,39.305282,-123.806256
NPD100051509,2021,240318,Mendocino County WWD#2-Anchor Bay,* NPDES,NORTH COAST RWQCB (REGION 1),N,NaN,WWTP,2/10/2022,38.80352,-123.57286
NPD100051509,2020,240318,Mendocino County WWD#2-Anchor Bay,* NPDES,NORTH COAST RWQCB (REGION 1),N,NaN,WWTP,3/11/2021,38.80352,-123.57286
NPD100051509,2019,240318,Mendocino County WWD#2-Anchor Bay,* NPDES,NORTH COAST RWQCB (REGION 1),N,NaN,WWTP,11/4/2020,38.80352,-123.57286
NPD100051509,2022,240318,Mendocino County WWD#2-Anchor Bay,* NPDES,NORTH COAST RWQCB (REGION 1),N,NaN,WWTP,5/8/2023,38.80352,-123.57286
NPD100051508,2019,240791,Millbrae WWTP,* NPDES,SAN FRANCISCO BAY RWQCB (REGION 2),N,NaN,WWTP,7/1/2020,37.60371,-122.37894
NPD100051508,2021,240791,Millbrae WWTP,* NPDES,SAN FRANCISCO BAY RWQCB (REGION 2),N,NaN,WWTP,3/14/2022,37.60371,-122.37894
NPD100051508,2020,240791,Millbrae WWTP,* NPDES,SAN FRANCISCO BAY RWQCB (REGION 2),N,NaN,WWTP,4/26/2021,37.60371,-122.37894
NPD100051508,2022,240791,Millbrae WWTP,* NPDES,SAN FRANCISCO BAY RWQCB (REGION 2),N,NaN,WWTP,3/8/2023,37.60371,-122.37894
NPD100051510,2019,241146,City of Modesto WQCF,* NPDES,CENTRAL VALLEY RWQCB (REGION 5S),Y,N,WWTP RW,6/30/2020,37.613764,-121.011772
NPD100051510,2021,241146,City of Modesto WQCF,* NPDES,CENTRAL VALLEY RWQCB (REGION 5S),Y,N,WWTP RW,6/21/2022,37.613764,-121.011772
NPD100051510,2020,241146,City of Modesto WQCF,* NPDES,CENTRAL VALLEY RWQCB (REGION 5S),Y,N,WWTP RW,3/25/2021,37.613764,-121.011772
NPD100051510,2022,241146,City of Modesto WQCF,* NPDES,CENTRAL VALLEY RWQCB (REGION 5S),Y,N,WWTP RW,3/1/2023,37.613764,-121.011772
NPD100051564,2019,241288,Montecito SD WWTP,* NPDES,CENTRAL COAST RWQCB (REGION 3),N,NaN,WWTP,3/18/2021,34.42011,-119.65189
NPD100051564,2020,241288,Montecito SD WWTP,* NPDES,CENTRAL COAST RWQCB (REGION 3),N,NaN,WWTP,3/22/2021,34.42011,-119.65189
NPD100051564,2021,241288,Montecito SD WWTP,* NPDES,CENTRAL COAST RWQCB (REGION 3),N,NaN,WWTP,1/14/2022,34.42011,-119.65189
NPD100051564,2022,241288,Montecito SD WWTP,* NPDES,CENTRAL COAST RWQCB (REGION 3),N,NaN,WWTP,1/20/2023,34.42011,-119.65189
NPD100051541,2019,241479,Morro Bay/Cayucos WWTP,* NPDES,CENTRAL COAST RWQCB (REGION 3),N,NaN,WWTP,7/14/2020,35.379281,-120.860776
NPD100051541,2021,241479,Morro Bay/Cayucos WWTP,* NPDES,CENTRAL COAST RWQCB (REGION 3),N,NaN,WWTP,1/31/2022,35.379281,-120.860776
NPD100051541,2020,241479,Morro Bay/Cayucos WWTP,* NPDES,CENTRAL COAST RWQCB (REGION 3),N,NaN,WWTP,2/16/2021,35.379281,-120.860776
NPD100051541,2022,241479,Morro Bay/Cayucos WWTP,* NPDES,CENTRAL COAST RWQCB (REGION 3),N,NaN,WWTP,3/16/2023,35.379281,-120.860776
NPD100051504,2019,241740,Monterey One Water Regional WWTP,* NPDES,CENTRAL COAST RWQCB (REGION 3),N,NaN,WWTP,6/29/2020,36.705579,-121.770115
NPD100051504,2020,241740,Monterey One Water Regional WWTP,* NPDES,CENTRAL COAST RWQCB (REGION 3),N,NaN,WWTP,4/30/2021,36.705579,-121.770115
NPD100051504,2021,241740,Monterey One Water Regional WWTP,* NPDES,CENTRAL COAST RWQCB (REGION 3),N,NaN,WWTP,4/28/2022,36.705579,-121.770115
NPD100051504,2022,241740,Monterey One Water Regional WWTP,* NPDES,CENTRAL COAST RWQCB (REGION 3),N,NaN,WWTP,4/27/2023,36.705579,-121.770115
NPD100051530,2019,241800,Mount Shasta WWTP,* NPDES,CENTRAL VALLEY RWQCB (REGION 5R),Y,N,WWTP RW,7/6/2020,41.278084,-122.302111
NPD100051530,2021,241800,Mount Shasta WWTP,* NPDES,CENTRAL VALLEY RWQCB (REGION 5R),Y,N,WWTP RW,1/12/2022,41.278084,-122.302111
NPD100051530,2020,241800,Mount Shasta WWTP,* NPDES,CENTRAL VALLEY RWQCB (REGION 5R),Y,N,WWTP RW,2/23/2021,41.278084,-122.302111
NPD100051530,2022,241800,Mount Shasta WWTP,* NPDES,CENTRAL VALLEY RWQCB (REGION 5R),Y,N,WWTP RW,1/30/2023,41.278084,-122.302111
NPD100051531,2019,241815,Mt. View Sanitary District WWTP,* NPDES,SAN FRANCISCO BAY RWQCB (REGION 2),N,NaN,WWTP,4/28/2020,38.01907,-122.09828
NPD100051531,2020,241815,Mt. View Sanitary District WWTP,* NPDES,SAN FRANCISCO BAY RWQCB (REGION 2),N,NaN,WWTP,4/30/2021,38.01907,-122.09828
NPD100051531,2021,241815,Mt. View Sanitary District WWTP,* NPDES,SAN FRANCISCO BAY RWQCB (REGION 2),N,NaN,WWTP,3/31/2022,38.01907,-122.09828
NPD100051531,2022,241815,Mt. View Sanitary District WWTP,* NPDES,SAN FRANCISCO BAY RWQCB (REGION 2),N,NaN,WWTP,4/26/2023,38.01907,-122.09828
NPD100051634,2019,244141,Nevada City WWTP,* NPDES,CENTRAL VALLEY RWQCB (REGION 5S),N,NaN,WWTP,3/17/2020,39.25975,-121.03075
NPD100051634,2020,244141,Nevada City WWTP,* NPDES,CENTRAL VALLEY RWQCB (REGION 5S),N,NaN,WWTP,10/27/2021,39.25975,-121.03075
NPD100051634,2021,244141,Nevada City WWTP,* NPDES,CENTRAL VALLEY RWQCB (REGION 5S),Y,N,WWTP RW,4/29/2022,39.25975,-121.03075
NPD100051634,2022,244141,Nevada City WWTP,* NPDES,CENTRAL VALLEY RWQCB (REGION 5S),N,NaN,WWTP,4/5/2023,39.25975,-121.03075
NPD100051565,2019,244566,North San Mateo County Sanitation District WWTP,* NPDES,SAN FRANCISCO BAY RWQCB (REGION 2),Y,N,WWTP RW,8/12/2020,37.70279,-122.48501
NPD100051565,2021,244566,North San Mateo County Sanitation District WWTP,* NPDES,SAN FRANCISCO BAY RWQCB (REGION 2),Y,N,WWTP RW,4/26/2022,37.70279,-122.48501
NPD100051565,2020,244566,North San Mateo County Sanitation District WWTP,* NPDES,SAN FRANCISCO BAY RWQCB (REGION 2),Y,N,WWTP RW,4/29/2021,37.70279,-122.48501
NPD100051565,2022,244566,North San Mateo County Sanitation District WWTP,* NPDES,SAN FRANCISCO BAY RWQCB (REGION 2),Y,N,WWTP RW,4/4/2023,37.70279,-122.48501
NPD100051589,2019,245949,Olivehurst WWTP,* NPDES,CENTRAL VALLEY RWQCB (REGION 5S),N,NaN,WWTP,6/19/2020,39.06506,-121.55068
NPD100051589,2020,245949,Olivehurst WWTP,* NPDES,CENTRAL VALLEY RWQCB (REGION 5S),N,NaN,WWTP,5/17/2021,39.06506,-121.55068
NPD100051589,2021,245949,Olivehurst WWTP,* NPDES,CENTRAL VALLEY RWQCB (REGION 5S),N,NaN,WWTP,4/29/2022,39.06506,-121.55068
NPD100051589,2022,245949,Olivehurst WWTP,* NPDES,CENTRAL VALLEY RWQCB (REGION 5S),N,NaN,WWTP,3/22/2023,39.06506,-121.55068
NPD100051518,2019,246217,Oro Loma/Castro Valley SD WPCP,* NPDES,SAN FRANCISCO BAY RWQCB (REGION 2),Y,N,WWTP RW,4/24/2020,37.669626,-122.157253
NPD100051518,2020,246217,Oro Loma/Castro Valley SD WPCP,* NPDES,SAN FRANCISCO BAY RWQCB (REGION 2),Y,N,WWTP RW,4/8/2021,37.669626,-122.157253
NPD100051518,2021,246217,Oro Loma/Castro Valley SD WPCP,* NPDES,SAN FRANCISCO BAY RWQCB (REGION 2),Y,N,WWTP RW,4/15/2022,37.669626,-122.157253
NPD100051518,2022,246217,Oro Loma/Castro Valley SD WPCP,* NPDES,SAN FRANCISCO BAY RWQCB (REGION 2),Y,N,WWTP RW,4/20/2023,37.669626,-122.157253
NPD100051498,2019,246251,Sewerage Commission Oroville Region WWTP,* NPDES,CENTRAL VALLEY RWQCB (REGION 5R),N,NaN,WWTP,3/20/2020,39.453056,-121.636944
NPD100051498,2020,246251,Sewerage Commission Oroville Region WWTP,* NPDES,CENTRAL VALLEY RWQCB (REGION 5R),N,NaN,WWTP,1/13/2021,39.453056,-121.636944
NPD100051498,2021,246251,Sewerage Commission Oroville Region WWTP,* NPDES,CENTRAL VALLEY RWQCB (REGION 5R),N,NaN,WWTP,2/8/2022,39.453056,-121.636944
NPD100051498,2022,246251,Sewerage Commission Oroville Region WWTP,* NPDES,CENTRAL VALLEY RWQCB (REGION 5R),N,NaN,WWTP,1/24/2023,39.453056,-121.636944
NPD100051520,2019,246616,Ojai Valley WWTP,* NPDES,LOS ANGELES RWQCB (REGION 4),N,NaN,WWTP,4/29/2020,34.347134,-119.296844
NPD100051520,2020,246616,Ojai Valley WWTP,* NPDES,LOS ANGELES RWQCB (REGION 4),N,NaN,WWTP,2/11/2021,34.347134,-119.296844
NPD100051520,2021,246616,Ojai Valley WWTP,* NPDES,LOS ANGELES RWQCB (REGION 4),N,NaN,WWTP,1/28/2022,34.347134,-119.296844
NPD100051520,2022,246616,Ojai Valley WWTP,* NPDES,LOS ANGELES RWQCB (REGION 4),N,NaN,WWTP,3/7/2023,34.347134,-119.296844
NPD100051503,2020,247457,Palo Alto Regional WQCP,* NPDES,SAN FRANCISCO BAY RWQCB (REGION 2),Y,N,WWTP RW,4/20/2021,37.451426,-122.10817
NPD100051503,2019,247457,Palo Alto Regional WQCP,* NPDES,SAN FRANCISCO BAY RWQCB (REGION 2),Y,N,WWTP RW,4/21/2020,37.451426,-122.10817
NPD100051503,2021,247457,Palo Alto Regional WQCP,* NPDES,SAN FRANCISCO BAY RWQCB (REGION 2),Y,N,WWTP RW,5/9/2022,37.451426,-122.10817
NPD100051503,2022,247457,Palo Alto Regional WQCP,* NPDES,SAN FRANCISCO BAY RWQCB (REGION 2),Y,N,WWTP RW,7/7/2023,37.451426,-122.10817
NPD100051576,2019,247750,Paso Robles WWTP,* NPDES,CENTRAL COAST RWQCB (REGION 3),Y,N,WWTP RW,4/24/2020,35.648315,-120.687496
NPD100051576,2020,247750,Paso Robles WWTP,* NPDES,CENTRAL COAST RWQCB (REGION 3),Y,N,WWTP RW,4/6/2021,35.648315,-120.687496
NPD100051576,2021,247750,Paso Robles WWTP,* NPDES,CENTRAL COAST RWQCB (REGION 3),Y,N,WWTP RW,1/12/2022,35.648315,-120.687496
NPD100051576,2022,247750,Paso Robles WWTP,* NPDES,CENTRAL COAST RWQCB (REGION 3),N,NaN,WWTP,1/25/2023,35.648315,-120.687496
NPD100051585,2019,248087,Petaluma Ellis Creek Water Recycling Facility (NPDES Permit),* NPDES,SAN FRANCISCO BAY RWQCB (REGION 2),Y,N,WWTP RW,4/13/2020,38.233544,-122.621527
NPD100051585,2020,248087,Petaluma Ellis Creek Water Recycling Facility (NPDES Permit),* NPDES,SAN FRANCISCO BAY RWQCB (REGION 2),Y,N,WWTP RW,4/27/2021,38.233544,-122.621527
NPD100051585,2021,248087,Petaluma Ellis Creek Water Recycling Facility (NPDES Permit),* NPDES,SAN FRANCISCO BAY RWQCB (REGION 2),Y,N,WWTP RW,4/25/2022,38.233544,-122.621527
NPD100051585,2022,248087,Petaluma Ellis Creek Water Recycling Facility (NPDES Permit),* NPDES,SAN FRANCISCO BAY RWQCB (REGION 2),Y,N,WWTP RW,7/10/2023,38.233544,-122.621527
NPD100051481,2019,248519,Pismo Beach WWTP,* NPDES,CENTRAL COAST RWQCB (REGION 3),N,NaN,WWTP,4/8/2020,35.140816,-120.634202
NPD100051481,2020,248519,Pismo Beach WWTP,* NPDES,CENTRAL COAST RWQCB (REGION 3),N,NaN,WWTP,2/11/2021,35.140816,-120.634202
NPD100051481,2021,248519,Pismo Beach WWTP,* NPDES,CENTRAL COAST RWQCB (REGION 3),N,NaN,WWTP,4/13/2022,35.140816,-120.634202
NPD100051481,2022,248519,Pismo Beach WWTP,* NPDES,CENTRAL COAST RWQCB (REGION 3),N,NaN,WWTP,2/3/2023,35.140816,-120.634202
WDR100036865,2019,213791,Cedar Grove WWTF,* WDR Site,CENTRAL VALLEY RWQCB (REGION 5F),N,NaN,WWTP,9/4/2020,36.4907,-118.82555
WDR100036865,2020,213791,Cedar Grove WWTF,* WDR Site,CENTRAL VALLEY RWQCB (REGION 5F),N,NaN,WWTP,4/27/2021,36.4907,-118.82555
WDR100036865,2021,213791,Cedar Grove WWTF,* WDR Site,CENTRAL VALLEY RWQCB (REGION 5F),N,NaN,WWTP,4/14/2022,36.4907,-118.82555
WDR100036865,2022,213791,Cedar Grove WWTF,* WDR Site,CENTRAL VALLEY RWQCB (REGION 5F),N,NaN,WWTP,4/14/2023,36.4907,-118.82555
WDR100036917,2019,227781,Grant Grove WWTF,* WDR Site,CENTRAL VALLEY RWQCB (REGION 5F),N,NaN,WWTP,9/4/2020,36.71733,-118.96523
WDR100036917,2020,227781,Grant Grove WWTF,* WDR Site,CENTRAL VALLEY RWQCB (REGION 5F),N,NaN,WWTP,4/27/2021,36.71733,-118.96523
WDR100036917,2021,227781,Grant Grove WWTF,* WDR Site,CENTRAL VALLEY RWQCB (REGION 5F),N,NaN,WWTP,4/14/2022,36.71733,-118.96523
WDR100036917,2022,227781,Grant Grove WWTF,* WDR Site,CENTRAL VALLEY RWQCB (REGION 5F),N,NaN,WWTP,4/14/2023,36.71733,-118.96523
NPD100051631,2019,248632,Sonoma West Holdings Plant #2 Facility,* NPDES,NORTH COAST RWQCB (REGION 1),N,NaN,WWTP,4/30/2020,38.425038,-122.848111
NPD100051631,2021,248632,Sonoma West Holdings Plant #2 Facility,* NPDES,NORTH COAST RWQCB (REGION 1),N,NaN,WWTP,2/18/2022,38.425038,-122.848111
NPD100051631,2020,248632,Sonoma West Holdings Plant #2 Facility,* NPDES,NORTH COAST RWQCB (REGION 1),N,NaN,WWTP,3/8/2021,38.425038,-122.848111
NPD100051631,2022,248632,Sonoma West Holdings Plant #2 Facility,* NPDES,NORTH COAST RWQCB (REGION 1),N,NaN,WWTP,2/21/2023,38.425038,-122.848111
NPD100051514,2019,248796,Point Loma WWTP & Ocean Outfall,* NPDES,SAN DIEGO RWQCB (REGION 9),N,NaN,WWTP,4/29/2020,32.68726,-117.24912
NPD100051514,2020,248796,Point Loma WWTP & Ocean Outfall,* NPDES,SAN DIEGO RWQCB (REGION 9),N,NaN,WWTP,4/26/2021,32.68726,-117.24912
NPD100051514,2021,248796,Point Loma WWTP & Ocean Outfall,* NPDES,SAN DIEGO RWQCB (REGION 9),N,NaN,WWTP,4/26/2022,32.68726,-117.24912
NPD100051514,2022,248796,Point Loma WWTP & Ocean Outfall,* NPDES,SAN DIEGO RWQCB (REGION 9),N,NaN,WWTP,4/27/2023,32.68726,-117.24912
NPD100051570,2019,248886,Port Costa WWTP,* NPDES,SAN FRANCISCO BAY RWQCB (REGION 2),N,NaN,WWTP,4/27/2020,38.04834,-122.18397
NPD100051570,2020,248886,Port Costa WWTP,* NPDES,SAN FRANCISCO BAY RWQCB (REGION 2),N,NaN,WWTP,4/6/2021,38.04834,-122.18397
NPD100051570,2021,248886,Port Costa WWTP,* NPDES,SAN FRANCISCO BAY RWQCB (REGION 2),N,NaN,WWTP,3/15/2022,38.04834,-122.18397
NPD100051570,2022,248886,Port Costa WWTP,* NPDES,SAN FRANCISCO BAY RWQCB (REGION 2),N,NaN,WWTP,3/2/2023,38.04834,-122.18397
NPD100051539,2020,248936,Portola WWTP,* NPDES,CENTRAL VALLEY RWQCB (REGION 5R),N,NaN,WWTP,2/26/2021,39.805013,-120.471338
NPD100051539,2021,248936,Portola WWTP,* NPDES,CENTRAL VALLEY RWQCB (REGION 5R),N,NaN,WWTP,2/7/2022,39.805013,-120.471338
NPD100051539,2019,248936,Portola WWTP,* NPDES,CENTRAL VALLEY RWQCB (REGION 5R),Y,N,WWTP RW,2/26/2021,39.805013,-120.471338
NPD100051539,2022,248936,Portola WWTP,* NPDES,CENTRAL VALLEY RWQCB (REGION 5R),N,NaN,WWTP,5/1/2023,39.805013,-120.471338
NPD100051586,2019,251473,Ragged Point Inn Motel,* NPDES,CENTRAL COAST RWQCB (REGION 3),N,NaN,WWTP,4/15/2020,35.780617,-121.32998
NPD100051586,2020,251473,Ragged Point Inn Motel,* NPDES,CENTRAL COAST RWQCB (REGION 3),Y,N,WWTP RW,4/21/2021,35.780617,-121.32998
NPD100051586,2021,251473,Ragged Point Inn Motel,* NPDES,CENTRAL COAST RWQCB (REGION 3),Y,N,WWTP RW,4/22/2022,35.780617,-121.32998
NPD100051586,2022,251473,Ragged Point Inn Motel,* NPDES,CENTRAL COAST RWQCB (REGION 3),Y,N,WWTP RW,4/27/2023,35.780617,-121.32998
NPD100051482,2019,252010,NORSD Sills Reclamation Project,* NPDES,CENTRAL VALLEY RWQCB (REGION 5F),Y,N,WWTP RW,8/19/2020,35.452142,-119.345818
NPD100051482,2020,252010,NORSD Sills Reclamation Project,* NPDES,CENTRAL VALLEY RWQCB (REGION 5F),Y,N,WWTP RW,2/19/2021,35.452142,-119.345818
NPD100051482,2021,252010,NORSD Sills Reclamation Project,* NPDES,CENTRAL VALLEY RWQCB (REGION 5F),Y,N,WWTP RW,3/28/2022,35.452142,-119.345818
NPD100051482,2022,252010,NORSD Sills Reclamation Project,* NPDES,CENTRAL VALLEY RWQCB (REGION 5F),Y,N,WWTP RW,3/27/2023,35.452142,-119.345818
NPD100051519,2019,252119,Red Bluff WW Reclamation Plant,* NPDES,CENTRAL VALLEY RWQCB (REGION 5R),Y,N,WWTP RW,3/17/2020,40.162944,-122.221228
NPD100051519,2020,252119,Red Bluff WW Reclamation Plant,* NPDES,CENTRAL VALLEY RWQCB (REGION 5R),Y,N,WWTP RW,3/1/2021,40.162944,-122.221228
NPD100051519,2021,252119,Red Bluff WW Reclamation Plant,* NPDES,CENTRAL VALLEY RWQCB (REGION 5R),Y,N,WWTP RW,4/11/2022,40.162944,-122.221228
NPD100051519,2022,252119,Red Bluff WW Reclamation Plant,* NPDES,CENTRAL VALLEY RWQCB (REGION 5R),Y,N,WWTP RW,4/5/2023,40.162944,-122.221228
NPD100051557,2019,252771,Beach Wastewater Treatment Facility,* NPDES,CENTRAL VALLEY RWQCB (REGION 5S),N,NaN,WWTP,3/18/2020,38.150105,-121.695111
NPD100051557,2020,252771,Beach Wastewater Treatment Facility,* NPDES,CENTRAL VALLEY RWQCB (REGION 5S),N,NaN,WWTP,1/20/2021,38.150105,-121.695111
NPD100051557,2021,252771,Beach Wastewater Treatment Facility,* NPDES,CENTRAL VALLEY RWQCB (REGION 5S),N,NaN,WWTP,4/13/2022,38.150105,-121.695111
NPD100051557,2022,252771,Beach Wastewater Treatment Facility,* NPDES,CENTRAL VALLEY RWQCB (REGION 5S),N,NaN,WWTP,3/27/2023,38.150105,-121.695111
NPD100051535,2019,253174,Rodeo Sanitary District WWTP,* NPDES,SAN FRANCISCO BAY RWQCB (REGION 2),N,NaN,WWTP,8/19/2020,38.040037,-122.26351
NPD100051535,2021,253174,Rodeo Sanitary District WWTP,* NPDES,SAN FRANCISCO BAY RWQCB (REGION 2),N,NaN,WWTP,3/3/2022,38.040037,-122.26351
NPD100051535,2020,253174,Rodeo Sanitary District WWTP,* NPDES,SAN FRANCISCO BAY RWQCB (REGION 2),N,NaN,WWTP,4/27/2021,38.040037,-122.26351
NPD100051535,2022,253174,Rodeo Sanitary District WWTP,* NPDES,SAN FRANCISCO BAY RWQCB (REGION 2),N,NaN,WWTP,4/18/2023,38.040037,-122.26351
NPD100051559,2019,254881,South San Francisco-San Bruno WQCP,* NPDES,SAN FRANCISCO BAY RWQCB (REGION 2),N,NaN,WWTP,5/5/2020,37.64149,-122.399957
NPD100051559,2021,254881,South San Francisco-San Bruno WQCP,* NPDES,SAN FRANCISCO BAY RWQCB (REGION 2),N,NaN,WWTP,2/18/2022,37.64149,-122.399957
NPD100051559,2020,254881,South San Francisco-San Bruno WQCP,* NPDES,SAN FRANCISCO BAY RWQCB (REGION 2),N,NaN,WWTP,2/22/2021,37.64149,-122.399957
NPD100051559,2022,254881,South San Francisco-San Bruno WQCP,* NPDES,SAN FRANCISCO BAY RWQCB (REGION 2),N,NaN,WWTP,1/17/2023,37.64149,-122.399957
NPD100051477,2019,254981,Sacramento Regional WWTP,* NPDES,CENTRAL VALLEY RWQCB (REGION 5S),N,NaN,WWTP,4/29/2020,38.44865,-121.46367
NPD100051477,2021,254981,Sacramento Regional WWTP,* NPDES,CENTRAL VALLEY RWQCB (REGION 5S),N,NaN,WWTP,2/27/2022,38.44865,-121.46367
NPD100051477,2020,254981,Sacramento Regional WWTP,* NPDES,CENTRAL VALLEY RWQCB (REGION 5S),Y,N,WWTP RW,2/25/2021,38.44865,-121.46367
NPD100051477,2022,254981,Sacramento Regional WWTP,* NPDES,CENTRAL VALLEY RWQCB (REGION 5S),Y,N,WWTP RW,4/21/2023,38.44865,-121.46367
NPD100051526,2019,255003,Copper Cove WWRF,* NPDES,CENTRAL VALLEY RWQCB (REGION 5S),Y,N,WWTP RW,6/30/2020,37.92487,-120.635969
NPD100051526,2020,255003,Copper Cove WWRF,* NPDES,CENTRAL VALLEY RWQCB (REGION 5S),Y,N,WWTP RW,4/28/2022,37.92487,-120.635969
NPD100051526,2021,255003,Copper Cove WWRF,* NPDES,CENTRAL VALLEY RWQCB (REGION 5S),Y,N,WWTP RW,4/29/2022,37.92487,-120.635969
NPD100051526,2022,255003,Copper Cove WWRF,* NPDES,CENTRAL VALLEY RWQCB (REGION 5S),Y,Y,RWP,4/3/2023,37.92487,-120.635969
NPD100051627,2019,255139,SAM WWTP (Sewer Authority Mid-Coastside Wastewater Treatment Plant),* NPDES,SAN FRANCISCO BAY RWQCB (REGION 2),N,NaN,WWTP,8/12/2020,37.47293,-122.44398
NPD100051627,2021,255139,SAM WWTP (Sewer Authority Mid-Coastside Wastewater Treatment Plant),* NPDES,SAN FRANCISCO BAY RWQCB (REGION 2),N,NaN,WWTP,6/14/2022,37.47293,-122.44398
NPD100051627,2020,255139,SAM WWTP (Sewer Authority Mid-Coastside Wastewater Treatment Plant),* NPDES,SAN FRANCISCO BAY RWQCB (REGION 2),N,NaN,WWTP,6/14/2022,37.47293,-122.44398
NPD100051627,2022,255139,SAM WWTP (Sewer Authority Mid-Coastside Wastewater Treatment Plant),* NPDES,SAN FRANCISCO BAY RWQCB (REGION 2),N,NaN,WWTP,2/7/2023,37.47293,-122.44398
NPD100051626,2019,255180,San Andreas SD WWTP,* NPDES,CENTRAL VALLEY RWQCB (REGION 5S),N,NaN,WWTP,4/3/2020,38.210833,-120.705556
NPD100051626,2021,255180,San Andreas SD WWTP,* NPDES,CENTRAL VALLEY RWQCB (REGION 5S),N,NaN,WWTP,2/21/2022,38.210833,-120.705556
NPD100051626,2020,255180,San Andreas SD WWTP,* NPDES,CENTRAL VALLEY RWQCB (REGION 5S),N,NaN,WWTP,1/27/2021,38.210833,-120.705556
NPD100051626,2022,255180,San Andreas SD WWTP,* NPDES,CENTRAL VALLEY RWQCB (REGION 5S),N,NaN,WWTP,2/17/2023,38.210833,-120.705556
NPD100051475,2019,255333,San Jose/Santa Clara WPCP,* NPDES,SAN FRANCISCO BAY RWQCB (REGION 2),Y,N,WWTP RW,4/20/2020,37.431979,-121.953651
NPD100051475,2020,255333,San Jose/Santa Clara WPCP,* NPDES,SAN FRANCISCO BAY RWQCB (REGION 2),Y,N,WWTP RW,3/23/2021,37.431979,-121.953651
NPD100051475,2021,255333,San Jose/Santa Clara WPCP,* NPDES,SAN FRANCISCO BAY RWQCB (REGION 2),Y,N,WWTP RW,6/6/2022,37.431979,-121.953651
NPD100051475,2022,255333,San Jose/Santa Clara WPCP,* NPDES,SAN FRANCISCO BAY RWQCB (REGION 2),Y,N,WWTP RW,7/26/2023,37.431979,-121.953651
NPD100051497,2020,255337,San Juan Bautista WWTP,* NPDES,CENTRAL COAST RWQCB (REGION 3),N,NaN,WWTP,2/18/2021,36.849475,-121.544972
NPD100051497,2019,255337,San Juan Bautista WWTP,* NPDES,CENTRAL COAST RWQCB (REGION 3),N,NaN,WWTP,7/22/2020,36.849475,-121.544972
NPD100051497,2021,255337,San Juan Bautista WWTP,* NPDES,CENTRAL COAST RWQCB (REGION 3),N,NaN,WWTP,4/18/2022,36.849475,-121.544972
NPD100051497,2022,255337,San Juan Bautista WWTP,* NPDES,CENTRAL COAST RWQCB (REGION 3),N,NaN,WWTP,4/28/2023,36.849475,-121.544972
NPD100051582,2019,255380,San Luis Obispo WWTP,* NPDES,CENTRAL COAST RWQCB (REGION 3),Y,N,WWTP RW,4/17/2020,35.256328,-120.673299
NPD100051582,2020,255380,San Luis Obispo WWTP,* NPDES,CENTRAL COAST RWQCB (REGION 3),Y,N,WWTP RW,3/11/2021,35.256328,-120.673299
NPD100051582,2021,255380,San Luis Obispo WWTP,* NPDES,CENTRAL COAST RWQCB (REGION 3),Y,N,WWTP RW,3/23/2022,35.256328,-120.673299
NPD100051582,2022,255380,San Luis Obispo WWTP,* NPDES,CENTRAL COAST RWQCB (REGION 3),Y,N,WWTP RW,4/17/2023,35.256328,-120.673299
NPD100051601,2019,255420,San Mateo WWTP,* NPDES,SAN FRANCISCO BAY RWQCB (REGION 2),N,NaN,WWTP,3/30/2020,37.56945,-122.29668
NPD100051601,2021,255420,San Mateo WWTP,* NPDES,SAN FRANCISCO BAY RWQCB (REGION 2),Y,N,WWTP RW,1/26/2022,37.56945,-122.29668
NPD100051601,2020,255420,San Mateo WWTP,* NPDES,SAN FRANCISCO BAY RWQCB (REGION 2),N,NaN,WWTP,2/24/2021,37.56945,-122.29668
NPD100051601,2022,255420,San Mateo WWTP,* NPDES,SAN FRANCISCO BAY RWQCB (REGION 2),N,NaN,WWTP,2/27/2023,37.56945,-122.29668
NPD100051554,2019,255462,San Simeon WWTP,* NPDES,CENTRAL COAST RWQCB (REGION 3),N,NaN,WWTP,4/15/2020,35.611701,-121.145574
NPD100051554,2020,255462,San Simeon WWTP,* NPDES,CENTRAL COAST RWQCB (REGION 3),N,NaN,WWTP,4/14/2021,35.611701,-121.145574
NPD100051554,2021,255462,San Simeon WWTP,* NPDES,CENTRAL COAST RWQCB (REGION 3),N,NaN,WWTP,4/12/2022,35.611701,-121.145574
NPD100051554,2022,255462,San Simeon WWTP,* NPDES,CENTRAL COAST RWQCB (REGION 3),N,NaN,WWTP,4/27/2023,35.611701,-121.145574
NPD100051630,2019,255632,Santa Cruz WWTP,* NPDES,CENTRAL COAST RWQCB (REGION 3),N,NaN,WWTP,5/7/2020,36.961587,-122.030999
NPD100051630,2020,255632,Santa Cruz WWTP,* NPDES,CENTRAL COAST RWQCB (REGION 3),N,NaN,WWTP,2/11/2021,36.961587,-122.030999
NPD100051630,2021,255632,Santa Cruz WWTP,* NPDES,CENTRAL COAST RWQCB (REGION 3),N,NaN,WWTP,4/4/2022,36.961587,-122.030999
NPD100051630,2022,255632,Santa Cruz WWTP,* NPDES,CENTRAL COAST RWQCB (REGION 3),N,NaN,WWTP,4/4/2023,36.961587,-122.030999
NPD100051600,2019,255788,Sewerage Agency of Southern Marin (SASM) WWTP,* NPDES,SAN FRANCISCO BAY RWQCB (REGION 2),Y,N,WWTP RW,3/12/2021,37.87,-122.451389
NPD100051600,2021,255788,Sewerage Agency of Southern Marin (SASM) WWTP,* NPDES,SAN FRANCISCO BAY RWQCB (REGION 2),Y,N,WWTP RW,3/30/2022,37.87,-122.451389
NPD100051600,2020,255788,Sewerage Agency of Southern Marin (SASM) WWTP,* NPDES,SAN FRANCISCO BAY RWQCB (REGION 2),Y,N,WWTP RW,3/23/2021,37.87,-122.451389
NPD100051600,2022,255788,Sewerage Agency of Southern Marin (SASM) WWTP,* NPDES,SAN FRANCISCO BAY RWQCB (REGION 2),Y,N,WWTP RW,4/25/2023,37.87,-122.451389
NPD100051555,2019,256011,Scotts Valley WWTP,* NPDES,CENTRAL COAST RWQCB (REGION 3),Y,N,WWTP RW,6/22/2022,37.041592,-122.026715
NPD100051555,2021,256011,Scotts Valley WWTP,* NPDES,CENTRAL COAST RWQCB (REGION 3),Y,N,WWTP RW,3/3/2022,37.041592,-122.026715
NPD100051555,2020,256011,Scotts Valley WWTP,* NPDES,CENTRAL COAST RWQCB (REGION 3),Y,N,WWTP RW,3/10/2021,37.041592,-122.026715
NPD100051555,2022,256011,Scotts Valley WWTP,* NPDES,CENTRAL COAST RWQCB (REGION 3),Y,N,WWTP RW,4/19/2023,37.041592,-122.026715
NPD100051596,2019,256050,Graton CSD,* NPDES,NORTH COAST RWQCB (REGION 1),Y,N,WWTP RW,7/23/2020,38.44973,-122.88082
NPD100051596,2020,256050,Graton CSD,* NPDES,NORTH COAST RWQCB (REGION 1),Y,N,WWTP RW,2/17/2021,38.44973,-122.88082
NPD100051596,2021,256050,Graton CSD,* NPDES,NORTH COAST RWQCB (REGION 1),Y,N,WWTP RW,3/28/2022,38.44973,-122.88082
NPD100051596,2022,256050,Graton CSD,* NPDES,NORTH COAST RWQCB (REGION 1),Y,N,WWTP RW,5/2/2023,38.44973,-122.88082
NPD100051558,2019,256061,SCWA Russian River CSD,* NPDES,NORTH COAST RWQCB (REGION 1),Y,N,WWTP RW,4/29/2020,38.485295,-123.000878
NPD100051558,2020,256061,SCWA Russian River CSD,* NPDES,NORTH COAST RWQCB (REGION 1),Y,N,WWTP RW,3/11/2021,38.485295,-123.000878
NPD100051558,2021,256061,SCWA Russian River CSD,* NPDES,NORTH COAST RWQCB (REGION 1),Y,N,WWTP RW,4/20/2022,38.485295,-123.000878
NPD100051558,2022,256061,SCWA Russian River CSD,* NPDES,NORTH COAST RWQCB (REGION 1),Y,N,WWTP RW,1/31/2023,38.485295,-123.000878
NPD100051625,2019,256217,Seeley CWD WWTP,* NPDES,COLORADO RIVER BASIN RWQCB (REGION 7),N,NaN,WWTP,6/25/2020,32.79427,-115.69997
NPD100051625,2020,256217,Seeley CWD WWTP,* NPDES,COLORADO RIVER BASIN RWQCB (REGION 7),N,NaN,WWTP,4/19/2021,32.79427,-115.69997
NPD100051625,2021,256217,Seeley CWD WWTP,* NPDES,COLORADO RIVER BASIN RWQCB (REGION 7),N,NaN,WWTP,4/26/2022,32.79427,-115.69997
NPD100051625,2022,256217,Seeley CWD WWTP,* NPDES,COLORADO RIVER BASIN RWQCB (REGION 7),N,NaN,WWTP,4/20/2023,32.79427,-115.69997
NPD100051512,2019,256498,SF - OCEANSIDE Water Pollution Control Plant,* NPDES,SAN FRANCISCO BAY RWQCB (REGION 2),N,NaN,WWTP,4/24/2020,37.7469,-122.388056
NPD100051512,2020,256498,SF - OCEANSIDE Water Pollution Control Plant,* NPDES,SAN FRANCISCO BAY RWQCB (REGION 2),N,NaN,WWTP,4/23/2021,37.7469,-122.388056
NPD100051512,2021,256498,SF - OCEANSIDE Water Pollution Control Plant,* NPDES,SAN FRANCISCO BAY RWQCB (REGION 2),N,NaN,WWTP,4/19/2022,37.7469,-122.388056
NPD100051512,2022,256498,SF - OCEANSIDE Water Pollution Control Plant,* NPDES,SAN FRANCISCO BAY RWQCB (REGION 2),N,NaN,WWTP,4/26/2023,37.7469,-122.388056
NPD100051513,2019,256499,"SF-SE Water Pollution Control Plant, N-Point & Bayside",* NPDES,SAN FRANCISCO BAY RWQCB (REGION 2),N,NaN,WWTP,4/24/2020,37.740805,-122.390454
NPD100051513,2021,256499,"SF-SE Water Pollution Control Plant, N-Point & Bayside",* NPDES,SAN FRANCISCO BAY RWQCB (REGION 2),N,NaN,WWTP,4/19/2022,37.740805,-122.390454
NPD100051513,2020,256499,"SF-SE Water Pollution Control Plant, N-Point & Bayside",* NPDES,SAN FRANCISCO BAY RWQCB (REGION 2),N,NaN,WWTP,4/23/2021,37.740805,-122.390454
NPD100051513,2022,256499,"SF-SE Water Pollution Control Plant, N-Point & Bayside",* NPDES,SAN FRANCISCO BAY RWQCB (REGION 2),N,NaN,WWTP,4/26/2023,37.740805,-122.390454
NPD100051556,2019,256507,SF Airport Mel Leong TP-Sanitary Waste,* NPDES,SAN FRANCISCO BAY RWQCB (REGION 2),Y,N,WWTP RW,4/27/2020,37.63731,-122.38466
NPD100051556,2021,256507,SF Airport Mel Leong TP-Sanitary Waste,* NPDES,SAN FRANCISCO BAY RWQCB (REGION 2),Y,N,WWTP RW,4/27/2022,37.63731,-122.38466
NPD100051556,2020,256507,SF Airport Mel Leong TP-Sanitary Waste,* NPDES,SAN FRANCISCO BAY RWQCB (REGION 2),Y,N,WWTP RW,4/28/2021,37.63731,-122.38466
NPD100051556,2022,256507,SF Airport Mel Leong TP-Sanitary Waste,* NPDES,SAN FRANCISCO BAY RWQCB (REGION 2),N,NaN,WWTP,3/23/2023,37.63731,-122.38466
NPD100051534,2019,256627,Shasta Lake WWTF,* NPDES,CENTRAL VALLEY RWQCB (REGION 5R),Y,N,WWTP RW,3/10/2020,40.664722,-122.379444
NPD100051534,2020,256627,Shasta Lake WWTF,* NPDES,CENTRAL VALLEY RWQCB (REGION 5R),Y,N,WWTP RW,4/6/2021,40.664722,-122.379444
NPD100051534,2021,256627,Shasta Lake WWTF,* NPDES,CENTRAL VALLEY RWQCB (REGION 5R),Y,N,WWTP RW,1/11/2022,40.664722,-122.379444
NPD100051534,2022,256627,Shasta Lake WWTF,* NPDES,CENTRAL VALLEY RWQCB (REGION 5R),Y,N,WWTP RW,1/25/2023,40.664722,-122.379444
NPD100051621,2019,256749,Shelter Cove POTW,* NPDES,NORTH COAST RWQCB (REGION 1),Y,N,WWTP RW,10/30/2020,40.03333,-124.07778
NPD100051621,2020,256749,Shelter Cove POTW,* NPDES,NORTH COAST RWQCB (REGION 1),N,NaN,WWTP,4/21/2021,40.03333,-124.07778
NPD100051621,2021,256749,Shelter Cove POTW,* NPDES,NORTH COAST RWQCB (REGION 1),N,NaN,WWTP,4/14/2022,40.03333,-124.07778
NPD100051621,2022,256749,Shelter Cove POTW,* NPDES,NORTH COAST RWQCB (REGION 1),N,NaN,WWTP,2/22/2023,40.03333,-124.07778
NPD100051479,2019,257754,Sonoma Valley County SD WWTP,* NPDES,SAN FRANCISCO BAY RWQCB (REGION 2),Y,N,WWTP RW,4/24/2020,38.25172,-122.44395
NPD100051479,2020,257754,Sonoma Valley County SD WWTP,* NPDES,SAN FRANCISCO BAY RWQCB (REGION 2),Y,N,WWTP RW,4/9/2021,38.25172,-122.44395
NPD100051479,2021,257754,Sonoma Valley County SD WWTP,* NPDES,SAN FRANCISCO BAY RWQCB (REGION 2),Y,N,WWTP RW,2/15/2022,38.25172,-122.44395
NPD100051479,2022,257754,Sonoma Valley County SD WWTP,* NPDES,SAN FRANCISCO BAY RWQCB (REGION 2),Y,N,WWTP RW,1/30/2023,38.25172,-122.44395
NPD100051492,2019,257821,South Bay International WTP,* NPDES,SAN DIEGO RWQCB (REGION 9),N,NaN,WWTP,12/11/2020,32.55614,-117.062422
NPD100051492,2021,257821,South Bay International WTP,* NPDES,SAN DIEGO RWQCB (REGION 9),N,NaN,WWTP,1/20/2022,32.55614,-117.062422
NPD100051492,2020,257821,South Bay International WTP,* NPDES,SAN DIEGO RWQCB (REGION 9),N,NaN,WWTP,1/28/2021,32.55614,-117.062422
NPD100051492,2022,257821,South Bay International WTP,* NPDES,SAN DIEGO RWQCB (REGION 9),N,NaN,WWTP,2/7/2023,32.55614,-117.062422
NPD100051517,2019,257887,South San Luis Obispo SD WWTP,* NPDES,CENTRAL COAST RWQCB (REGION 3),N,NaN,WWTP,3/19/2020,35.101266,-120.625755
NPD100051517,2021,257887,South San Luis Obispo SD WWTP,* NPDES,CENTRAL COAST RWQCB (REGION 3),N,NaN,WWTP,2/15/2022,35.101266,-120.625755
NPD100051517,2020,257887,South San Luis Obispo SD WWTP,* NPDES,CENTRAL COAST RWQCB (REGION 3),N,NaN,WWTP,3/23/2021,35.101266,-120.625755
NPD100051517,2022,257887,South San Luis Obispo SD WWTP,* NPDES,CENTRAL COAST RWQCB (REGION 3),N,NaN,WWTP,2/2/2023,35.101266,-120.625755
NPD100051515,2019,258386,St. Helena City WWTP,* NPDES,SAN FRANCISCO BAY RWQCB (REGION 2),N,NaN,WWTP,3/24/2020,38.49915,-122.44735
NPD100051515,2020,258386,St. Helena City WWTP,* NPDES,SAN FRANCISCO BAY RWQCB (REGION 2),N,NaN,WWTP,4/16/2021,38.49915,-122.44735
NPD100051515,2021,258386,St. Helena City WWTP,* NPDES,SAN FRANCISCO BAY RWQCB (REGION 2),N,NaN,WWTP,4/28/2022,38.49915,-122.44735
NPD100051515,2022,258386,St. Helena City WWTP,* NPDES,SAN FRANCISCO BAY RWQCB (REGION 2),N,NaN,WWTP,4/28/2023,38.49915,-122.44735
NPD100051560,2019,258739,Stockton Regional WW Control Facility,* NPDES,CENTRAL VALLEY RWQCB (REGION 5S),N,NaN,WWTP,3/26/2020,37.936547,-121.329178
NPD100051560,2020,258739,Stockton Regional WW Control Facility,* NPDES,CENTRAL VALLEY RWQCB (REGION 5S),N,NaN,WWTP,2/18/2021,37.936547,-121.329178
NPD100051560,2021,258739,Stockton Regional WW Control Facility,* NPDES,CENTRAL VALLEY RWQCB (REGION 5S),N,NaN,WWTP,1/27/2022,37.936547,-121.329178
NPD100051560,2022,258739,Stockton Regional WW Control Facility,* NPDES,CENTRAL VALLEY RWQCB (REGION 5S),N,NaN,WWTP,2/6/2023,37.936547,-121.329178
NPD100051632,2019,259149,Rialto WWRF,* NPDES,SANTA ANA RWQCB (REGION 8),Y,N,WWTP RW,4/16/2020,34.05524,-117.36499
NPD100051632,2020,259149,Rialto WWRF,* NPDES,SANTA ANA RWQCB (REGION 8),Y,N,WWTP RW,2/19/2021,34.05524,-117.36499
NPD100051632,2022,259149,Rialto WWRF,* NPDES,SANTA ANA RWQCB (REGION 8),Y,N,WWTP RW,1/25/2023,34.05524,-117.36499
NPD100051632,2021,259149,Rialto WWRF,* NPDES,SANTA ANA RWQCB (REGION 8),Y,N,WWTP RW,4/6/2022,34.05524,-117.36499
NPD100051476,2019,259150,Riverside City WWRF,* NPDES,SANTA ANA RWQCB (REGION 8),Y,N,WWTP RW,6/29/2020,33.9615,-117.4575
NPD100051476,2021,259150,Riverside City WWRF,* NPDES,SANTA ANA RWQCB (REGION 8),Y,N,WWTP RW,4/18/2022,33.9615,-117.4575
NPD100051476,2020,259150,Riverside City WWRF,* NPDES,SANTA ANA RWQCB (REGION 8),Y,N,WWTP RW,3/9/2021,33.9615,-117.4575
NPD100051476,2022,259150,Riverside City WWRF,* NPDES,SANTA ANA RWQCB (REGION 8),Y,N,WWTP RW,2/16/2023,33.9615,-117.4575
NPD100051505,2019,259171,Corona WWRF #1,* NPDES,SANTA ANA RWQCB (REGION 8),Y,N,WWTP RW,6/29/2020,33.892667,-117.614167
NPD100051505,2020,259171,Corona WWRF #1,* NPDES,SANTA ANA RWQCB (REGION 8),Y,N,WWTP RW,4/29/2021,33.892667,-117.614167
NPD100051505,2021,259171,Corona WWRF #1,* NPDES,SANTA ANA RWQCB (REGION 8),Y,N,WWTP RW,4/29/2022,33.892667,-117.614167
NPD100051505,2022,259171,Corona WWRF #1,* NPDES,SANTA ANA RWQCB (REGION 8),Y,N,WWTP RW,4/30/2023,33.892667,-117.614167
NPD100051484,2019,259174,Corona WWRF #3,* NPDES,SANTA ANA RWQCB (REGION 8),Y,N,WWTP RW,6/29/2020,33.819528,-117.507631
NPD100051484,2020,259174,Corona WWRF #3,* NPDES,SANTA ANA RWQCB (REGION 8),Y,N,WWTP RW,4/29/2021,33.819528,-117.507631
NPD100051484,2021,259174,Corona WWRF #3,* NPDES,SANTA ANA RWQCB (REGION 8),Y,N,WWTP RW,4/29/2022,33.819528,-117.507631
NPD100051484,2022,259174,Corona WWRF #3,* NPDES,SANTA ANA RWQCB (REGION 8),Y,N,WWTP RW,4/30/2023,33.819528,-117.507631
NPD100051496,2019,259178,"Colton/San Bernadino STP, RIX",* NPDES,SANTA ANA RWQCB (REGION 8),Y,N,WWTP RW,8/5/2020,34.041083,-117.353889
NPD100051496,2020,259178,"Colton/San Bernadino STP, RIX",* NPDES,SANTA ANA RWQCB (REGION 8),Y,N,WWTP RW,4/30/2021,34.041083,-117.353889
NPD100051496,2021,259178,"Colton/San Bernadino STP, RIX",* NPDES,SANTA ANA RWQCB (REGION 8),Y,N,WWTP RW,4/21/2022,34.041083,-117.353889
NPD100051496,2022,259178,"Colton/San Bernadino STP, RIX",* NPDES,SANTA ANA RWQCB (REGION 8),Y,N,WWTP RW,4/30/2023,34.041083,-117.353889
NPD100051553,2019,259184,IEUA Carbon Canyon WWRF,* NPDES,SANTA ANA RWQCB (REGION 8),Y,N,WWTP RW,3/16/2020,33.982023,-117.693334
NPD100051553,2021,259184,IEUA Carbon Canyon WWRF,* NPDES,SANTA ANA RWQCB (REGION 8),Y,N,WWTP RW,2/10/2022,33.982023,-117.693334
NPD100051553,2020,259184,IEUA Carbon Canyon WWRF,* NPDES,SANTA ANA RWQCB (REGION 8),Y,N,WWTP RW,3/3/2021,33.982023,-117.693334
NPD100051553,2022,259184,IEUA Carbon Canyon WWRF,* NPDES,SANTA ANA RWQCB (REGION 8),Y,N,WWTP RW,2/9/2023,33.982023,-117.693334
NPD100051619,2019,259214,EVMWD Regional WWRF,* NPDES,SANTA ANA RWQCB (REGION 8),Y,N,WWTP RW,6/30/2020,33.68411,-117.34403
NPD100051619,2020,259214,EVMWD Regional WWRF,* NPDES,SANTA ANA RWQCB (REGION 8),Y,N,WWTP RW,4/16/2021,33.68411,-117.34403
NPD100051619,2021,259214,EVMWD Regional WWRF,* NPDES,SANTA ANA RWQCB (REGION 8),Y,N,WWTP RW,4/20/2022,33.68411,-117.34403
NPD100051619,2022,259214,EVMWD Regional WWRF,* NPDES,SANTA ANA RWQCB (REGION 8),Y,N,WWTP RW,4/17/2023,33.68411,-117.34403
NPD100051628,2019,259216,Temescal Valley WD WWRF,* NPDES,SANTA ANA RWQCB (REGION 8),Y,N,WWTP RW,4/21/2020,33.79449,-117.49537
NPD100051628,2020,259216,Temescal Valley WD WWRF,* NPDES,SANTA ANA RWQCB (REGION 8),Y,N,WWTP RW,4/13/2021,33.79449,-117.49537
NPD100051628,2021,259216,Temescal Valley WD WWRF,* NPDES,SANTA ANA RWQCB (REGION 8),Y,N,WWTP RW,3/30/2022,33.79449,-117.49537
NPD100051628,2022,259216,Temescal Valley WD WWRF,* NPDES,SANTA ANA RWQCB (REGION 8),Y,N,WWTP RW,4/10/2023,33.79449,-117.49537
NPD100051499,2019,259220,Margaret H Chandler WWRF,* NPDES,SANTA ANA RWQCB (REGION 8),N,NaN,WWTP,8/5/2020,34.077521,-117.291249
NPD100051499,2020,259220,Margaret H Chandler WWRF,* NPDES,SANTA ANA RWQCB (REGION 8),N,NaN,WWTP,4/30/2021,34.077521,-117.291249
NPD100051499,2021,259220,Margaret H Chandler WWRF,* NPDES,SANTA ANA RWQCB (REGION 8),N,NaN,WWTP,4/21/2022,34.077521,-117.291249
NPD100051499,2022,259220,Margaret H Chandler WWRF,* NPDES,SANTA ANA RWQCB (REGION 8),N,NaN,WWTP,4/30/2023,34.077521,-117.291249
NPD100051629,2019,259377,Summerland SD WWTP,* NPDES,CENTRAL COAST RWQCB (REGION 3),N,NaN,WWTP,9/1/2020,34.419298,-119.596606
NPD100051629,2020,259377,Summerland SD WWTP,* NPDES,CENTRAL COAST RWQCB (REGION 3),N,NaN,WWTP,2/12/2021,34.419298,-119.596606
NPD100051629,2021,259377,Summerland SD WWTP,* NPDES,CENTRAL COAST RWQCB (REGION 3),N,NaN,WWTP,2/22/2022,34.419298,-119.596606
NPD100051629,2022,259377,Summerland SD WWTP,* NPDES,CENTRAL COAST RWQCB (REGION 3),N,NaN,WWTP,1/24/2023,34.419298,-119.596606
NPD100051562,2020,259507,Sunnyvale WPCP,* NPDES,SAN FRANCISCO BAY RWQCB (REGION 2),Y,N,WWTP RW,4/1/2022,37.4189,-122.01606
NPD100051562,2019,259507,Sunnyvale WPCP,* NPDES,SAN FRANCISCO BAY RWQCB (REGION 2),Y,N,WWTP RW,4/14/2022,37.4189,-122.01606
NPD100051562,2021,259507,Sunnyvale WPCP,* NPDES,SAN FRANCISCO BAY RWQCB (REGION 2),Y,N,WWTP RW,4/1/2022,37.4189,-122.01606
NPD100051562,2022,259507,Sunnyvale WPCP,* NPDES,SAN FRANCISCO BAY RWQCB (REGION 2),Y,N,WWTP RW,3/17/2023,37.4189,-122.01606
NPD100051483,2019,266328,Treasure Island WWTP/DOD,* NPDES,SAN FRANCISCO BAY RWQCB (REGION 2),N,NaN,WWTP,4/27/2020,37.83055,-122.3704
NPD100051483,2021,266328,Treasure Island WWTP/DOD,* NPDES,SAN FRANCISCO BAY RWQCB (REGION 2),N,NaN,WWTP,4/19/2022,37.83055,-122.3704
NPD100051483,2020,266328,Treasure Island WWTP/DOD,* NPDES,SAN FRANCISCO BAY RWQCB (REGION 2),N,NaN,WWTP,4/23/2021,37.83055,-122.3704
NPD100051483,2022,266328,Treasure Island WWTP/DOD,* NPDES,SAN FRANCISCO BAY RWQCB (REGION 2),N,NaN,WWTP,4/26/2023,37.83055,-122.3704
NPD100051536,2019,266439,Northwest WWTF,* NPDES,CENTRAL VALLEY RWQCB (REGION 5S),N,NaN,WWTP,3/18/2020,38.193879,-121.712801
NPD100051536,2020,266439,Northwest WWTF,* NPDES,CENTRAL VALLEY RWQCB (REGION 5S),N,NaN,WWTP,1/20/2021,38.193879,-121.712801
NPD100051536,2021,266439,Northwest WWTF,* NPDES,CENTRAL VALLEY RWQCB (REGION 5S),N,NaN,WWTP,4/13/2022,38.193879,-121.712801
NPD100051536,2022,266439,Northwest WWTF,* NPDES,CENTRAL VALLEY RWQCB (REGION 5S),N,NaN,WWTP,3/27/2023,38.193879,-121.712801
NPD100051583,2019,266737,"Turlock City, Turlock Regional Water Quality Control Facility",* NPDES,CENTRAL VALLEY RWQCB (REGION 5S),Y,N,WWTP RW,4/13/2020,37.481169,-120.867218
NPD100051583,2020,266737,"Turlock City, Turlock Regional Water Quality Control Facility",* NPDES,CENTRAL VALLEY RWQCB (REGION 5S),Y,N,WWTP RW,5/12/2021,37.481169,-120.867218
NPD100051583,2021,266737,"Turlock City, Turlock Regional Water Quality Control Facility",* NPDES,CENTRAL VALLEY RWQCB (REGION 5S),Y,N,WWTP RW,5/5/2022,37.481169,-120.867218
NPD100051583,2022,266737,"Turlock City, Turlock Regional Water Quality Control Facility",* NPDES,CENTRAL VALLEY RWQCB (REGION 5S),Y,N,WWTP RW,3/24/2023,37.481169,-120.867218
NPD100051502,2019,268926,UC Davis Main WWTP,* NPDES,CENTRAL VALLEY RWQCB (REGION 5S),Y,N,WWTP RW,5/15/2020,38.52227,-121.75569
NPD100051502,2021,268926,UC Davis Main WWTP,* NPDES,CENTRAL VALLEY RWQCB (REGION 5S),Y,N,WWTP RW,4/19/2022,38.52227,-121.75569
NPD100051502,2020,268926,UC Davis Main WWTP,* NPDES,CENTRAL VALLEY RWQCB (REGION 5S),Y,N,WWTP RW,3/31/2021,38.52227,-121.75569
NPD100051502,2022,268926,UC Davis Main WWTP,* NPDES,CENTRAL VALLEY RWQCB (REGION 5S),Y,N,WWTP RW,4/19/2023,38.52227,-121.75569
NPD100051538,2019,268960,Ukiah City WWTP,* NPDES,NORTH COAST RWQCB (REGION 1),Y,N,WWTP RW,6/22/2020,39.11233,-123.19158
NPD100051538,2020,268960,Ukiah City WWTP,* NPDES,NORTH COAST RWQCB (REGION 1),Y,N,WWTP RW,4/29/2021,39.11233,-123.19158
NPD100051538,2021,268960,Ukiah City WWTP,* NPDES,NORTH COAST RWQCB (REGION 1),Y,N,WWTP RW,4/28/2022,39.11233,-123.19158
NPD100051538,2022,268960,Ukiah City WWTP,* NPDES,NORTH COAST RWQCB (REGION 1),Y,N,WWTP RW,4/18/2023,39.11233,-123.19158
NPD100051584,2019,269449,US Navy Naval Air Facility WWTP,* NPDES,COLORADO RIVER BASIN RWQCB (REGION 7),N,NaN,WWTP,4/27/2020,32.83863,-115.68086
NPD100051584,2020,269449,US Navy Naval Air Facility WWTP,* NPDES,COLORADO RIVER BASIN RWQCB (REGION 7),N,NaN,WWTP,10/13/2021,32.83863,-115.68086
NPD100051584,2022,269449,US Navy Naval Air Facility WWTP,* NPDES,COLORADO RIVER BASIN RWQCB (REGION 7),N,NaN,WWTP,3/14/2023,32.83863,-115.68086
NPD100051584,2021,269449,US Navy Naval Air Facility WWTP,* NPDES,COLORADO RIVER BASIN RWQCB (REGION 7),N,NaN,WWTP,4/18/2022,32.83863,-115.68086
NPD100051544,2019,270006,Vallejo Flood & Wastewater District (VFWD) Wastewater Treatment Plant,* NPDES,SAN FRANCISCO BAY RWQCB (REGION 2),N,NaN,WWTP,8/19/2020,38.091264,-122.251126
NPD100051544,2021,270006,Vallejo Flood & Wastewater District (VFWD) Wastewater Treatment Plant,* NPDES,SAN FRANCISCO BAY RWQCB (REGION 2),N,NaN,WWTP,3/2/2022,38.091264,-122.251126
NPD100051544,2020,270006,Vallejo Flood & Wastewater District (VFWD) Wastewater Treatment Plant,* NPDES,SAN FRANCISCO BAY RWQCB (REGION 2),N,NaN,WWTP,4/6/2021,38.091264,-122.251126
NPD100051544,2022,270006,Vallejo Flood & Wastewater District (VFWD) Wastewater Treatment Plant,* NPDES,SAN FRANCISCO BAY RWQCB (REGION 2),N,NaN,WWTP,4/20/2023,38.091264,-122.251126
NPD100051522,2019,270096,Valley SD WWTP,* NPDES,COLORADO RIVER BASIN RWQCB (REGION 7),N,NaN,WWTP,4/3/2020,33.715444,-116.198833
NPD100051522,2021,270096,Valley SD WWTP,* NPDES,COLORADO RIVER BASIN RWQCB (REGION 7),N,NaN,WWTP,4/27/2022,33.715444,-116.198833
NPD100051522,2020,270096,Valley SD WWTP,* NPDES,COLORADO RIVER BASIN RWQCB (REGION 7),N,NaN,WWTP,2/19/2021,33.715444,-116.198833
NPD100051522,2022,270096,Valley SD WWTP,* NPDES,COLORADO RIVER BASIN RWQCB (REGION 7),N,NaN,WWTP,2/17/2023,33.715444,-116.198833
NPD100051547,2019,271805,Chico Water Pollution Control Plant,* NPDES,CENTRAL VALLEY RWQCB (REGION 5R),N,NaN,WWTP,7/20/2020,39.700058,-121.908067
NPD100051547,2021,271805,Chico Water Pollution Control Plant,* NPDES,CENTRAL VALLEY RWQCB (REGION 5R),N,NaN,WWTP,1/11/2022,39.700058,-121.908067
NPD100051547,2020,271805,Chico Water Pollution Control Plant,* NPDES,CENTRAL VALLEY RWQCB (REGION 5R),N,NaN,WWTP,2/11/2021,39.700058,-121.908067
NPD100051547,2022,271805,Chico Water Pollution Control Plant,* NPDES,CENTRAL VALLEY RWQCB (REGION 5R),N,NaN,WWTP,1/24/2023,39.700058,-121.908067
NPD100051609,2019,271872,Watsonville WWTP,* NPDES,CENTRAL COAST RWQCB (REGION 3),Y,N,WWTP RW,4/15/2020,36.886751,-121.785478
NPD100051609,2020,271872,Watsonville WWTP,* NPDES,CENTRAL COAST RWQCB (REGION 3),Y,N,WWTP RW,2/17/2021,36.886751,-121.785478
NPD100051609,2021,271872,Watsonville WWTP,* NPDES,CENTRAL COAST RWQCB (REGION 3),Y,N,WWTP RW,2/22/2022,36.886751,-121.785478
NPD100051609,2022,271872,Watsonville WWTP,* NPDES,CENTRAL COAST RWQCB (REGION 3),Y,N,WWTP RW,2/14/2023,36.886751,-121.785478
NPD100051635,2019,272291,Westmorland City WWTP,* NPDES,COLORADO RIVER BASIN RWQCB (REGION 7),N,NaN,WWTP,5/24/2021,33.037306,-115.630083
NPD100051635,2020,272291,Westmorland City WWTP,* NPDES,COLORADO RIVER BASIN RWQCB (REGION 7),N,NaN,WWTP,5/24/2021,33.037306,-115.630083
NPD100051635,2021,272291,Westmorland City WWTP,* NPDES,COLORADO RIVER BASIN RWQCB (REGION 7),N,NaN,WWTP,4/25/2022,33.037306,-115.630083
NPD100051635,2022,272291,Westmorland City WWTP,* NPDES,COLORADO RIVER BASIN RWQCB (REGION 7),N,NaN,WWTP,6/14/2023,33.037306,-115.630083
NPD100051566,2019,272631,Williams WWTP,* NPDES,CENTRAL VALLEY RWQCB (REGION 5S),N,NaN,WWTP,3/25/2020,39.1675,-122.153611
NPD100051566,2020,272631,Williams WWTP,* NPDES,CENTRAL VALLEY RWQCB (REGION 5S),N,NaN,WWTP,4/7/2021,39.1675,-122.153611
NPD100051566,2022,272631,Williams WWTP,* NPDES,CENTRAL VALLEY RWQCB (REGION 5S),N,NaN,WWTP,4/28/2023,39.1675,-122.153611
NPD100051569,2019,272646,Willits City WWTP,* NPDES,NORTH COAST RWQCB (REGION 1),Y,N,WWTP RW,6/19/2020,39.40937,-123.34698
NPD100051569,2020,272646,Willits City WWTP,* NPDES,NORTH COAST RWQCB (REGION 1),Y,N,WWTP RW,2/11/2021,39.40937,-123.34698
NPD100051569,2021,272646,Willits City WWTP,* NPDES,NORTH COAST RWQCB (REGION 1),Y,N,WWTP RW,2/15/2022,39.40937,-123.34698
NPD100051569,2022,272646,Willits City WWTP,* NPDES,NORTH COAST RWQCB (REGION 1),Y,N,WWTP RW,2/10/2023,39.40937,-123.34698
NPD100051605,2019,272704,Willows Wastewater Treatment Plant,* NPDES,CENTRAL VALLEY RWQCB (REGION 5R),N,NaN,WWTP,3/11/2020,39.502178,-122.192433
NPD100051605,2020,272704,Willows Wastewater Treatment Plant,* NPDES,CENTRAL VALLEY RWQCB (REGION 5R),N,NaN,WWTP,1/21/2021,39.502178,-122.192433
NPD100051605,2021,272704,Willows Wastewater Treatment Plant,* NPDES,CENTRAL VALLEY RWQCB (REGION 5R),N,NaN,WWTP,1/3/2022,39.502178,-122.192433
NPD100051605,2022,272704,Willows Wastewater Treatment Plant,* NPDES,CENTRAL VALLEY RWQCB (REGION 5R),N,NaN,WWTP,1/10/2023,39.502178,-122.192433
NPD100051545,2019,272790,"Windsor Wastewater Treatment, Reclamation, and Disposal Facility",* NPDES,NORTH COAST RWQCB (REGION 1),Y,N,WWTP RW,4/22/2020,38.538307,-122.816771
NPD100051545,2020,272790,"Windsor Wastewater Treatment, Reclamation, and Disposal Facility",* NPDES,NORTH COAST RWQCB (REGION 1),Y,N,WWTP RW,4/19/2021,38.538307,-122.816771
NPD100051545,2021,272790,"Windsor Wastewater Treatment, Reclamation, and Disposal Facility",* NPDES,NORTH COAST RWQCB (REGION 1),Y,N,WWTP RW,4/14/2022,38.538307,-122.816771
NPD100051545,2022,272790,"Windsor Wastewater Treatment, Reclamation, and Disposal Facility",* NPDES,NORTH COAST RWQCB (REGION 1),Y,N,WWTP RW,4/24/2023,38.538307,-122.816771
NPD100051543,2019,272960,Woodland Water Pollution Control Facility,* NPDES,CENTRAL VALLEY RWQCB (REGION 5S),Y,N,WWTP RW,3/8/2021,38.66169,-121.7136
NPD100051543,2020,272960,Woodland Water Pollution Control Facility,* NPDES,CENTRAL VALLEY RWQCB (REGION 5S),Y,N,WWTP RW,3/8/2021,38.66169,-121.7136
NPD100051543,2021,272960,Woodland Water Pollution Control Facility,* NPDES,CENTRAL VALLEY RWQCB (REGION 5S),Y,N,WWTP RW,1/10/2022,38.66169,-121.7136
NPD100051543,2022,272960,Woodland Water Pollution Control Facility,* NPDES,CENTRAL VALLEY RWQCB (REGION 5S),Y,N,WWTP RW,2/2/2023,38.66169,-121.7136
NPD100051594,2019,273161,Bear Valley CSD WWTP,* NPDES,CENTRAL VALLEY RWQCB (REGION 5F),Y,N,WWTP RW,6/29/2020,35.16531,-118.6662
NPD100051594,2020,273161,Bear Valley CSD WWTP,* NPDES,CENTRAL VALLEY RWQCB (REGION 5F),Y,N,WWTP RW,4/5/2021,35.16531,-118.6662
NPD100051594,2021,273161,Bear Valley CSD WWTP,* NPDES,CENTRAL VALLEY RWQCB (REGION 5F),Y,N,WWTP RW,4/18/2022,35.16531,-118.6662
NPD100051594,2022,273161,Bear Valley CSD WWTP,* NPDES,CENTRAL VALLEY RWQCB (REGION 5F),Y,N,WWTP RW,4/27/2023,35.16531,-118.6662
NPD100051611,2019,273166,Cutler-Orosi WWTF,* NPDES,CENTRAL VALLEY RWQCB (REGION 5F),Y,N,WWTP RW,5/4/2020,36.52323,-119.30489
NPD100051611,2020,273166,Cutler-Orosi WWTF,* NPDES,CENTRAL VALLEY RWQCB (REGION 5F),Y,N,WWTP RW,4/30/2021,36.52323,-119.30489
NPD100051611,2021,273166,Cutler-Orosi WWTF,* NPDES,CENTRAL VALLEY RWQCB (REGION 5F),Y,N,WWTP RW,3/19/2022,36.52323,-119.30489
NPD100051611,2022,273166,Cutler-Orosi WWTF,* NPDES,CENTRAL VALLEY RWQCB (REGION 5F),N,NaN,WWTP,3/31/2023,36.52323,-119.30489
NPD100051500,2019,273191,Stallion Springs WWTF,* NPDES,CENTRAL VALLEY RWQCB (REGION 5F),N,NaN,WWTP,8/7/2020,35.08252,-118.637492
NPD100051500,2021,273191,Stallion Springs WWTF,* NPDES,CENTRAL VALLEY RWQCB (REGION 5F),N,NaN,WWTP,1/10/2022,35.08252,-118.637492
NPD100051500,2020,273191,Stallion Springs WWTF,* NPDES,CENTRAL VALLEY RWQCB (REGION 5F),N,NaN,WWTP,1/18/2021,35.08252,-118.637492
NPD100051500,2022,273191,Stallion Springs WWTF,* NPDES,CENTRAL VALLEY RWQCB (REGION 5F),N,NaN,WWTP,2/15/2023,35.08252,-118.637492
NPD100051490,2019,273207,Mariposa WWTP,* NPDES,CENTRAL VALLEY RWQCB (REGION 5F),N,NaN,WWTP,4/24/2020,37.479169,-119.959518
NPD100051490,2020,273207,Mariposa WWTP,* NPDES,CENTRAL VALLEY RWQCB (REGION 5F),Y,N,WWTP RW,4/27/2021,37.479169,-119.959518
NPD100051490,2021,273207,Mariposa WWTP,* NPDES,CENTRAL VALLEY RWQCB (REGION 5F),Y,N,WWTP RW,4/13/2022,37.479169,-119.959518
NPD100051490,2022,273207,Mariposa WWTP,* NPDES,CENTRAL VALLEY RWQCB (REGION 5F),Y,N,WWTP RW,4/5/2023,37.479169,-119.959518
NPD100051568,2019,274410,Yountville / CA Vets Home WWTP,* NPDES,SAN FRANCISCO BAY RWQCB (REGION 2),Y,N,WWTP RW,4/22/2020,38.393512,-122.355478
NPD100051568,2020,274410,Yountville / CA Vets Home WWTP,* NPDES,SAN FRANCISCO BAY RWQCB (REGION 2),Y,N,WWTP RW,4/29/2021,38.393512,-122.355478
NPD100051568,2021,274410,Yountville / CA Vets Home WWTP,* NPDES,SAN FRANCISCO BAY RWQCB (REGION 2),Y,N,WWTP RW,4/29/2022,38.393512,-122.355478
NPD100051568,2022,274410,Yountville / CA Vets Home WWTP,* NPDES,SAN FRANCISCO BAY RWQCB (REGION 2),Y,N,WWTP RW,4/28/2023,38.393512,-122.355478
NPD100051606,2019,274556,Yuba City WWTF,* NPDES,CENTRAL VALLEY RWQCB (REGION 5S),N,NaN,WWTP,5/27/2020,39.108603,-121.612298
NPD100051606,2021,274556,Yuba City WWTF,* NPDES,CENTRAL VALLEY RWQCB (REGION 5S),N,NaN,WWTP,4/4/2022,39.108603,-121.612298
NPD100051606,2020,274556,Yuba City WWTF,* NPDES,CENTRAL VALLEY RWQCB (REGION 5S),N,NaN,WWTP,1/8/2021,39.108603,-121.612298
NPD100051606,2022,274556,Yuba City WWTF,* NPDES,CENTRAL VALLEY RWQCB (REGION 5S),N,NaN,WWTP,1/19/2023,39.108603,-121.612298
NPD100051644,2019,846487,American Valley WWTP,* NPDES,CENTRAL VALLEY RWQCB (REGION 5R),Y,N,WWTP RW,6/29/2020,39.95014,-120.93692
NPD100051644,2021,846487,American Valley WWTP,* NPDES,CENTRAL VALLEY RWQCB (REGION 5R),Y,N,WWTP RW,3/16/2022,39.95014,-120.93692
NPD100051644,2020,846487,American Valley WWTP,* NPDES,CENTRAL VALLEY RWQCB (REGION 5R),Y,N,WWTP RW,6/8/2022,39.95014,-120.93692
NPD100051644,2022,846487,American Valley WWTP,* NPDES,CENTRAL VALLEY RWQCB (REGION 5R),N,NaN,WWTP,4/17/2023,39.95014,-120.93692
NPD100051516,2019,255802,Sausalito Marin City STP,* NPDES,SAN FRANCISCO BAY RWQCB (REGION 2),N,NaN,WWTP,7/27/2020,37.84354,-122.4771
NPD100051516,2021,255802,Sausalito Marin City STP,* NPDES,SAN FRANCISCO BAY RWQCB (REGION 2),N,NaN,WWTP,2/17/2022,37.84354,-122.4771
NPD100051516,2020,255802,Sausalito Marin City STP,* NPDES,SAN FRANCISCO BAY RWQCB (REGION 2),N,NaN,WWTP,4/19/2021,37.84354,-122.4771
NPD100051516,2022,255802,Sausalito Marin City STP,* NPDES,SAN FRANCISCO BAY RWQCB (REGION 2),N,NaN,WWTP,8/21/2023,37.84354,-122.4771
WDR100045342,2019,239343,City of Manteca WW Quality Control Facility,* WDR Site,CENTRAL VALLEY RWQCB (REGION 5S),Y,N,WWTP RW,3/17/2020,37.79559,-121.26001
WDR100045342,2020,239343,City of Manteca WW Quality Control Facility,* WDR Site,CENTRAL VALLEY RWQCB (REGION 5S),Y,N,WWTP RW,1/14/2021,37.79559,-121.26001
WDR100045342,2021,239343,City of Manteca WW Quality Control Facility,* WDR Site,CENTRAL VALLEY RWQCB (REGION 5S),Y,N,WWTP RW,1/10/2022,37.79559,-121.26001
WDR100045342,2022,239343,City of Manteca WW Quality Control Facility,* WDR Site,CENTRAL VALLEY RWQCB (REGION 5S),Y,N,WWTP RW,1/6/2023,37.79559,-121.26001
WDR100051713,2019,864895,Sharon Heights Recycled Water Facility,* WDR Site,SAN FRANCISCO BAY RWQCB (REGION 2),N,NaN,WWTP,2/3/2021,37.420958,-122.222433
WDR100051713,2021,864895,Sharon Heights Recycled Water Facility,* WDR Site,SAN FRANCISCO BAY RWQCB (REGION 2),Y,N,WWTP RW,2/22/2022,37.420958,-122.222433
WDR100051713,2020,864895,Sharon Heights Recycled Water Facility,* WDR Site,SAN FRANCISCO BAY RWQCB (REGION 2),Y,N,WWTP RW,4/26/2021,37.420958,-122.222433
WDR100051713,2022,864895,Sharon Heights Recycled Water Facility,* WDR Site,SAN FRANCISCO BAY RWQCB (REGION 2),Y,N,WWTP RW,1/24/2023,37.420958,-122.222433
WDR100046414,2019,241598,Mountain House WWTP,* WDR Site,CENTRAL VALLEY RWQCB (REGION 5S),N,NaN,WWTP,7/10/2020,37.78031,-121.51736
WDR100046414,2020,241598,Mountain House WWTP,* WDR Site,CENTRAL VALLEY RWQCB (REGION 5S),N,NaN,WWTP,4/29/2021,37.78031,-121.51736
WDR100046414,2021,241598,Mountain House WWTP,* WDR Site,CENTRAL VALLEY RWQCB (REGION 5S),Y,N,WWTP RW,4/20/2022,37.78031,-121.51736
NPD100051797,2019,252657,Richmond WPCP,* NPDES,SAN FRANCISCO BAY RWQCB (REGION 2),N,NaN,WWTP,4/10/2020,37.920896,-122.378081
NPD100051797,2020,252657,Richmond WPCP,* NPDES,SAN FRANCISCO BAY RWQCB (REGION 2),N,NaN,WWTP,2/18/2021,37.920896,-122.378081
NPD100051797,2021,252657,Richmond WPCP,* NPDES,SAN FRANCISCO BAY RWQCB (REGION 2),N,NaN,WWTP,2/8/2022,37.920896,-122.378081
NPD100051798,2019,272082,West County WW District WPCP,* NPDES,SAN FRANCISCO BAY RWQCB (REGION 2),Y,N,WWTP RW,6/19/2020,37.96647,-122.37629
NPD100051798,2020,272082,West County WW District WPCP,* NPDES,SAN FRANCISCO BAY RWQCB (REGION 2),N,NaN,WWTP,3/23/2021,37.96647,-122.37629
NPD100051798,2021,272082,West County WW District WPCP,* NPDES,SAN FRANCISCO BAY RWQCB (REGION 2),N,NaN,WWTP,3/21/2022,37.96647,-122.37629
NPD100051798,2022,272082,West County WW District WPCP,* NPDES,SAN FRANCISCO BAY RWQCB (REGION 2),N,NaN,WWTP,4/8/2023,37.96647,-122.37629
NPD100051845,2019,243858,Napa Sanitation District WWTP (Soscol Water Recycling Facility),* NPDES,SAN FRANCISCO BAY RWQCB (REGION 2),Y,N,WWTP RW,9/23/2020,38.23651,-122.28434
NPD100051845,2020,243858,Napa Sanitation District WWTP (Soscol Water Recycling Facility),* NPDES,SAN FRANCISCO BAY RWQCB (REGION 2),Y,N,WWTP RW,2/26/2021,38.23651,-122.28434
NPD100051845,2021,243858,Napa Sanitation District WWTP (Soscol Water Recycling Facility),* NPDES,SAN FRANCISCO BAY RWQCB (REGION 2),Y,N,WWTP RW,3/7/2022,38.23651,-122.28434
NPD100051845,2022,243858,Napa Sanitation District WWTP (Soscol Water Recycling Facility),* NPDES,SAN FRANCISCO BAY RWQCB (REGION 2),Y,N,WWTP RW,1/26/2023,38.23651,-122.28434
NPD100051861,2019,236649,Latham WWP,* NPDES,SAN DIEGO RWQCB (REGION 9),N,NaN,WWTP,6/30/2020,33.466838,-117.685495
NPD100051861,2020,236649,Latham WWP,* NPDES,SAN DIEGO RWQCB (REGION 9),N,NaN,WWTP,4/30/2021,33.466838,-117.685495
NPD100051861,2021,236649,Latham WWP,* NPDES,SAN DIEGO RWQCB (REGION 9),N,NaN,WWTP,4/28/2022,33.466838,-117.685495
NPD100051861,2022,236649,Latham WWP,* NPDES,SAN DIEGO RWQCB (REGION 9),N,NaN,WWTP,4/3/2023,33.466838,-117.685495
NPD100051862,2019,259158,OCSD Plant 2,* NPDES,SANTA ANA RWQCB (REGION 8),N,NaN,WWTP,4/22/2020,33.63745,-117.96124
NPD100051862,2020,259158,OCSD Plant 2,* NPDES,SANTA ANA RWQCB (REGION 8),N,NaN,WWTP,3/26/2021,33.63745,-117.96124
NPD100051862,2021,259158,OCSD Plant 2,* NPDES,SANTA ANA RWQCB (REGION 8),N,NaN,WWTP,3/9/2022,33.63745,-117.96124
NPD100051862,2022,259158,OCSD Plant 2,* NPDES,SANTA ANA RWQCB (REGION 8),N,NaN,WWTP,2/13/2023,33.63745,-117.96124
WDR100047175,2019,220548,Donner Summit PUD WWTP,* WDR Site,CENTRAL VALLEY RWQCB (REGION 5S),Y,N,WWTP RW,9/24/2020,39.32606,-120.39329
WDR100047175,2021,220548,Donner Summit PUD WWTP,* WDR Site,CENTRAL VALLEY RWQCB (REGION 5S),Y,N,WWTP RW,4/26/2022,39.32606,-120.39329
WDR100047175,2020,220548,Donner Summit PUD WWTP,* WDR Site,CENTRAL VALLEY RWQCB (REGION 5S),Y,N,WWTP RW,4/29/2021,39.32606,-120.39329
WDR100047175,2022,220548,Donner Summit PUD WWTP,* WDR Site,CENTRAL VALLEY RWQCB (REGION 5S),Y,N,WWTP RW,3/8/2023,39.32606,-120.39329
WDR100028634,2019,223010,Eureka City Elk River WWTP,* WDR Site,NORTH COAST RWQCB (REGION 1),N,NaN,WWTP,4/10/2020,40.77237,-124.19514
WDR100028634,2020,223010,Eureka City Elk River WWTP,* WDR Site,NORTH COAST RWQCB (REGION 1),N,NaN,WWTP,4/5/2021,40.77237,-124.19514
WDR100028634,2021,223010,Eureka City Elk River WWTP,* WDR Site,NORTH COAST RWQCB (REGION 1),N,NaN,WWTP,3/21/2022,40.77237,-124.19514
WDR100028634,2022,223010,Eureka City Elk River WWTP,* WDR Site,NORTH COAST RWQCB (REGION 1),N,NaN,WWTP,4/14/2023,40.77237,-124.19514
WDR100030311,2019,201068,Madera Cnty #2-Bass Lake WWTF,* WDR Site,CENTRAL VALLEY RWQCB (REGION 5F),N,NaN,WWTP,4/13/2020,37.3393,-119.58306
WDR100030311,2020,201068,Madera Cnty #2-Bass Lake WWTF,* WDR Site,CENTRAL VALLEY RWQCB (REGION 5F),N,NaN,WWTP,2/17/2021,37.3393,-119.58306
WDR100030311,2021,201068,Madera Cnty #2-Bass Lake WWTF,* WDR Site,CENTRAL VALLEY RWQCB (REGION 5F),N,NaN,WWTP,3/28/2022,37.3393,-119.58306
WDR100030311,2022,201068,Madera Cnty #2-Bass Lake WWTF,* WDR Site,CENTRAL VALLEY RWQCB (REGION 5F),N,NaN,WWTP,2/13/2023,37.3393,-119.58306
WDR100048213,2020,240864,Mineral WWTP,* WDR Site,CENTRAL VALLEY RWQCB (REGION 5R),N,NaN,WWTP,8/3/2022,40.34833,-121.62444
WDR100048213,2021,240864,Mineral WWTP,* WDR Site,CENTRAL VALLEY RWQCB (REGION 5R),N,NaN,WWTP,8/3/2022,40.34833,-121.62444
WDR100048213,2022,240864,Mineral WWTP,* WDR Site,CENTRAL VALLEY RWQCB (REGION 5R),N,NaN,WWTP,3/21/2023,40.34833,-121.62444
WDR100047360,2019,273180,Malaga CWD WWTF,* WDR Site,CENTRAL VALLEY RWQCB (REGION 5F),N,NaN,WWTP,6/18/2020,36.680154,-119.745713
WDR100047360,2020,273180,Malaga CWD WWTF,* WDR Site,CENTRAL VALLEY RWQCB (REGION 5F),N,NaN,WWTP,2/18/2021,36.680154,-119.745713
WDR100047360,2021,273180,Malaga CWD WWTF,* WDR Site,CENTRAL VALLEY RWQCB (REGION 5F),N,NaN,WWTP,8/14/2023,36.680154,-119.745713
WDR100047360,2022,273180,Malaga CWD WWTF,* WDR Site,CENTRAL VALLEY RWQCB (REGION 5F),N,NaN,WWTP,8/14/2023,36.680154,-119.745713
WDR100037401,2019,266795,Twain Harte WWTP,* WDR Site,CENTRAL VALLEY RWQCB (REGION 5F),N,NaN,WWTP,3/25/2020,38.030985,-120.256779
WDR100037401,2020,266795,Twain Harte WWTP,* WDR Site,CENTRAL VALLEY RWQCB (REGION 5F),N,NaN,WWTP,4/28/2021,38.030985,-120.256779
WDR100037401,2021,266795,Twain Harte WWTP,* WDR Site,CENTRAL VALLEY RWQCB (REGION 5F),Y,N,WWTP RW,4/21/2022,38.030985,-120.256779
WDR100037401,2022,266795,Twain Harte WWTP,* WDR Site,CENTRAL VALLEY RWQCB (REGION 5F),N,NaN,WWTP,3/31/2023,38.030985,-120.256779
NPD100051521,2019,259205,WRCRWA Regional WWRF,* NPDES,SANTA ANA RWQCB (REGION 8),Y,N,WWTP RW,8/27/2020,33.93153,-117.60594
NPD100051521,2020,259205,WRCRWA Regional WWRF,* NPDES,SANTA ANA RWQCB (REGION 8),Y,N,WWTP RW,4/29/2021,33.93153,-117.60594
NPD100051521,2021,259205,WRCRWA Regional WWRF,* NPDES,SANTA ANA RWQCB (REGION 8),Y,N,WWTP RW,4/28/2022,33.93153,-117.60594
NPD100051521,2022,259205,WRCRWA Regional WWRF,* NPDES,SANTA ANA RWQCB (REGION 8),Y,N,WWTP RW,4/27/2023,33.93153,-117.60594
WDR100032922,2019,245775,Oceana Marin (North Marin CWD),* WDR Site,NORTH COAST RWQCB (REGION 1),N,NaN,WWTP,6/11/2020,38.25667,-122.95904
WDR100032922,2020,245775,Oceana Marin (North Marin CWD),* WDR Site,NORTH COAST RWQCB (REGION 1),N,NaN,WWTP,4/14/2021,38.25667,-122.95904
WDR100032922,2021,245775,Oceana Marin (North Marin CWD),* WDR Site,NORTH COAST RWQCB (REGION 1),N,NaN,WWTP,4/20/2022,38.25667,-122.95904
WDR100032922,2022,245775,Oceana Marin (North Marin CWD),* WDR Site,NORTH COAST RWQCB (REGION 1),N,NaN,WWTP,4/27/2023,38.25667,-122.95904
NPD100052058,2019,222758,Encina Water Pollution Control Facility,* NPDES,SAN DIEGO RWQCB (REGION 9),N,NaN,WWTP,5/28/2020,33.11658,-117.32166
NPD100052058,2021,222758,Encina Water Pollution Control Facility,* NPDES,SAN DIEGO RWQCB (REGION 9),N,NaN,WWTP,3/3/2022,33.11658,-117.32166
NPD100052058,2020,222758,Encina Water Pollution Control Facility,* NPDES,SAN DIEGO RWQCB (REGION 9),N,NaN,WWTP,3/25/2021,33.11658,-117.32166
NPD100052058,2022,222758,Encina Water Pollution Control Facility,* NPDES,SAN DIEGO RWQCB (REGION 9),N,NaN,WWTP,3/23/2023,33.11658,-117.32166
NPD100052059,2019,236019,"La Salina WWTP, Oceanside Ocean Outfall",* NPDES,SAN DIEGO RWQCB (REGION 9),N,NaN,WWTP,7/23/2020,33.179992,-117.370735
NPD100052059,2020,236019,"La Salina WWTP, Oceanside Ocean Outfall",* NPDES,SAN DIEGO RWQCB (REGION 9),N,NaN,WWTP,4/27/2021,33.179992,-117.370735
NPD100052059,2021,236019,"La Salina WWTP, Oceanside Ocean Outfall",* NPDES,SAN DIEGO RWQCB (REGION 9),N,NaN,WWTP,4/27/2022,33.179992,-117.370735
NPD100052059,2022,236019,"La Salina WWTP, Oceanside Ocean Outfall",* NPDES,SAN DIEGO RWQCB (REGION 9),N,NaN,WWTP,4/30/2023,33.179992,-117.370735
NPD100052060,2019,241540,SOCWA - 3A Treatment Plant,* NPDES,SAN DIEGO RWQCB (REGION 9),Y,N,WWTP RW,6/30/2020,33.570296,-117.673718
NPD100052060,2020,241540,SOCWA - 3A Treatment Plant,* NPDES,SAN DIEGO RWQCB (REGION 9),Y,N,WWTP RW,4/30/2021,33.570296,-117.673718
NPD100052060,2021,241540,SOCWA - 3A Treatment Plant,* NPDES,SAN DIEGO RWQCB (REGION 9),Y,N,WWTP RW,4/29/2022,33.570296,-117.673718
NPD100052060,2022,241540,SOCWA - 3A Treatment Plant,* NPDES,SAN DIEGO RWQCB (REGION 9),Y,N,WWTP RW,4/3/2023,33.570296,-117.673718
NPD100052061,2019,269989,Vallecitos WD Meadowlark WRP,* NPDES,SAN DIEGO RWQCB (REGION 9),Y,N,WWTP RW,6/29/2020,33.10342,-117.22802
NPD100052061,2020,269989,Vallecitos WD Meadowlark WRP,* NPDES,SAN DIEGO RWQCB (REGION 9),Y,N,WWTP RW,5/12/2021,33.10342,-117.22802
NPD100052061,2021,269989,Vallecitos WD Meadowlark WRP,* NPDES,SAN DIEGO RWQCB (REGION 9),Y,N,WWTP RW,5/5/2022,33.10342,-117.22802
NPD100052061,2022,269989,Vallecitos WD Meadowlark WRP,* NPDES,SAN DIEGO RWQCB (REGION 9),Y,N,WWTP RW,4/26/2023,33.10342,-117.22802
NPD100052063,2019,758392,OCSD Plant 1,* NPDES,SANTA ANA RWQCB (REGION 8),N,NaN,WWTP,5/13/2020,33.69189,-117.93927
NPD100052063,2020,758392,OCSD Plant 1,* NPDES,SANTA ANA RWQCB (REGION 8),N,NaN,WWTP,3/26/2021,33.69189,-117.93927
NPD100052063,2021,758392,OCSD Plant 1,* NPDES,SANTA ANA RWQCB (REGION 8),N,NaN,WWTP,3/9/2022,33.69189,-117.93927
NPD100052063,2022,758392,OCSD Plant 1,* NPDES,SANTA ANA RWQCB (REGION 8),N,NaN,WWTP,2/13/2023,33.69189,-117.93927
NPD100052065,2019,792221,City of San Clemente Segunda Deshecha Runoff Plant,* NPDES,SAN DIEGO RWQCB (REGION 9),N,NaN,WWTP,6/30/2020,33.43406,-117.63111
NPD100052065,2020,792221,City of San Clemente Segunda Deshecha Runoff Plant,* NPDES,SAN DIEGO RWQCB (REGION 9),N,NaN,WWTP,4/30/2021,33.43406,-117.63111
NPD100052065,2021,792221,City of San Clemente Segunda Deshecha Runoff Plant,* NPDES,SAN DIEGO RWQCB (REGION 9),N,NaN,WWTP,4/28/2022,33.43406,-117.63111
NPD100052065,2022,792221,City of San Clemente Segunda Deshecha Runoff Plant,* NPDES,SAN DIEGO RWQCB (REGION 9),N,NaN,WWTP,4/3/2023,33.43406,-117.63111
WDR100052066,2019,244174,New Don Pedro WW Facilities,* WDR Site,CENTRAL VALLEY RWQCB (REGION 5F),N,NaN,WWTP,7/4/2020,37.83349,-120.33769
WDR100052066,2021,244174,New Don Pedro WW Facilities,* WDR Site,CENTRAL VALLEY RWQCB (REGION 5F),N,NaN,WWTP,3/2/2022,37.83349,-120.33769
WDR100052066,2020,244174,New Don Pedro WW Facilities,* WDR Site,CENTRAL VALLEY RWQCB (REGION 5F),N,NaN,WWTP,2/16/2021,37.83349,-120.33769
WDR100052066,2022,244174,New Don Pedro WW Facilities,* WDR Site,CENTRAL VALLEY RWQCB (REGION 5F),N,NaN,WWTP,3/1/2023,37.83349,-120.33769
WDR100026775,2019,638334,Southern Regional Tertiary Treatment Plant,* WDR Site,SAN DIEGO RWQCB (REGION 9),Y,N,WWTP RW,5/7/2020,33.23019,-117.39245
WDR100026775,2021,638334,Southern Regional Tertiary Treatment Plant,* WDR Site,SAN DIEGO RWQCB (REGION 9),Y,N,WWTP RW,1/10/2022,33.23019,-117.39245
WDR100026775,2020,638334,Southern Regional Tertiary Treatment Plant,* WDR Site,SAN DIEGO RWQCB (REGION 9),Y,N,WWTP RW,1/13/2021,33.23019,-117.39245
WDR100026775,2022,638334,Southern Regional Tertiary Treatment Plant,* WDR Site,SAN DIEGO RWQCB (REGION 9),Y,N,WWTP RW,1/11/2023,33.23019,-117.39245
WDR100028656,2019,220932,Desert Water Agency Recycled Water Facility,* WDR Site,COLORADO RIVER BASIN RWQCB (REGION 7),Y,Y,RWP,4/20/2020,33.80406,-116.48824
WDR100028656,2020,220932,Desert Water Agency Recycled Water Facility,* WDR Site,COLORADO RIVER BASIN RWQCB (REGION 7),Y,Y,RWP,4/28/2021,33.80406,-116.48824
WDR100028656,2021,220932,Desert Water Agency Recycled Water Facility,* WDR Site,COLORADO RIVER BASIN RWQCB (REGION 7),Y,Y,RWP,4/29/2022,33.80406,-116.48824
WDR100028656,2022,220932,Desert Water Agency Recycled Water Facility,* WDR Site,COLORADO RIVER BASIN RWQCB (REGION 7),Y,Y,RWP,5/1/2023,33.80406,-116.48824
WDR100036834,2020,273195,Tranquillity WWTF,* WDR Site,CENTRAL VALLEY RWQCB (REGION 5F),N,NaN,WWTP,1/4/2022,36.65329,-120.23979
WDR100036834,2021,273195,Tranquillity WWTF,* WDR Site,CENTRAL VALLEY RWQCB (REGION 5F),N,NaN,WWTP,1/11/2022,36.65329,-120.23979
WDR100036834,2022,273195,Tranquillity WWTF,* WDR Site,CENTRAL VALLEY RWQCB (REGION 5F),N,NaN,WWTP,8/15/2023,36.65329,-120.23979
NPD100053595,2021,824400,Cayucos SD WWTP,* NPDES,CENTRAL COAST RWQCB (REGION 3),N,NaN,WWTP,2/17/2022,35.4274,-120.85405
NPD100053595,2020,824400,Cayucos SD WWTP,* NPDES,CENTRAL COAST RWQCB (REGION 3),N,NaN,WWTP,3/19/2021,35.4274,-120.85405
NPD100053595,2022,824400,Cayucos SD WWTP,* NPDES,CENTRAL COAST RWQCB (REGION 3),N,NaN,WWTP,2/6/2023,35.4274,-120.85405
NPD100055679,2022,882248,City of Morro Bay Water Reclamation Facility,* NPDES,CENTRAL COAST RWQCB (REGION 3),N,NaN,WWTP,4/28/2023,35.36495,-120.82323
